fluorenone_mmol,catalyst,catalyst_loading_mol_pct,electrolyte,electrolyte_equiv,PPh3_equiv,benzyl_alcohol_equiv,solvent_ratio,solvent_total_mL,yield_percent,selectivity_percent,charge_F_per_mol,priority,yield_percent_predicted_mean,yield_percent_predicted_std_dev,yield_percent_expected_improvement,selectivity_percent_predicted_mean,selectivity_percent_predicted_std_dev,selectivity_percent_expected_improvement,charge_F_per_mol_predicted_mean,charge_F_per_mol_predicted_std_dev,charge_F_per_mol_expected_improvement
1.0,4-hydroxy-TEMPO,15,n-Bu4NBF4,0.2,1.0,1.0,MeCN:EtOAc=5:5,10.0,PENDING,PENDING,PENDING,1.0,59.49441422179558,14.2917475152563,2.7475558083808025,67.21575651720649,6.333821683624226,1.2169880282407903,1.7408711939949209,0.37662177057250545,3.270871193994921
1.0,4-hydroxy-TEMPO,15,n-Bu4NBF4,0.1,1.0,2.0,MeCN:EtOAc=5:5,10.0,PENDING,PENDING,PENDING,1.0,59.62213955740231,14.247785660291502,2.7709505264259753,67.03500797921362,6.324303981604384,1.1600200485634746,1.731405146370751,0.3755664994284391,3.261405146370751
1.0,4-hydroxy-TEMPO,10,n-Bu4NBF4,0.2,1.0,2.0,MeCN:EtOAc=5:5,10.0,PENDING,PENDING,PENDING,1.0,65.7954731469643,5.5663921117898125,1.7119807085685428,69.55245785615882,2.1808716410791504,0.4771226325188944,1.6127948123608196,0.1376877733932126,3.14279481236082
1.0,4-hydroxy-TEMPO,10,n-Bu4NBF4,0.2,1.0,1.0,MeCN:EtOAc=5:5,10.0,PENDING,PENDING,PENDING,1.0,65.7954731469643,5.5663921117898125,1.7119807085685428,69.55245785615882,2.1808716410791504,0.4771226325188944,1.6127948123608196,0.1376877733932126,3.14279481236082
1.0,4-hydroxy-TEMPO,5,n-Bu4NBF4,0.2,1.0,1.5,MeCN:EtOAc=5:5,10.0,PENDING,PENDING,PENDING,1.0,59.52868530382648,14.265006559249771,2.7485886972871754,67.22745311205757,6.321573320027774,1.2162499932843631,1.7402303179492347,0.3759048751456033,3.2702303179492347
1.0,4-hydroxy-TEMPO,5,n-Bu4NBF4,0.2,1.0,1.0,MeCN:EtOAc=5:5,10.0,PENDING,PENDING,PENDING,1.0,59.49441422179558,14.2917475152563,2.7475558083808025,67.21575651720649,6.333821683624225,1.2169880282407899,1.7408711939949209,0.37662177057250545,3.270871193994921
1.0,4-hydroxy-TEMPO,5,n-Bu4NBF4,0.1,1.0,2.0,MeCN:EtOAc=5:5,10.0,PENDING,PENDING,PENDING,1.0,59.62213955740231,14.247785660291502,2.7709505264259753,67.03500797921363,6.324303981604384,1.1600200485634784,1.7314051463707507,0.3755664994284391,3.261405146370751
1.0,4-hydroxy-TEMPO,5,n-Bu4NBF4,0.1,1.0,1.0,MeCN:EtOAc=5:5,10.0,PENDING,PENDING,PENDING,1.0,59.62213955740231,14.247785660291502,2.7709505264259753,67.03500797921363,6.324303981604384,1.1600200485634784,1.7314051463707507,0.3755664994284391,3.261405146370751
1.0,TEMPO,15,n-Bu4NOAc,0.2,1.0,2.0,MeCN:EtOAc=7:3,10.0,PENDING,PENDING,PENDING,0.0,53.29569035045627,14.315099146798174,1.3097802915132832,65.48062922866731,6.386169353027934,0.786821144690327,1.8479611676081813,0.3782947978589279,3.3779611676081815
1.0,TEMPO,15,n-Bu4NOAc,0.2,1.0,2.0,MeCN:EtOAc=6:4,10.0,PENDING,PENDING,PENDING,0.0,53.43063540212614,14.232875806282301,1.3119977044482014,65.7022256307018,6.348421389757921,0.8244718931684747,1.848929127469783,0.3761200131604253,3.378929127469783
1.0,TEMPO,15,n-Bu4NOAc,0.2,1.0,2.0,MeCN:EtOAc=5:5,10.0,PENDING,PENDING,PENDING,0.0,53.739401696827116,14.198959145134248,1.3571451742134824,66.32830177018606,6.329317879905012,0.9686231707879751,1.8407729523560392,0.37518847916546366,3.370772952356039
1.0,TEMPO,15,n-Bu4NOAc,0.2,1.0,2.0,MeCN:EtOAc=4:6,10.0,PENDING,PENDING,PENDING,0.0,53.23725871887385,14.22005741178646,1.2758490452812339,65.11365307141641,6.346802910289885,0.6996378111956094,1.8405913800506197,0.37587781393701913,3.3705913800506195
1.0,TEMPO,15,n-Bu4NOAc,0.2,1.0,2.0,MeCN:EtOAc=3:7,10.0,PENDING,PENDING,PENDING,0.0,52.149729804011926,14.260555154916748,1.1124403320090073,64.97350545724858,6.363277072936634,0.6768149406426427,1.8996741222373925,0.378169263513448,3.4296741222373925
1.0,TEMPO,15,n-Bu4NOAc,0.2,1.0,2.0,MeCN:EtOAc=2:8,10.0,PENDING,PENDING,PENDING,0.0,53.25510105030758,14.207558513989325,1.2757098086948107,65.47664525106158,6.339460235892055,0.7723164761140886,1.8484846331280962,0.37547284270123876,3.378484633128096
1.0,TEMPO,15,n-Bu4NOAc,0.2,1.0,1.5,MeCN:EtOAc=7:3,10.0,PENDING,PENDING,PENDING,0.0,53.285737403955395,14.288800018152571,1.3014101709765016,65.47965234655253,6.374744433412715,0.7832657555698164,1.8480901668765235,0.3776046792433515,3.3780901668765235
1.0,TEMPO,15,n-Bu4NOAc,0.2,1.0,1.5,MeCN:EtOAc=6:4,10.0,PENDING,PENDING,PENDING,0.0,53.421564492259584,14.205345453106977,1.3034301737475005,65.70282997320814,6.3364148366261475,0.8210094838427835,1.8490658377475817,0.3753969599670888,3.3790658377475817
1.0,TEMPO,15,n-Bu4NOAc,0.2,1.0,1.5,MeCN:EtOAc=5:5,10.0,PENDING,PENDING,PENDING,0.0,53.732625029079735,14.170864265960512,1.3486612039951549,66.33357858092812,6.3169955683193635,0.9660123938111838,1.8408492775110525,0.374450110461218,3.3708492775110526
1.0,TEMPO,15,n-Bu4NOAc,0.2,1.0,1.5,MeCN:EtOAc=4:6,10.0,PENDING,PENDING,PENDING,0.0,53.22654928220843,14.192332162797927,1.2670872401307718,65.1099277360618,6.334769967788648,0.6955555847139774,1.8406701014952176,0.375151319763701,3.3706701014952176
1.0,TEMPO,15,n-Bu4NOAc,0.2,1.0,1.5,MeCN:EtOAc=3:7,10.0,PENDING,PENDING,PENDING,0.0,52.131296195907204,14.23343609543228,1.103347239118829,64.96889051714726,6.351515152467509,0.6727129401177927,1.9001766362172816,0.37747914428407786,3.430176636217282
1.0,TEMPO,15,n-Bu4NOAc,0.2,1.0,1.5,MeCN:EtOAc=2:8,10.0,PENDING,PENDING,PENDING,0.0,53.24462264486952,14.179671252686463,1.266942264214324,65.47561667270857,6.327351571043358,0.7685698082092083,1.8486186687069692,0.37474107231434084,3.3786186687069693
1.0,TEMPO,15,n-Bu4NOAc,0.2,1.0,1.0,MeCN:EtOAc=7:3,10.0,PENDING,PENDING,PENDING,0.0,53.29569035045627,14.315099146798177,1.3097802915132841,65.48062922866731,6.386169353027934,0.786821144690327,1.8479611676081813,0.37829479785892794,3.3779611676081815
1.0,TEMPO,15,n-Bu4NOAc,0.2,1.0,1.0,MeCN:EtOAc=6:4,10.0,PENDING,PENDING,PENDING,0.0,53.43063540212615,14.232875806282298,1.3119977044482027,65.7022256307018,6.348421389757921,0.8244718931684747,1.8489291274697828,0.3761200131604253,3.3789291274697826
1.0,TEMPO,15,n-Bu4NOAc,0.2,1.0,1.0,MeCN:EtOAc=5:5,10.0,PENDING,PENDING,PENDING,0.0,53.739401696827116,14.198959145134248,1.3571451742134824,66.32830177018606,6.329317879905012,0.9686231707879751,1.8407729523560392,0.37518847916546366,3.370772952356039
1.0,TEMPO,15,n-Bu4NOAc,0.2,1.0,1.0,MeCN:EtOAc=4:6,10.0,PENDING,PENDING,PENDING,0.0,53.23725871887385,14.22005741178646,1.2758490452812339,65.11365307141641,6.346802910289885,0.6996378111956094,1.8405913800506197,0.37587781393701913,3.3705913800506195
1.0,TEMPO,15,n-Bu4NOAc,0.2,1.0,1.0,MeCN:EtOAc=3:7,10.0,PENDING,PENDING,PENDING,0.0,52.14972980401193,14.260555154916748,1.1124403320090086,64.97350545724858,6.363277072936634,0.6768149406426427,1.8996741222373925,0.378169263513448,3.4296741222373925
1.0,TEMPO,15,n-Bu4NOAc,0.2,1.0,1.0,MeCN:EtOAc=2:8,10.0,PENDING,PENDING,PENDING,0.0,53.25510105030758,14.207558513989323,1.2757098086948102,65.47664525106158,6.339460235892053,0.7723164761140879,1.8484846331280962,0.3754728427012387,3.378484633128096
1.0,TEMPO,15,n-Bu4NOAc,0.1,1.0,2.0,MeCN:EtOAc=7:3,10.0,PENDING,PENDING,PENDING,0.0,53.30737622121242,14.298706353642013,1.3076149710792953,65.28184528968258,6.372049058834306,0.7407630222518728,1.840851246315901,0.37778953983391333,3.370851246315901
1.0,TEMPO,15,n-Bu4NOAc,0.1,1.0,2.0,MeCN:EtOAc=6:4,10.0,PENDING,PENDING,PENDING,0.0,53.445285724974426,14.21156977967202,1.309085866698144,65.50663277683637,6.331896681672409,0.7765446216846192,1.8417340234827275,0.37544875686809276,3.3717340234827278
1.0,TEMPO,15,n-Bu4NOAc,0.1,1.0,2.0,MeCN:EtOAc=5:5,10.0,PENDING,PENDING,PENDING,0.0,53.76163045347937,14.195132194294418,1.3600891814052698,66.13299371715568,6.324782358485883,0.9183714592928953,1.8331375652998527,0.374981695663347,3.3631375652998527
1.0,TEMPO,15,n-Bu4NOAc,0.1,1.0,2.0,MeCN:EtOAc=4:6,10.0,PENDING,PENDING,PENDING,0.0,53.24735587309478,14.198932297122001,1.2722376707400382,64.90535949092495,6.32945907945872,0.6546446620021245,1.8332456518147928,0.375217698129418,3.363245651814793
1.0,TEMPO,15,n-Bu4NOAc,0.1,1.0,2.0,MeCN:EtOAc=3:7,10.0,PENDING,PENDING,PENDING,0.0,52.138296478577345,14.234432402782522,1.1046279116867175,64.7648932261044,6.346100188942169,0.6330108627268844,1.89394031647812,0.37739099834374473,3.42394031647812
1.0,TEMPO,15,n-Bu4NOAc,0.1,1.0,2.0,MeCN:EtOAc=2:8,10.0,PENDING,PENDING,PENDING,0.0,53.26652224702808,14.190441559772136,1.2733279352075257,65.27192343571622,6.3245198205264925,0.7252090363280905,1.8411635603126346,0.37494349905088503,3.3711635603126346
1.0,TEMPO,15,n-Bu4NOAc,0.1,1.0,1.5,MeCN:EtOAc=7:3,10.0,PENDING,PENDING,PENDING,0.0,53.2973612077226,14.272229718677238,1.2991917472246173,65.2794070654544,6.36042474715086,0.7369466301677046,1.840928273792555,0.37709353162233505,3.370928273792555
1.0,TEMPO,15,n-Bu4NOAc,0.1,1.0,1.5,MeCN:EtOAc=6:4,10.0,PENDING,PENDING,PENDING,0.0,53.436179733499685,14.183778188381533,1.3004494024957434,65.50580737091882,6.319647212517006,0.7727887285927046,1.8418178803464482,0.37471695248399045,3.3718178803464482
1.0,TEMPO,15,n-Bu4NOAc,0.1,1.0,1.5,MeCN:EtOAc=5:5,10.0,PENDING,PENDING,PENDING,0.0,53.75489937453892,14.167075812333973,1.3516120330367571,66.13684674416413,6.31241672518592,0.9154289012485313,1.8331563282750194,0.37424249626407685,3.3631563282750196
1.0,TEMPO,15,n-Bu4NOAc,0.1,1.0,1.5,MeCN:EtOAc=4:6,10.0,PENDING,PENDING,PENDING,0.0,53.23655533764193,14.170947542763953,1.2634023359342996,64.90007086824306,6.317168982787082,0.6503364947421668,1.8332700923221825,0.3744826232910195,3.3632700923221828
1.0,TEMPO,15,n-Bu4NOAc,0.1,1.0,1.5,MeCN:EtOAc=3:7,10.0,PENDING,PENDING,PENDING,0.0,52.119556223427,14.206969833512078,1.0954386954072008,64.75871755221783,6.334086809754297,0.6287004679452617,1.8944049877452525,0.37669043817472014,3.4244049877452527
1.0,TEMPO,15,n-Bu4NOAc,0.1,1.0,1.5,MeCN:EtOAc=2:8,10.0,PENDING,PENDING,PENDING,0.0,53.25597057668474,14.162367235786004,1.2645045174554728,65.26937107006748,6.312196413109641,0.7211979503926076,1.8412434208390478,0.3742054817484178,3.371243420839048
1.0,TEMPO,15,n-Bu4NOAc,0.1,1.0,1.0,MeCN:EtOAc=7:3,10.0,PENDING,PENDING,PENDING,0.0,53.30737622121242,14.298706353642013,1.3076149710792953,65.28184528968258,6.372049058834306,0.7407630222518728,1.840851246315901,0.37778953983391333,3.370851246315901
1.0,TEMPO,15,n-Bu4NOAc,0.1,1.0,1.0,MeCN:EtOAc=6:4,10.0,PENDING,PENDING,PENDING,0.0,53.445285724974426,14.21156977967202,1.309085866698144,65.50663277683637,6.331896681672409,0.7765446216846192,1.8417340234827275,0.37544875686809276,3.3717340234827278
1.0,TEMPO,15,n-Bu4NOAc,0.1,1.0,1.0,MeCN:EtOAc=5:5,10.0,PENDING,PENDING,PENDING,0.0,53.76163045347937,14.195132194294418,1.3600891814052698,66.13299371715568,6.324782358485883,0.9183714592928953,1.8331375652998527,0.374981695663347,3.3631375652998527
1.0,TEMPO,15,n-Bu4NOAc,0.1,1.0,1.0,MeCN:EtOAc=4:6,10.0,PENDING,PENDING,PENDING,0.0,53.24735587309478,14.198932297122001,1.2722376707400382,64.90535949092495,6.32945907945872,0.6546446620021245,1.8332456518147928,0.375217698129418,3.363245651814793
1.0,TEMPO,15,n-Bu4NOAc,0.1,1.0,1.0,MeCN:EtOAc=3:7,10.0,PENDING,PENDING,PENDING,0.0,52.13829647857737,14.234432402782522,1.1046279116867193,64.76489322610439,6.346100188942169,0.6330108627268813,1.89394031647812,0.37739099834374473,3.42394031647812
1.0,TEMPO,15,n-Bu4NOAc,0.1,1.0,1.0,MeCN:EtOAc=2:8,10.0,PENDING,PENDING,PENDING,0.0,53.26652224702808,14.190441559772136,1.2733279352075257,65.27192343571622,6.324519820526493,0.725209036328091,1.8411635603126348,0.37494349905088503,3.3711635603126346
1.0,TEMPO,15,n-Bu4NOAc,0.05,1.0,2.0,MeCN:EtOAc=7:3,10.0,PENDING,PENDING,PENDING,0.0,53.33275155807353,14.334183018289787,1.3209904297670487,65.18962148415481,6.387674072064517,0.7263244414684165,1.837186168757402,0.37879822575519845,3.367186168757402
1.0,TEMPO,15,n-Bu4NOAc,0.05,1.0,2.0,MeCN:EtOAc=6:4,10.0,PENDING,PENDING,PENDING,0.0,53.470328014187785,14.24686307840271,1.3224151701037097,65.41232498585961,6.347639892630956,0.761008324893611,1.8380125617689789,0.37644305667571215,3.368012561768979
1.0,TEMPO,15,n-Bu4NOAc,0.05,1.0,2.0,MeCN:EtOAc=5:5,10.0,PENDING,PENDING,PENDING,0.0,53.78573385174892,14.239034189546269,1.3758143007981545,66.0282732686289,6.346181900129672,0.8996461693793858,1.829341945305554,0.3762049601603154,3.359341945305554
1.0,TEMPO,15,n-Bu4NOAc,0.05,1.0,2.0,MeCN:EtOAc=4:6,10.0,PENDING,PENDING,PENDING,0.0,53.27347781609534,14.23473202509208,1.2856579118754334,64.81492039090853,6.344918190191281,0.6419061642173567,1.8295794367084088,0.3762261869032312,3.359579436708409
1.0,TEMPO,15,n-Bu4NOAc,0.05,1.0,2.0,MeCN:EtOAc=3:7,10.0,PENDING,PENDING,PENDING,0.0,52.169434841222184,14.266991972913186,1.1169154646858424,64.67630860797807,6.36112405769005,0.6208946317282451,1.8901078652361367,0.37829004553640005,3.4201078652361367
1.0,TEMPO,15,n-Bu4NOAc,0.05,1.0,2.0,MeCN:EtOAc=2:8,10.0,PENDING,PENDING,PENDING,0.0,53.29280940957018,14.22810061569053,1.2872574732300408,65.17705542570887,6.34106198569058,0.7106711996631738,1.8373892397642697,0.3760135227256677,3.36738923976427
1.0,TEMPO,15,n-Bu4NOAc,0.05,1.0,1.5,MeCN:EtOAc=7:3,10.0,PENDING,PENDING,PENDING,0.0,53.322960177245854,14.308236228007639,1.312703369783736,65.18653191487412,6.376272708907154,0.7224816027192102,1.8372363090561328,0.3781171139605424,3.367236309056133
1.0,TEMPO,15,n-Bu4NOAc,0.05,1.0,1.5,MeCN:EtOAc=6:4,10.0,PENDING,PENDING,PENDING,0.0,53.461443151276676,14.219603301866503,1.3139154455896103,65.41082732939378,6.335617941657724,0.7572160618059682,1.8380689430134134,0.3757260586118265,3.368068943013413
1.0,TEMPO,15,n-Bu4NOAc,0.05,1.0,1.5,MeCN:EtOAc=5:5,10.0,PENDING,PENDING,PENDING,0.0,53.77921374951755,14.211656735028106,1.3675128363351168,66.03134580148907,6.334136960221856,0.8966370306203968,1.82933246791173,0.37548445461717445,3.35933246791173
1.0,TEMPO,15,n-Bu4NOAc,0.05,1.0,1.5,MeCN:EtOAc=4:6,10.0,PENDING,PENDING,PENDING,0.0,53.26291189990956,14.207288396720875,1.2769579293286943,64.80900009521282,6.332851078887088,0.6375936482377722,1.8295769434441451,0.37550616538106685,3.359576943444145
1.0,TEMPO,15,n-Bu4NOAc,0.05,1.0,1.5,MeCN:EtOAc=3:7,10.0,PENDING,PENDING,PENDING,0.0,52.1509794795752,14.240014550629484,1.107832061565421,64.6695184241033,6.349325419000837,0.6165835067252456,1.8905439167082994,0.37760257653834906,3.4205439167082994
1.0,TEMPO,15,n-Bu4NOAc,0.05,1.0,1.5,MeCN:EtOAc=2:8,10.0,PENDING,PENDING,PENDING,0.0,53.28249307764651,14.200599058135825,1.2785765443183013,65.17382553351727,6.328978786209244,0.7066381659713601,1.8374410695491628,0.3752915950576236,3.367441069549163
1.0,TEMPO,15,n-Bu4NOAc,0.05,1.0,1.0,MeCN:EtOAc=7:3,10.0,PENDING,PENDING,PENDING,0.0,53.33275155807353,14.334183018289787,1.3209904297670487,65.18962148415481,6.387674072064517,0.7263244414684165,1.8371861687574018,0.37879822575519845,3.367186168757402
1.0,TEMPO,15,n-Bu4NOAc,0.05,1.0,1.0,MeCN:EtOAc=6:4,10.0,PENDING,PENDING,PENDING,0.0,53.47032801418778,14.24686307840271,1.3224151701037083,65.41232498585961,6.347639892630956,0.761008324893611,1.8380125617689793,0.37644305667571215,3.368012561768979
1.0,TEMPO,15,n-Bu4NOAc,0.05,1.0,1.0,MeCN:EtOAc=5:5,10.0,PENDING,PENDING,PENDING,0.0,53.78573385174892,14.239034189546267,1.3758143007981536,66.0282732686289,6.346181900129672,0.8996461693793858,1.829341945305554,0.3762049601603154,3.359341945305554
1.0,TEMPO,15,n-Bu4NOAc,0.05,1.0,1.0,MeCN:EtOAc=4:6,10.0,PENDING,PENDING,PENDING,0.0,53.27347781609534,14.23473202509208,1.2856579118754334,64.81492039090853,6.344918190191281,0.6419061642173567,1.8295794367084088,0.3762261869032312,3.359579436708409
1.0,TEMPO,15,n-Bu4NOAc,0.05,1.0,1.0,MeCN:EtOAc=3:7,10.0,PENDING,PENDING,PENDING,0.0,52.169434841222184,14.266991972913186,1.1169154646858424,64.67630860797807,6.36112405769005,0.6208946317282451,1.8901078652361367,0.37829004553640005,3.4201078652361367
1.0,TEMPO,15,n-Bu4NOAc,0.05,1.0,1.0,MeCN:EtOAc=2:8,10.0,PENDING,PENDING,PENDING,0.0,53.29280940957018,14.22810061569053,1.2872574732300408,65.17705542570887,6.34106198569058,0.7106711996631738,1.8373892397642697,0.3760135227256677,3.36738923976427
1.0,TEMPO,15,n-Bu4NClO4,0.2,1.0,2.0,MeCN:EtOAc=7:3,10.0,PENDING,PENDING,PENDING,0.0,55.199568981926966,14.322263173692454,1.6708318047303372,65.34314895410907,6.377523565766445,0.75507609901924,1.822711842198704,0.3781441985792832,3.352711842198704
1.0,TEMPO,15,n-Bu4NClO4,0.2,1.0,2.0,MeCN:EtOAc=6:4,10.0,PENDING,PENDING,PENDING,0.0,55.36578837901942,14.216996305287035,1.6752207679264242,65.56078256643224,6.331909736295878,0.7882677855236795,1.8233330956650187,0.3755339958840865,3.3533330956650187
1.0,TEMPO,15,n-Bu4NClO4,0.2,1.0,2.0,MeCN:EtOAc=5:5,10.0,PENDING,PENDING,PENDING,0.0,55.707803843182965,14.203240045624174,1.7437285299760328,66.19300637176097,6.323649996986204,0.9328031606518674,1.8142878344439455,0.3750992463732911,3.3442878344439455
1.0,TEMPO,15,n-Bu4NClO4,0.2,1.0,2.0,MeCN:EtOAc=4:6,10.0,PENDING,PENDING,PENDING,0.0,55.16729332791906,14.247041116239044,1.6427445009103585,64.973772351644,6.341777002113189,0.670991186878541,1.8150738311135612,0.37603588725482995,3.3450738311135613
1.0,TEMPO,15,n-Bu4NClO4,0.2,1.0,2.0,MeCN:EtOAc=3:7,10.0,PENDING,PENDING,PENDING,0.0,54.09104624393291,14.285615501484957,1.4435955054647645,64.83475968752887,6.357615297626497,0.6489900634579993,1.875154970293469,0.3782710205641906,3.405154970293469
1.0,TEMPO,15,n-Bu4NClO4,0.2,1.0,2.0,MeCN:EtOAc=2:8,10.0,PENDING,PENDING,PENDING,0.0,55.21681379175538,14.214844346655019,1.6437560126542903,65.33511949164925,6.3302193787859,0.7398343303235297,1.8224750183040515,0.37530925460922876,3.3524750183040517
1.0,TEMPO,15,n-Bu4NClO4,0.2,1.0,1.5,MeCN:EtOAc=7:3,10.0,PENDING,PENDING,PENDING,0.0,55.20384485362039,14.295995613575286,1.664213795783533,65.34117613360516,6.365954600785148,0.7513376053307097,1.822653760736512,0.37745095229032116,3.352653760736512
1.0,TEMPO,15,n-Bu4NClO4,0.2,1.0,1.5,MeCN:EtOAc=6:4,10.0,PENDING,PENDING,PENDING,0.0,55.37128157546034,14.189093272483957,1.6683595720145066,65.56034816844866,6.319619811793667,0.7845587224769124,1.823279062307591,0.3748001675241,3.3532790623075908
1.0,TEMPO,15,n-Bu4NClO4,0.2,1.0,1.5,MeCN:EtOAc=5:5,10.0,PENDING,PENDING,PENDING,0.0,55.715944248201076,14.17512519936808,1.7372609843178117,66.19731401511515,6.31122681818487,0.9299413191973258,1.814163874251418,0.37435866029001624,3.344163874251418
1.0,TEMPO,15,n-Bu4NClO4,0.2,1.0,1.5,MeCN:EtOAc=4:6,10.0,PENDING,PENDING,PENDING,0.0,55.17110675101161,14.219682749839048,1.635754546093628,64.96902570306102,6.329660277921459,0.6667791865442729,1.8149626201966114,0.375311479558239,3.344962620196611
1.0,TEMPO,15,n-Bu4NClO4,0.2,1.0,1.5,MeCN:EtOAc=3:7,10.0,PENDING,PENDING,PENDING,0.0,54.087230935006815,14.258834711123958,1.435749519363637,64.82913611801462,6.345760839895657,0.6447675921786531,1.8754780416684695,0.3775821342847024,3.4054780416684696
1.0,TEMPO,15,n-Bu4NClO4,0.2,1.0,1.5,MeCN:EtOAc=2:8,10.0,PENDING,PENDING,PENDING,0.0,55.221184602792256,14.186985517492083,1.6367295473882746,65.33305331860224,6.3179537811429975,0.735901498533154,1.8224138942425374,0.37457402952947416,3.352413894242537
1.0,TEMPO,15,n-Bu4NClO4,0.2,1.0,1.0,MeCN:EtOAc=7:3,10.0,PENDING,PENDING,PENDING,0.0,55.199568981926966,14.322263173692454,1.6708318047303372,65.34314895410907,6.377523565766445,0.75507609901924,1.822711842198704,0.3781441985792832,3.352711842198704
1.0,TEMPO,15,n-Bu4NClO4,0.2,1.0,1.0,MeCN:EtOAc=6:4,10.0,PENDING,PENDING,PENDING,0.0,55.36578837901942,14.216996305287035,1.6752207679264242,65.56078256643224,6.331909736295878,0.7882677855236795,1.8233330956650187,0.3755339958840865,3.3533330956650187
1.0,TEMPO,15,n-Bu4NClO4,0.2,1.0,1.0,MeCN:EtOAc=5:5,10.0,PENDING,PENDING,PENDING,0.0,55.707803843182965,14.203240045624174,1.7437285299760328,66.19300637176097,6.323649996986204,0.9328031606518674,1.8142878344439455,0.3750992463732911,3.3442878344439455
1.0,TEMPO,15,n-Bu4NClO4,0.2,1.0,1.0,MeCN:EtOAc=4:6,10.0,PENDING,PENDING,PENDING,0.0,55.16729332791906,14.247041116239044,1.6427445009103585,64.973772351644,6.341777002113189,0.670991186878541,1.8150738311135612,0.37603588725482995,3.3450738311135613
1.0,TEMPO,15,n-Bu4NClO4,0.2,1.0,1.0,MeCN:EtOAc=3:7,10.0,PENDING,PENDING,PENDING,0.0,54.091046243932915,14.285615501484957,1.4435955054647658,64.83475968752887,6.357615297626496,0.6489900634579995,1.875154970293469,0.3782710205641906,3.405154970293469
1.0,TEMPO,15,n-Bu4NClO4,0.2,1.0,1.0,MeCN:EtOAc=2:8,10.0,PENDING,PENDING,PENDING,0.0,55.21681379175537,14.214844346655019,1.6437560126542903,65.33511949164925,6.3302193787859,0.7398343303235297,1.8224750183040517,0.37530925460922876,3.3524750183040517
1.0,TEMPO,15,n-Bu4NClO4,0.1,1.0,2.0,MeCN:EtOAc=7:3,10.0,PENDING,PENDING,PENDING,0.0,55.24700532327056,14.265849266006736,1.6645299233385695,65.14888578041162,6.349033721289374,0.7072661134221907,1.8153743001605436,0.3766287180441119,3.3453743001605436
1.0,TEMPO,15,n-Bu4NClO4,0.1,1.0,2.0,MeCN:EtOAc=6:4,10.0,PENDING,PENDING,PENDING,0.0,55.41704343994584,14.154015347480694,1.667832700001108,65.36967210447112,6.300351356394243,0.7384566082641462,1.8159061206577158,0.37380389493382316,3.345906120657716
1.0,TEMPO,15,n-Bu4NClO4,0.1,1.0,2.0,MeCN:EtOAc=5:5,10.0,PENDING,PENDING,PENDING,0.0,55.76745771556116,14.152902540464993,1.7418570501563968,66.0032040696683,6.301845333357483,0.879895379142529,1.8064081988135579,0.3737578520403021,3.336408198813558
1.0,TEMPO,15,n-Bu4NClO4,0.1,1.0,2.0,MeCN:EtOAc=4:6,10.0,PENDING,PENDING,PENDING,0.0,55.21389377142642,14.185788642179741,1.6348939334116,64.76996653309655,6.310087236189178,0.6244050712517977,1.8074971730617437,0.37435541111135806,3.3374971730617435
1.0,TEMPO,15,n-Bu4NClO4,0.1,1.0,2.0,MeCN:EtOAc=3:7,10.0,PENDING,PENDING,PENDING,0.0,54.116435065597486,14.221146340189655,1.4310949522783813,64.63054107594786,6.326458600463338,0.6036873561556659,1.8692010363651896,0.3765685835964476,3.3992010363651897
1.0,TEMPO,15,n-Bu4NClO4,0.1,1.0,2.0,MeCN:EtOAc=2:8,10.0,PENDING,PENDING,PENDING,0.0,55.265554914157434,14.154919323130061,1.6367213885687941,65.13510343668842,6.29992666894485,0.6908474865801837,1.8149162039208329,0.37369931066335665,3.3449162039208327
1.0,TEMPO,15,n-Bu4NClO4,0.1,1.0,1.5,MeCN:EtOAc=7:3,10.0,PENDING,PENDING,PENDING,0.0,55.251602556517604,14.238729763107296,1.6577346537537596,65.14549689964518,6.337027410136623,0.7032355930414669,1.8152617754199127,0.3759125514494028,3.345261775419913
1.0,TEMPO,15,n-Bu4NClO4,0.1,1.0,1.5,MeCN:EtOAc=6:4,10.0,PENDING,PENDING,PENDING,0.0,55.422898179147936,14.12513712687036,1.6607670851888119,65.36785250889442,6.287564848801699,0.7344203552739039,1.815796695845023,0.37304315976303115,3.345796695845023
1.0,TEMPO,15,n-Bu4NClO4,0.1,1.0,1.5,MeCN:EtOAc=5:5,10.0,PENDING,PENDING,PENDING,0.0,55.77605291456224,14.124016028924546,1.7352559545829558,66.00614793564667,6.289081317266652,0.8766486329593222,1.806223940955527,0.37299676480673044,3.336223940955527
1.0,TEMPO,15,n-Bu4NClO4,0.1,1.0,1.5,MeCN:EtOAc=4:6,10.0,PENDING,PENDING,PENDING,0.0,55.218011772183736,14.157491484412605,1.6277013050392979,64.763701332793,6.297474728320203,0.6199402973145578,1.8073291567761538,0.37360510915368494,3.337329156776154
1.0,TEMPO,15,n-Bu4NClO4,0.1,1.0,1.5,MeCN:EtOAc=3:7,10.0,PENDING,PENDING,PENDING,0.0,54.11271246316164,14.193379783535699,1.4230209038611767,64.62340025116569,6.314121848682395,0.599231811874398,1.8694839115606015,0.37585394294133284,3.3994839115606013
1.0,TEMPO,15,n-Bu4NClO4,0.1,1.0,1.5,MeCN:EtOAc=2:8,10.0,PENDING,PENDING,PENDING,0.0,55.27026014504448,14.126138116667734,1.6295015374722932,65.13156137858914,6.287187276218476,0.686616879964185,1.8147982738432604,0.37293926907978225,3.3447982738432604
1.0,TEMPO,15,n-Bu4NClO4,0.1,1.0,1.0,MeCN:EtOAc=7:3,10.0,PENDING,PENDING,PENDING,0.0,55.247005323270564,14.265849266006736,1.6645299233385717,65.14888578041162,6.349033721289374,0.7072661134221907,1.8153743001605436,0.37662871804411197,3.3453743001605436
1.0,TEMPO,15,n-Bu4NClO4,0.1,1.0,1.0,MeCN:EtOAc=6:4,10.0,PENDING,PENDING,PENDING,0.0,55.41704343994585,14.154015347480692,1.6678327000011084,65.36967210447114,6.300351356394243,0.7384566082641495,1.8159061206577163,0.37380389493382316,3.345906120657716
1.0,TEMPO,15,n-Bu4NClO4,0.1,1.0,1.0,MeCN:EtOAc=5:5,10.0,PENDING,PENDING,PENDING,0.0,55.767457715561164,14.152902540464993,1.7418570501563972,66.0032040696683,6.301845333357483,0.879895379142529,1.806408198813558,0.37375785204030204,3.336408198813558
1.0,TEMPO,15,n-Bu4NClO4,0.1,1.0,1.0,MeCN:EtOAc=4:6,10.0,PENDING,PENDING,PENDING,0.0,55.21389377142641,14.185788642179741,1.6348939334115982,64.76996653309655,6.310087236189177,0.624405071251797,1.8074971730617444,0.37435541111135806,3.3374971730617444
1.0,TEMPO,15,n-Bu4NClO4,0.1,1.0,1.0,MeCN:EtOAc=3:7,10.0,PENDING,PENDING,PENDING,0.0,54.11643506559749,14.221146340189657,1.4310949522783836,64.63054107594786,6.326458600463338,0.6036873561556659,1.8692010363651896,0.3765685835964476,3.3992010363651897
1.0,TEMPO,15,n-Bu4NClO4,0.1,1.0,1.0,MeCN:EtOAc=2:8,10.0,PENDING,PENDING,PENDING,0.0,55.26555491415744,14.154919323130063,1.6367213885687963,65.13510343668842,6.299926668944851,0.6908474865801837,1.8149162039208326,0.37369931066335665,3.3449162039208327
1.0,TEMPO,15,n-Bu4NClO4,0.05,1.0,2.0,MeCN:EtOAc=7:3,10.0,PENDING,PENDING,PENDING,0.0,55.26128021077178,14.283753326210965,1.6726098043418722,65.06101798438267,6.358602158066397,0.6925377633317535,1.8120084793795972,0.3771974657887628,3.342008479379597
1.0,TEMPO,15,n-Bu4NClO4,0.05,1.0,2.0,MeCN:EtOAc=6:4,10.0,PENDING,PENDING,PENDING,0.0,55.43072633535425,14.171804417235705,1.6758016697328388,65.27979860419877,6.3100542825620805,0.7227169527151269,1.8124898269944,0.37435316928588486,3.3424898269944
1.0,TEMPO,15,n-Bu4NClO4,0.05,1.0,2.0,MeCN:EtOAc=5:5,10.0,PENDING,PENDING,PENDING,0.0,55.77989320985434,14.176523976260285,1.7514661918455499,65.90322412159222,6.315849560125918,0.8606541622775556,1.802932549693149,0.37448603808036757,3.3329325496931492
1.0,TEMPO,15,n-Bu4NClO4,0.05,1.0,2.0,MeCN:EtOAc=4:6,10.0,PENDING,PENDING,PENDING,0.0,55.22868931674285,14.203362482167961,1.6429296389215295,64.68392518006664,6.319369654652274,0.6113298677595975,1.8041348179687855,0.3749088992971271,3.3341348179687857
1.0,TEMPO,15,n-Bu4NClO4,0.05,1.0,2.0,MeCN:EtOAc=3:7,10.0,PENDING,PENDING,PENDING,0.0,54.13620895957634,14.236299785683537,1.4387867574948192,64.54628321934648,6.335482512075865,0.5912519461428183,1.8656548870154348,0.37705572267670556,3.395654887015435
1.0,TEMPO,15,n-Bu4NClO4,0.05,1.0,2.0,MeCN:EtOAc=2:8,10.0,PENDING,PENDING,PENDING,0.0,55.2802573669556,14.173829262621107,1.6451342202847496,65.04476797828144,6.310016363005149,0.6759786794929641,1.811453839213091,0.374299884824633,3.341453839213091
1.0,TEMPO,15,n-Bu4NClO4,0.05,1.0,1.5,MeCN:EtOAc=7:3,10.0,PENDING,PENDING,PENDING,0.0,55.2659827508834,14.256878546951024,1.665896179064375,65.05702098064106,6.346722771668913,0.6884708371437862,1.811872172601014,0.3764890439019644,3.341872172601014
1.0,TEMPO,15,n-Bu4NClO4,0.05,1.0,1.5,MeCN:EtOAc=6:4,10.0,PENDING,PENDING,PENDING,0.0,55.43667990239628,14.143173688139218,1.6688177633235655,65.27735112488233,6.297399496501985,0.7186358230122327,1.8123561189629562,0.3735999698188952,3.3423561189629565
1.0,TEMPO,15,n-Bu4NClO4,0.05,1.0,1.5,MeCN:EtOAc=5:5,10.0,PENDING,PENDING,PENDING,0.0,55.78857240434662,14.147977098031324,1.7449737292264142,65.90543604889665,6.303284109813242,0.8573250468563969,1.8027234669220291,0.3737353777236213,3.332723466922029
1.0,TEMPO,15,n-Bu4NClO4,0.05,1.0,1.5,MeCN:EtOAc=4:6,10.0,PENDING,PENDING,PENDING,0.0,55.232919981780384,14.17530635011158,1.6358174083331676,64.67707213380145,6.3068810914061375,0.6068502200575006,1.8039430412306792,0.37416615303087736,3.333943041230679
1.0,TEMPO,15,n-Bu4NClO4,0.05,1.0,1.5,MeCN:EtOAc=3:7,10.0,PENDING,PENDING,PENDING,0.0,54.132648974056345,14.208734575000857,1.4307784005190038,64.53857071308538,6.32326500750139,0.5867857419828961,1.8659120595008412,0.37634753642681207,3.395912059500841
1.0,TEMPO,15,n-Bu4NClO4,0.05,1.0,1.5,MeCN:EtOAc=2:8,10.0,PENDING,PENDING,PENDING,0.0,55.28507217497258,14.145311143403621,1.6380003171979673,65.04059409083168,6.29741311668486,0.6717152390844636,1.811311172414798,0.373548164628041,3.341311172414798
1.0,TEMPO,15,n-Bu4NClO4,0.05,1.0,1.0,MeCN:EtOAc=7:3,10.0,PENDING,PENDING,PENDING,0.0,55.26128021077179,14.283753326210965,1.6726098043418736,65.06101798438267,6.358602158066397,0.6925377633317535,1.8120084793795974,0.3771974657887628,3.342008479379597
1.0,TEMPO,15,n-Bu4NClO4,0.05,1.0,1.0,MeCN:EtOAc=6:4,10.0,PENDING,PENDING,PENDING,0.0,55.43072633535425,14.171804417235705,1.6758016697328388,65.27979860419876,6.31005428256208,0.7227169527151238,1.8124898269944003,0.37435316928588486,3.3424898269944006
1.0,TEMPO,15,n-Bu4NClO4,0.05,1.0,1.0,MeCN:EtOAc=5:5,10.0,PENDING,PENDING,PENDING,0.0,55.77989320985435,14.176523976260285,1.7514661918455516,65.90322412159222,6.315849560125918,0.8606541622775556,1.802932549693149,0.37448603808036757,3.3329325496931492
1.0,TEMPO,15,n-Bu4NClO4,0.05,1.0,1.0,MeCN:EtOAc=4:6,10.0,PENDING,PENDING,PENDING,0.0,55.228689316742845,14.203362482167961,1.6429296389215273,64.68392518006664,6.319369654652274,0.6113298677595975,1.8041348179687855,0.3749088992971271,3.3341348179687857
1.0,TEMPO,15,n-Bu4NClO4,0.05,1.0,1.0,MeCN:EtOAc=3:7,10.0,PENDING,PENDING,PENDING,0.0,54.13620895957634,14.236299785683537,1.4387867574948192,64.54628321934648,6.335482512075865,0.5912519461428183,1.8656548870154348,0.37705572267670556,3.395654887015435
1.0,TEMPO,15,n-Bu4NClO4,0.05,1.0,1.0,MeCN:EtOAc=2:8,10.0,PENDING,PENDING,PENDING,0.0,55.28025736695557,14.173829262621107,1.6451342202847417,65.04476797828144,6.310016363005148,0.6759786794929639,1.8114538392130906,0.374299884824633,3.3414538392130906
1.0,TEMPO,15,n-Bu4NBF4,0.2,1.0,2.0,MeCN:EtOAc=7:3,10.0,PENDING,PENDING,PENDING,0.0,57.57300938358059,14.45011137555593,2.2621064248534846,65.32906840913944,6.393844475726958,0.7568234741421935,1.7850238159848368,0.3805143316281466,3.315023815984837
1.0,TEMPO,15,n-Bu4NBF4,0.2,1.0,2.0,MeCN:EtOAc=6:4,10.0,PENDING,PENDING,PENDING,0.0,57.74641881467265,14.38707180068912,2.286852638017371,65.55008337519226,6.357970595665612,0.7936104626249711,1.785078494234636,0.378646825024232,3.315078494234636
1.0,TEMPO,15,n-Bu4NBF4,0.2,1.0,2.0,MeCN:EtOAc=5:5,10.0,PENDING,PENDING,PENDING,0.0,57.996333800246184,14.38077964502697,2.3510454346844667,66.16325464517487,6.352381787574897,0.9345196178891464,1.7771705728425247,0.37827731566281453,3.3071705728425247
1.0,TEMPO,15,n-Bu4NBF4,0.2,1.0,2.0,MeCN:EtOAc=4:6,10.0,PENDING,PENDING,PENDING,0.0,57.71151971035479,14.312245828420222,2.2533940272627393,64.96215003922417,6.34459180787233,0.6695324023538696,1.7752300086278283,0.37719657124037664,3.305230008627828
1.0,TEMPO,15,n-Bu4NBF4,0.2,1.0,2.0,MeCN:EtOAc=3:7,10.0,PENDING,PENDING,PENDING,0.0,56.585295015594326,14.420120151230423,2.00748065059519,64.82137927313198,6.3715369442992635,0.6502294555809771,1.8365905079451408,0.3806704160798193,3.3665905079451406
1.0,TEMPO,15,n-Bu4NBF4,0.2,1.0,2.0,MeCN:EtOAc=2:8,10.0,PENDING,PENDING,PENDING,0.0,57.65665527914007,14.350686648429713,2.2515952868514493,65.32063732283433,6.34761278026367,0.7418068943310279,1.7837056181551736,0.37782883765438124,3.313705618155174
1.0,TEMPO,15,n-Bu4NBF4,0.2,1.0,1.5,MeCN:EtOAc=7:3,10.0,PENDING,PENDING,PENDING,0.0,57.59364985545578,14.425783967745907,2.2595788516619626,65.3269966372156,6.382535450155722,0.7531394283523123,1.7846993663420934,0.3798573445224573,3.3146993663420936
1.0,TEMPO,15,n-Bu4NBF4,0.2,1.0,1.5,MeCN:EtOAc=6:4,10.0,PENDING,PENDING,PENDING,0.0,57.76833053465768,14.361846518020787,2.2843812126919634,65.54958679169381,6.346111774096931,0.7900102497160812,1.7847524651979085,0.3779623651991648,3.3147524651979086
1.0,TEMPO,15,n-Bu4NBF4,0.2,1.0,1.5,MeCN:EtOAc=5:5,10.0,PENDING,PENDING,PENDING,0.0,58.01995175838813,14.355467120872794,2.3490367861770745,66.16729733697012,6.340432789769949,0.9317441742120984,1.7767867095454946,0.3775872523591752,3.3067867095454946
1.0,TEMPO,15,n-Bu4NBF4,0.2,1.0,1.5,MeCN:EtOAc=4:6,10.0,PENDING,PENDING,PENDING,0.0,57.73339398689044,14.28583130985006,2.2505157993113896,64.95733000057173,6.332511561178113,0.665322366370497,1.7748302733435701,0.37648868919256095,3.30483027334357
1.0,TEMPO,15,n-Bu4NBF4,0.2,1.0,1.5,MeCN:EtOAc=3:7,10.0,PENDING,PENDING,PENDING,0.0,56.59905213493261,14.395384057788673,2.003103401819955,64.81566378357364,6.359900061499787,0.6460487828013852,1.836637987083429,0.3800176720431792,3.366637987083429
1.0,TEMPO,15,n-Bu4NBF4,0.2,1.0,1.5,MeCN:EtOAc=2:8,10.0,PENDING,PENDING,PENDING,0.0,57.67802608101259,14.324927034190624,2.248795251848672,65.3184682761912,6.335629439814575,0.7379335409932826,1.7833674024390889,0.37713287907167464,3.3133674024390887
1.0,TEMPO,15,n-Bu4NBF4,0.2,1.0,1.0,MeCN:EtOAc=7:3,10.0,PENDING,PENDING,PENDING,0.0,57.57300938358059,14.450111375555931,2.2621064248534846,65.32906840913942,6.39384447572696,0.7568234741421909,1.7850238159848366,0.38051433162814663,3.3150238159848366
1.0,TEMPO,15,n-Bu4NBF4,0.2,1.0,1.0,MeCN:EtOAc=6:4,10.0,PENDING,PENDING,PENDING,0.0,57.74641881467265,14.38707180068912,2.286852638017371,65.55008337519226,6.357970595665612,0.7936104626249711,1.785078494234636,0.378646825024232,3.315078494234636
1.0,TEMPO,15,n-Bu4NBF4,0.2,1.0,1.0,MeCN:EtOAc=5:5,10.0,PENDING,PENDING,PENDING,0.0,57.996333800246184,14.38077964502697,2.3510454346844667,66.16325464517487,6.352381787574897,0.9345196178891464,1.7771705728425247,0.37827731566281453,3.3071705728425247
1.0,TEMPO,15,n-Bu4NBF4,0.2,1.0,1.0,MeCN:EtOAc=4:6,10.0,PENDING,PENDING,PENDING,0.0,57.71151971035479,14.312245828420222,2.2533940272627393,64.96215003922417,6.34459180787233,0.6695324023538696,1.7752300086278283,0.37719657124037664,3.305230008627828
1.0,TEMPO,15,n-Bu4NBF4,0.2,1.0,1.0,MeCN:EtOAc=3:7,10.0,PENDING,PENDING,PENDING,0.0,56.585295015594326,14.420120151230423,2.00748065059519,64.82137927313198,6.3715369442992635,0.6502294555809771,1.8365905079451408,0.3806704160798193,3.3665905079451406
1.0,TEMPO,15,n-Bu4NBF4,0.2,1.0,1.0,MeCN:EtOAc=2:8,10.0,PENDING,PENDING,PENDING,0.0,57.65665527914007,14.350686648429713,2.2515952868514493,65.32063732283433,6.34761278026367,0.7418068943310279,1.7837056181551736,0.37782883765438124,3.313705618155174
1.0,TEMPO,15,n-Bu4NBF4,0.1,1.0,2.0,MeCN:EtOAc=7:3,10.0,PENDING,PENDING,PENDING,0.0,57.660750560301764,14.394147231445368,2.2667608657342413,65.13470947923743,6.367162411350071,0.7095058554231919,1.777171486121426,0.378969150821123,3.307171486121426
1.0,TEMPO,15,n-Bu4NBF4,0.1,1.0,2.0,MeCN:EtOAc=6:4,10.0,PENDING,PENDING,PENDING,0.0,57.838045254604296,14.326540521430807,2.29119563456223,65.35899607531366,6.3287044943866935,0.7443617266063476,1.777125414955029,0.3769268115060638,3.307125414955029
1.0,TEMPO,15,n-Bu4NBF4,0.1,1.0,2.0,MeCN:EtOAc=5:5,10.0,PENDING,PENDING,PENDING,0.0,58.093608553807755,14.331506337803656,2.3609292381996143,65.97285708818532,6.3336043520120695,0.8825041454186222,1.768815169281187,0.3769278612411057,3.298815169281187
1.0,TEMPO,15,n-Bu4NBF4,0.1,1.0,2.0,MeCN:EtOAc=4:6,10.0,PENDING,PENDING,PENDING,0.0,57.802975224083674,14.248683494635037,2.2566063695246203,64.75833050604824,6.31393233382354,0.6233053227344549,1.76707597728726,0.3754185077136505,3.29707597728726
1.0,TEMPO,15,n-Bu4NBF4,0.1,1.0,2.0,MeCN:EtOAc=3:7,10.0,PENDING,PENDING,PENDING,0.0,56.654290527644925,14.35785128787135,2.00461932717519,64.61708467629401,6.3420514932390315,0.6053538460528751,1.8300808392360228,0.3789605328669606,3.360080839236023
1.0,TEMPO,15,n-Bu4NBF4,0.1,1.0,2.0,MeCN:EtOAc=2:8,10.0,PENDING,PENDING,PENDING,0.0,57.747267247690246,14.291336322666725,2.2559214635779408,65.12052193462588,6.319265301151181,0.693340373578994,1.7756115365125977,0.3761889490323753,3.3056115365125978
1.0,TEMPO,15,n-Bu4NBF4,0.1,1.0,1.5,MeCN:EtOAc=7:3,10.0,PENDING,PENDING,PENDING,0.0,57.68209624946184,14.36899725263588,2.264155745391796,65.13122076833673,6.355449186722691,0.7055366260950187,1.7767875762827292,0.3782891668501282,3.306787576282729
1.0,TEMPO,15,n-Bu4NBF4,0.1,1.0,1.5,MeCN:EtOAc=6:4,10.0,PENDING,PENDING,PENDING,0.0,57.86070241606726,14.30041405842392,2.288633499323787,65.35711528488225,6.31639347121093,0.7404420383922279,1.7767388218463476,0.37621626931759,3.3067388218463476
1.0,TEMPO,15,n-Bu4NBF4,0.1,1.0,1.5,MeCN:EtOAc=5:5,10.0,PENDING,PENDING,PENDING,0.0,58.11802532058109,14.305469713554075,2.3589090471732748,65.97552749126118,6.321373058835958,0.8793593832990481,1.7683665972056546,0.3762177385285904,3.2983665972056544
1.0,TEMPO,15,n-Bu4NBF4,0.1,1.0,1.5,MeCN:EtOAc=4:6,10.0,PENDING,PENDING,PENDING,0.0,57.82560166976441,14.221304041196033,2.2536166893129246,64.75199225600635,6.301373357073699,0.6188474629305458,1.766613502314383,0.37468325711695577,3.2966135023143828
1.0,TEMPO,15,n-Bu4NBF4,0.1,1.0,1.5,MeCN:EtOAc=3:7,10.0,PENDING,PENDING,PENDING,0.0,56.668570794537565,14.33219263959427,2.000079082035915,64.60985133362364,6.329962543833344,0.6009453478755529,1.8300825003050636,0.3782823501146108,3.3600825003050634
1.0,TEMPO,15,n-Bu4NBF4,0.1,1.0,1.5,MeCN:EtOAc=2:8,10.0,PENDING,PENDING,PENDING,0.0,57.76937702040526,14.264688847763288,2.2530315026932386,65.11687608231931,6.30684463989947,0.6891764798866085,1.775211219125356,0.3754681408946611,3.305211219125356
1.0,TEMPO,15,n-Bu4NBF4,0.1,1.0,1.0,MeCN:EtOAc=7:3,10.0,PENDING,PENDING,PENDING,0.0,57.660750560301764,14.394147231445368,2.2667608657342413,65.13470947923743,6.367162411350071,0.7095058554231919,1.777171486121426,0.378969150821123,3.307171486121426
1.0,TEMPO,15,n-Bu4NBF4,0.1,1.0,1.0,MeCN:EtOAc=6:4,10.0,PENDING,PENDING,PENDING,0.0,57.838045254604296,14.326540521430807,2.29119563456223,65.35899607531366,6.3287044943866935,0.7443617266063476,1.777125414955029,0.3769268115060638,3.307125414955029
1.0,TEMPO,15,n-Bu4NBF4,0.1,1.0,1.0,MeCN:EtOAc=5:5,10.0,PENDING,PENDING,PENDING,0.0,58.09360855380776,14.331506337803656,2.360929238199616,65.97285708818532,6.3336043520120695,0.8825041454186222,1.7688151692811873,0.3769278612411058,3.2988151692811876
1.0,TEMPO,15,n-Bu4NBF4,0.1,1.0,1.0,MeCN:EtOAc=4:6,10.0,PENDING,PENDING,PENDING,0.0,57.802975224083674,14.248683494635037,2.2566063695246203,64.75833050604824,6.31393233382354,0.6233053227344549,1.76707597728726,0.3754185077136505,3.29707597728726
1.0,TEMPO,15,n-Bu4NBF4,0.1,1.0,1.0,MeCN:EtOAc=3:7,10.0,PENDING,PENDING,PENDING,0.0,56.65429052764492,14.35785128787135,2.0046193271751878,64.61708467629401,6.3420514932390315,0.6053538460528751,1.8300808392360228,0.3789605328669606,3.360080839236023
1.0,TEMPO,15,n-Bu4NBF4,0.1,1.0,1.0,MeCN:EtOAc=2:8,10.0,PENDING,PENDING,PENDING,0.0,57.74726724769026,14.291336322666723,2.2559214635779443,65.12052193462588,6.319265301151181,0.693340373578994,1.7756115365125977,0.3761889490323753,3.3056115365125978
1.0,TEMPO,15,n-Bu4NBF4,0.05,1.0,2.0,MeCN:EtOAc=7:3,10.0,PENDING,PENDING,PENDING,0.0,57.66191460251725,14.410036205531807,2.2722242279910314,65.04702055548006,6.376993309728363,0.6948810128383918,1.774142516888623,0.3794644047346466,3.304142516888623
1.0,TEMPO,15,n-Bu4NBF4,0.05,1.0,2.0,MeCN:EtOAc=6:4,10.0,PENDING,PENDING,PENDING,0.0,57.83854396629995,14.341872416735677,2.29633580662345,65.26927307998979,6.338508365894647,0.7286350720147137,1.7740528771860746,0.3773935188250943,3.3040528771860744
1.0,TEMPO,15,n-Bu4NBF4,0.05,1.0,2.0,MeCN:EtOAc=5:5,10.0,PENDING,PENDING,PENDING,0.0,58.093422807399065,14.351926137620982,2.367625769240734,65.87320074147135,6.347954320367809,0.8634766082528067,1.7656801935131392,0.37756454557105645,3.2956801935131392
1.0,TEMPO,15,n-Bu4NBF4,0.05,1.0,2.0,MeCN:EtOAc=4:6,10.0,PENDING,PENDING,PENDING,0.0,57.80345964922315,14.26494681608222,2.2620262820706953,64.67244808820756,6.323620543397999,0.6103905056773726,1.7640695151607404,0.3759101012619733,3.29406951516074
1.0,TEMPO,15,n-Bu4NBF4,0.05,1.0,2.0,MeCN:EtOAc=3:7,10.0,PENDING,PENDING,PENDING,0.0,56.66012707658874,14.3715947301279,2.0102599343704997,64.53299895545858,6.351370190155318,0.5930205785926694,1.8268727104092464,0.3793832104541901,3.356872710409246
1.0,TEMPO,15,n-Bu4NBF4,0.05,1.0,2.0,MeCN:EtOAc=2:8,10.0,PENDING,PENDING,PENDING,0.0,57.74834663219942,14.308102616543822,2.2616532651088668,65.03037246997505,6.329631226530641,0.6785762894303127,1.772499668020249,0.37671100785796097,3.302499668020249
1.0,TEMPO,15,n-Bu4NBF4,0.05,1.0,1.5,MeCN:EtOAc=7:3,10.0,PENDING,PENDING,PENDING,0.0,57.683240064096076,14.385099803293379,2.2696845618779404,65.04292546623219,6.365410385303206,0.6908757178213476,1.7737381657864375,0.3787909504387027,3.3037381657864375
1.0,TEMPO,15,n-Bu4NBF4,0.05,1.0,1.5,MeCN:EtOAc=6:4,10.0,PENDING,PENDING,PENDING,0.0,57.86117365454037,14.315952180380139,2.2938352545739833,65.266765697372,6.326328866062691,0.724668849005683,1.773645438144625,0.37668908787541905,3.303645438144625
1.0,TEMPO,15,n-Bu4NBF4,0.05,1.0,1.5,MeCN:EtOAc=5:5,10.0,PENDING,PENDING,PENDING,0.0,58.1178056033331,14.326173950525769,2.365692846610076,65.87514315488795,6.335925911739872,0.8602511393818819,1.7652101780878495,0.3768632434508288,3.2952101780878493
1.0,TEMPO,15,n-Bu4NBF4,0.05,1.0,1.5,MeCN:EtOAc=4:6,10.0,PENDING,PENDING,PENDING,0.0,57.82605635637843,14.23779172223854,2.259103148304368,64.66552343751566,6.311192071333216,0.6059195068752676,1.763586899203091,0.37518143863459774,3.293586899203091
1.0,TEMPO,15,n-Bu4NBF4,0.05,1.0,1.5,MeCN:EtOAc=3:7,10.0,PENDING,PENDING,PENDING,0.0,56.67443269524463,14.346117561359929,2.0057805262380652,64.52519558070358,6.339404648436891,0.5886018310090806,1.8268520363142065,0.37871044428998657,3.3568520363142067
1.0,TEMPO,15,n-Bu4NBF4,0.05,1.0,1.5,MeCN:EtOAc=2:8,10.0,PENDING,PENDING,PENDING,0.0,57.77043362290687,14.28168436954611,2.258833258884326,65.02609662971857,6.317350266710027,0.6743798003129533,1.7720781454024543,0.3759971958653116,3.3020781454024544
1.0,TEMPO,15,n-Bu4NBF4,0.05,1.0,1.0,MeCN:EtOAc=7:3,10.0,PENDING,PENDING,PENDING,0.0,57.66191460251725,14.410036205531803,2.2722242279910305,65.04702055548005,6.376993309728361,0.6948810128383887,1.774142516888623,0.3794644047346466,3.304142516888623
1.0,TEMPO,15,n-Bu4NBF4,0.05,1.0,1.0,MeCN:EtOAc=6:4,10.0,PENDING,PENDING,PENDING,0.0,57.83854396629995,14.341872416735677,2.29633580662345,65.26927307998979,6.338508365894647,0.7286350720147137,1.7740528771860746,0.37739351882509425,3.3040528771860744
1.0,TEMPO,15,n-Bu4NBF4,0.05,1.0,1.0,MeCN:EtOAc=5:5,10.0,PENDING,PENDING,PENDING,0.0,58.09342280739906,14.351926137620982,2.367625769240732,65.87320074147135,6.347954320367809,0.8634766082528067,1.7656801935131392,0.37756454557105645,3.2956801935131392
1.0,TEMPO,15,n-Bu4NBF4,0.05,1.0,1.0,MeCN:EtOAc=4:6,10.0,PENDING,PENDING,PENDING,0.0,57.80345964922314,14.264946816082217,2.262026282070692,64.67244808820757,6.323620543397999,0.6103905056773755,1.7640695151607404,0.3759101012619733,3.29406951516074
1.0,TEMPO,15,n-Bu4NBF4,0.05,1.0,1.0,MeCN:EtOAc=3:7,10.0,PENDING,PENDING,PENDING,0.0,56.660127076588736,14.3715947301279,2.010259934370498,64.5329989554586,6.351370190155318,0.5930205785926719,1.8268727104092464,0.3793832104541901,3.356872710409246
1.0,TEMPO,15,n-Bu4NBF4,0.05,1.0,1.0,MeCN:EtOAc=2:8,10.0,PENDING,PENDING,PENDING,0.0,57.74834663219942,14.30810261654382,2.261653265108866,65.03037246997503,6.329631226530641,0.6785762894303102,1.7724996680202487,0.3767110078579609,3.302499668020249
1.0,TEMPO,15,Et4NOAc,0.2,1.0,2.0,MeCN:EtOAc=7:3,10.0,PENDING,PENDING,PENDING,0.0,53.00389807161544,14.317098564430104,1.2611415469502405,65.27314787646414,6.378540243900051,0.7408198477984334,1.8485410518341365,0.37830561179562794,3.3785410518341363
1.0,TEMPO,15,Et4NOAc,0.2,1.0,2.0,MeCN:EtOAc=6:4,10.0,PENDING,PENDING,PENDING,0.0,53.13774633771806,14.225903057218478,1.260646316539467,65.50465099354746,6.337140141564067,0.7776511021612114,1.8495339469505125,0.3759062927855497,3.3795339469505126
1.0,TEMPO,15,Et4NOAc,0.2,1.0,2.0,MeCN:EtOAc=5:5,10.0,PENDING,PENDING,PENDING,0.0,53.446810639333464,14.223590538867645,1.3124128971759732,66.11145612537264,6.337799490081039,0.9171913737558006,1.8410586814303063,0.37578722684884674,3.3710586814303065
1.0,TEMPO,15,Et4NOAc,0.2,1.0,2.0,MeCN:EtOAc=4:6,10.0,PENDING,PENDING,PENDING,0.0,52.926178991420876,14.205452010530554,1.220742830781568,64.88880160075674,6.331962358983647,0.6522056905920828,1.8414360712711886,0.37546441810148323,3.3714360712711886
1.0,TEMPO,15,Et4NOAc,0.2,1.0,2.0,MeCN:EtOAc=3:7,10.0,PENDING,PENDING,PENDING,0.0,51.856156694449425,14.270871128852606,1.0713221766158894,64.76424076410642,6.357966780832852,0.6360404774990145,1.9004524974843802,0.37831918379963614,3.43045249748438
1.0,TEMPO,15,Et4NOAc,0.2,1.0,2.0,MeCN:EtOAc=2:8,10.0,PENDING,PENDING,PENDING,0.0,52.954325811265925,14.209552636089896,1.2263378077090676,65.26284986101325,6.331306532728468,0.7252802036344905,1.8490847292038388,0.3754823757305893,3.379084729203839
1.0,TEMPO,15,Et4NOAc,0.2,1.0,1.5,MeCN:EtOAc=7:3,10.0,PENDING,PENDING,PENDING,0.0,52.99173576944068,14.290798990891924,1.252585693832149,65.27061769360353,6.3669883281443935,0.7370069573669169,1.8486750097559146,0.37761519550127426,3.3786750097559146
1.0,TEMPO,15,Et4NOAc,0.2,1.0,1.5,MeCN:EtOAc=6:4,10.0,PENDING,PENDING,PENDING,0.0,53.12645287538284,14.198219541661267,1.251859936618151,65.50380352426977,6.324945303359607,0.7739053787351386,1.8496758979487968,0.37517916129439566,3.379675897948797
1.0,TEMPO,15,Et4NOAc,0.2,1.0,1.5,MeCN:EtOAc=5:5,10.0,PENDING,PENDING,PENDING,0.0,53.43781507384313,14.195883734147639,1.303808738209038,66.11508490116891,6.325619487862637,0.9142552422634227,1.8411368530921077,0.37505860859966794,3.371136853092108
1.0,TEMPO,15,Et4NOAc,0.2,1.0,1.5,MeCN:EtOAc=4:6,10.0,PENDING,PENDING,PENDING,0.0,52.91305029324511,14.177430929675957,1.2117311906408976,64.88333623136012,6.31967254300196,0.6478744166788915,1.8415226655667023,0.37473009717400707,3.3715226655667023
1.0,TEMPO,15,Et4NOAc,0.2,1.0,1.5,MeCN:EtOAc=3:7,10.0,PENDING,PENDING,PENDING,0.0,51.835495162870245,14.243891826471692,1.062151980305671,64.75805545720074,6.34611665190681,0.6317643998950813,1.9009619516132115,0.37763111427133056,3.4309619516132113
1.0,TEMPO,15,Et4NOAc,0.2,1.0,1.5,MeCN:EtOAc=2:8,10.0,PENDING,PENDING,PENDING,0.0,52.94153974909389,14.181662493886144,1.2173913361763038,65.26019988921921,6.319059540128263,0.7212728456104718,1.8492239787684082,0.37475024554750114,3.379223978768408
1.0,TEMPO,15,Et4NOAc,0.2,1.0,1.0,MeCN:EtOAc=7:3,10.0,PENDING,PENDING,PENDING,0.0,53.00389807161544,14.317098564430104,1.2611415469502405,65.27314787646414,6.378540243900051,0.7408198477984334,1.8485410518341365,0.37830561179562794,3.3785410518341363
1.0,TEMPO,15,Et4NOAc,0.2,1.0,1.0,MeCN:EtOAc=6:4,10.0,PENDING,PENDING,PENDING,0.0,53.13774633771806,14.225903057218478,1.260646316539467,65.50465099354746,6.337140141564067,0.7776511021612114,1.8495339469505125,0.3759062927855497,3.3795339469505126
1.0,TEMPO,15,Et4NOAc,0.2,1.0,1.0,MeCN:EtOAc=5:5,10.0,PENDING,PENDING,PENDING,0.0,53.446810639333485,14.223590538867645,1.3124128971759763,66.11145612537264,6.337799490081039,0.9171913737558006,1.8410586814303063,0.37578722684884674,3.3710586814303065
1.0,TEMPO,15,Et4NOAc,0.2,1.0,1.0,MeCN:EtOAc=4:6,10.0,PENDING,PENDING,PENDING,0.0,52.92617899142087,14.205452010530554,1.2207428307815675,64.88880160075674,6.331962358983647,0.6522056905920828,1.8414360712711886,0.37546441810148323,3.3714360712711886
1.0,TEMPO,15,Et4NOAc,0.2,1.0,1.0,MeCN:EtOAc=3:7,10.0,PENDING,PENDING,PENDING,0.0,51.856156694449425,14.270871128852608,1.0713221766158898,64.76424076410642,6.357966780832852,0.6360404774990145,1.9004524974843806,0.37831918379963614,3.4304524974843806
1.0,TEMPO,15,Et4NOAc,0.2,1.0,1.0,MeCN:EtOAc=2:8,10.0,PENDING,PENDING,PENDING,0.0,52.95432581126592,14.209552636089896,1.2263378077090654,65.26284986101325,6.331306532728468,0.7252802036344905,1.8490847292038393,0.3754823757305893,3.3790847292038393
1.0,TEMPO,15,Et4NOAc,0.1,1.0,2.0,MeCN:EtOAc=7:3,10.0,PENDING,PENDING,PENDING,0.0,53.008175148297,14.26614967989951,1.2491782594820786,65.07671122838522,6.351619888300679,0.6936863074379493,1.8417359790410515,0.37684420106714306,3.3717359790410515
1.0,TEMPO,15,Et4NOAc,0.1,1.0,2.0,MeCN:EtOAc=6:4,10.0,PENDING,PENDING,PENDING,0.0,53.1449223141483,14.168223889226335,1.2474517777773118,65.31181752898561,6.307251976096117,0.7284758967478071,1.84265045368004,0.3742307780219386,3.3726504536800403
1.0,TEMPO,15,Et4NOAc,0.1,1.0,2.0,MeCN:EtOAc=5:5,10.0,PENDING,PENDING,PENDING,0.0,53.46150451513313,14.182404794160528,1.3044422481115072,65.91904776903412,6.318941538759021,0.8653012354371188,1.8337389008562315,0.3745479470667928,3.3637389008562315
1.0,TEMPO,15,Et4NOAc,0.1,1.0,2.0,MeCN:EtOAc=4:6,10.0,PENDING,PENDING,PENDING,0.0,52.928271002631966,14.147934597510408,1.2069643842854623,64.68230975293817,6.301306552708065,0.6063299994366103,1.834408617937153,0.37380106353274933,3.364408617937153
1.0,TEMPO,15,Et4NOAc,0.1,1.0,2.0,MeCN:EtOAc=3:7,10.0,PENDING,PENDING,PENDING,0.0,51.837269549373474,14.210861183427644,1.0548857947319492,64.55783964405809,6.328313084085195,0.5914202805596682,1.8950160330722754,0.3766596746731126,3.4250160330722754
1.0,TEMPO,15,Et4NOAc,0.1,1.0,2.0,MeCN:EtOAc=2:8,10.0,PENDING,PENDING,PENDING,0.0,52.95801003391553,14.155479701505877,1.2136332283570708,65.06055950491998,6.302692072957414,0.6770277811422918,1.842081667419435,0.3739305573971481,3.372081667419435
1.0,TEMPO,15,Et4NOAc,0.1,1.0,1.5,MeCN:EtOAc=7:3,10.0,PENDING,PENDING,PENDING,0.0,52.995870628548744,14.23909178005553,1.2404409821193094,65.0727403911387,6.3396569474522835,0.6895954057735989,1.84182118209532,0.3761318432650155,3.37182118209532
1.0,TEMPO,15,Et4NOAc,0.1,1.0,1.5,MeCN:EtOAc=6:4,10.0,PENDING,PENDING,PENDING,0.0,53.133512549540896,14.13965811862303,1.2384597795861327,65.30956697728149,6.2945899786539306,0.7244158045212203,1.842742870322935,0.3734777747513104,3.372742870322935
1.0,TEMPO,15,Et4NOAc,0.1,1.0,1.5,MeCN:EtOAc=5:5,10.0,PENDING,PENDING,PENDING,0.0,53.4524724263873,14.154096474048742,1.2956944317820365,65.92128166591024,6.306475875486452,0.8620017729825067,1.833762888816498,0.373800829962865,3.363762888816498
1.0,TEMPO,15,Et4NOAc,0.1,1.0,1.5,MeCN:EtOAc=4:6,10.0,PENDING,PENDING,PENDING,0.0,52.91496168917838,14.11903071127728,1.1977466196796125,64.67529325394568,6.288535224560644,0.6017618283419419,1.834444357691996,0.373041011412432,3.364444357691996
1.0,TEMPO,15,Et4NOAc,0.1,1.0,1.5,MeCN:EtOAc=3:7,10.0,PENDING,PENDING,PENDING,0.0,51.81622054830885,14.182969181920349,1.0455179926727372,64.55011241005865,6.316005581808427,0.5869247459253648,1.8954907480903385,0.37594659227687,3.4254907480903385
1.0,TEMPO,15,Et4NOAc,0.1,1.0,1.5,MeCN:EtOAc=2:8,10.0,PENDING,PENDING,PENDING,0.0,52.94506541172447,14.126769400439,1.2044948402602205,65.05640738879441,6.289999979241065,0.6727379679696681,1.8421701588984472,0.373174685665056,3.372170158898447
1.0,TEMPO,15,Et4NOAc,0.1,1.0,1.0,MeCN:EtOAc=7:3,10.0,PENDING,PENDING,PENDING,0.0,53.008175148296985,14.26614967989951,1.2491782594820755,65.07671122838522,6.351619888300679,0.6936863074379493,1.8417359790410515,0.37684420106714306,3.3717359790410515
1.0,TEMPO,15,Et4NOAc,0.1,1.0,1.0,MeCN:EtOAc=6:4,10.0,PENDING,PENDING,PENDING,0.0,53.144922314148296,14.168223889226335,1.2474517777773109,65.31181752898561,6.307251976096117,0.7284758967478071,1.84265045368004,0.3742307780219386,3.3726504536800403
1.0,TEMPO,15,Et4NOAc,0.1,1.0,1.0,MeCN:EtOAc=5:5,10.0,PENDING,PENDING,PENDING,0.0,53.46150451513313,14.182404794160528,1.3044422481115072,65.91904776903412,6.318941538759021,0.8653012354371188,1.8337389008562315,0.3745479470667928,3.3637389008562315
1.0,TEMPO,15,Et4NOAc,0.1,1.0,1.0,MeCN:EtOAc=4:6,10.0,PENDING,PENDING,PENDING,0.0,52.928271002631966,14.147934597510408,1.2069643842854623,64.68230975293817,6.301306552708065,0.6063299994366103,1.834408617937153,0.37380106353274933,3.364408617937153
1.0,TEMPO,15,Et4NOAc,0.1,1.0,1.0,MeCN:EtOAc=3:7,10.0,PENDING,PENDING,PENDING,0.0,51.837269549373474,14.210861183427644,1.0548857947319492,64.55783964405809,6.328313084085195,0.5914202805596682,1.8950160330722754,0.3766596746731126,3.4250160330722754
1.0,TEMPO,15,Et4NOAc,0.1,1.0,1.0,MeCN:EtOAc=2:8,10.0,PENDING,PENDING,PENDING,0.0,52.95801003391553,14.155479701505877,1.2136332283570708,65.06055950491998,6.302692072957414,0.6770277811422918,1.842081667419435,0.3739305573971481,3.372081667419435
1.0,TEMPO,15,Et4NOAc,0.05,1.0,2.0,MeCN:EtOAc=7:3,10.0,PENDING,PENDING,PENDING,0.0,53.03440294088078,14.286071146907489,1.258473116117925,64.98909257527747,6.3618637989778986,0.6794341722870154,1.838202242808878,0.37742893080146106,3.368202242808878
1.0,TEMPO,15,Et4NOAc,0.05,1.0,2.0,MeCN:EtOAc=6:4,10.0,PENDING,PENDING,PENDING,0.0,53.170812723195006,14.18743937350172,1.2565473304509625,65.22207489409087,6.317500229198276,0.7131082651454292,1.8390627882303208,0.3747878185038387,3.3690627882303206
1.0,TEMPO,15,Et4NOAc,0.05,1.0,2.0,MeCN:EtOAc=5:5,10.0,PENDING,PENDING,PENDING,0.0,53.48642132822749,14.208821475791897,1.3154693835098157,65.81939259104564,6.3337426876523155,0.8466891489895838,1.8300861328650748,0.375294266996632,3.360086132865075
1.0,TEMPO,15,Et4NOAc,0.05,1.0,2.0,MeCN:EtOAc=4:6,10.0,PENDING,PENDING,PENDING,0.0,52.95537953429481,14.16792363856073,1.216263494368703,64.59664618900402,6.311445324413483,0.5938480904095995,1.830873579488819,0.37438075149077044,3.360873579488819
1.0,TEMPO,15,Et4NOAc,0.05,1.0,2.0,MeCN:EtOAc=3:7,10.0,PENDING,PENDING,PENDING,0.0,51.86927572953698,14.227891522912532,1.0634075702611878,64.47383655065242,6.338011062230836,0.5794174458142811,1.8913072848195793,0.37716223673849647,3.421307284819579
1.0,TEMPO,15,Et4NOAc,0.05,1.0,2.0,MeCN:EtOAc=2:8,10.0,PENDING,PENDING,PENDING,0.0,52.98519015681048,14.176535659089302,1.2232371089836311,64.97048675832667,6.31350221251468,0.6626614342347619,1.8384440910901716,0.37454815675564845,3.3684440910901716
1.0,TEMPO,15,Et4NOAc,0.05,1.0,1.5,MeCN:EtOAc=7:3,10.0,PENDING,PENDING,PENDING,0.0,53.022331927615454,14.259289188349998,1.2498122687326334,64.9845169121451,6.350038683380061,0.6753132791218632,1.8382618809859432,0.37672457084185107,3.3682618809859433
1.0,TEMPO,15,Et4NOAc,0.05,1.0,1.5,MeCN:EtOAc=6:4,10.0,PENDING,PENDING,PENDING,0.0,53.15963392849392,14.159140189524415,1.2476294101210712,65.21919798698617,6.304978089755835,0.709007939802154,1.839129086241172,0.37404243141003424,3.369129086241172
1.0,TEMPO,15,Et4NOAc,0.05,1.0,1.5,MeCN:EtOAc=5:5,10.0,PENDING,PENDING,PENDING,0.0,53.477609541416555,14.180898232900237,1.3068254474021663,65.82089902644356,6.321488272737081,0.8433163085620752,1.83008337165171,0.37455785044456563,3.36008337165171
1.0,TEMPO,15,Et4NOAc,0.05,1.0,1.5,MeCN:EtOAc=4:6,10.0,PENDING,PENDING,PENDING,0.0,52.94231685492851,14.139301199886168,1.207120643129238,64.58904716266743,6.298812950279619,0.5892734069744319,1.8308837014356487,0.3736287402563407,3.3608837014356485
1.0,TEMPO,15,Et4NOAc,0.05,1.0,1.5,MeCN:EtOAc=3:7,10.0,PENDING,PENDING,PENDING,0.0,51.84852172428951,14.200229883795103,1.0540942495087036,64.46554099750462,6.325833775001374,0.5749166307597058,1.891754594658119,0.37645585753301786,3.421754594658119
1.0,TEMPO,15,Et4NOAc,0.05,1.0,1.5,MeCN:EtOAc=2:8,10.0,PENDING,PENDING,PENDING,0.0,52.97249143313192,14.148122209857734,1.2141773334359742,64.96570636919142,6.300958099190478,0.658345598232609,1.8385059511636819,0.3738008804216387,3.368505951163682
1.0,TEMPO,15,Et4NOAc,0.05,1.0,1.0,MeCN:EtOAc=7:3,10.0,PENDING,PENDING,PENDING,0.0,53.03440294088078,14.286071146907489,1.258473116117925,64.98909257527747,6.3618637989778986,0.6794341722870154,1.838202242808878,0.37742893080146106,3.368202242808878
1.0,TEMPO,15,Et4NOAc,0.05,1.0,1.0,MeCN:EtOAc=6:4,10.0,PENDING,PENDING,PENDING,0.0,53.170812723195006,14.18743937350172,1.2565473304509625,65.22207489409087,6.317500229198276,0.7131082651454292,1.8390627882303208,0.3747878185038387,3.3690627882303206
1.0,TEMPO,15,Et4NOAc,0.05,1.0,1.0,MeCN:EtOAc=5:5,10.0,PENDING,PENDING,PENDING,0.0,53.48642132822749,14.208821475791899,1.3154693835098166,65.81939259104564,6.3337426876523155,0.8466891489895838,1.8300861328650748,0.375294266996632,3.360086132865075
1.0,TEMPO,15,Et4NOAc,0.05,1.0,1.0,MeCN:EtOAc=4:6,10.0,PENDING,PENDING,PENDING,0.0,52.95537953429482,14.167923638560728,1.2162634943687038,64.59664618900402,6.311445324413483,0.5938480904095995,1.830873579488819,0.37438075149077044,3.360873579488819
1.0,TEMPO,15,Et4NOAc,0.05,1.0,1.0,MeCN:EtOAc=3:7,10.0,PENDING,PENDING,PENDING,0.0,51.86927572953698,14.227891522912532,1.0634075702611878,64.47383655065242,6.338011062230836,0.5794174458142811,1.891307284819579,0.37716223673849647,3.421307284819579
1.0,TEMPO,15,Et4NOAc,0.05,1.0,1.0,MeCN:EtOAc=2:8,10.0,PENDING,PENDING,PENDING,0.0,52.98519015681048,14.176535659089302,1.2232371089836311,64.97048675832667,6.313502212514679,0.6626614342347621,1.8384440910901716,0.37454815675564845,3.3684440910901716
1.0,TEMPO,15,Et4NClO4,0.2,1.0,2.0,MeCN:EtOAc=7:3,10.0,PENDING,PENDING,PENDING,0.0,52.21108723887217,14.340357299453958,1.1404901405761652,64.78895540246576,6.3924450643616275,0.6497968174551609,1.8921273516146073,0.3800943422476368,3.4221273516146073
1.0,TEMPO,15,Et4NClO4,0.2,1.0,2.0,MeCN:EtOAc=6:4,10.0,PENDING,PENDING,PENDING,0.0,52.32828353008295,14.26502822211273,1.140631848154257,65.00117154947021,6.360608626647236,0.6814260914387473,1.8936842901627355,0.37819242075358694,3.4236842901627353
1.0,TEMPO,15,Et4NClO4,0.2,1.0,2.0,MeCN:EtOAc=5:5,10.0,PENDING,PENDING,PENDING,0.0,52.638805083678385,14.251110155076772,1.1857388118139935,65.61877494451998,6.357670095406991,0.8086142511557279,1.8854950819382439,0.3778158292452848,3.4154950819382437
1.0,TEMPO,15,Et4NClO4,0.2,1.0,2.0,MeCN:EtOAc=4:6,10.0,PENDING,PENDING,PENDING,0.0,52.14048369623577,14.255497631933371,1.1098688523979168,64.42444679516771,6.359721971190845,0.576507171123428,1.885525498733888,0.3780442753861493,3.415525498733888
1.0,TEMPO,15,Et4NClO4,0.2,1.0,2.0,MeCN:EtOAc=3:7,10.0,PENDING,PENDING,PENDING,0.0,51.005840583323995,14.213510025996571,0.9406579232297458,64.25614380398007,6.333459605828194,0.5420453126735558,1.9470640521029794,0.3758158521324015,3.477064052102979
1.0,TEMPO,15,Et4NClO4,0.2,1.0,2.0,MeCN:EtOAc=2:8,10.0,PENDING,PENDING,PENDING,0.0,52.138296478577345,14.234432402782522,1.1046279116867175,64.7648932261044,6.346100188942169,0.6330108627268844,1.89394031647812,0.37739099834374473,3.42394031647812
1.0,TEMPO,15,Et4NClO4,0.2,1.0,1.5,MeCN:EtOAc=7:3,10.0,PENDING,PENDING,PENDING,0.0,52.19320834694203,14.314450077392225,1.1316572349852523,64.78303407203984,6.381108749245591,0.6456675970452974,1.8925738626030868,0.37943297446790725,3.4225738626030866
1.0,TEMPO,15,Et4NClO4,0.2,1.0,1.5,MeCN:EtOAc=6:4,10.0,PENDING,PENDING,PENDING,0.0,52.31110235378182,14.238007933566083,1.131613465148348,64.99673742335453,6.348790833279659,0.6773274978492709,1.8941444733545982,0.3775030080023651,3.4241444733545983
1.0,TEMPO,15,Et4NClO4,0.2,1.0,1.5,MeCN:EtOAc=5:5,10.0,PENDING,PENDING,PENDING,0.0,52.6239368595297,14.223871733803216,1.1768112671696689,65.61891950882223,6.345807666223679,0.8051237514827607,1.8858945610150866,0.37712069320726443,3.4158945610150866
1.0,TEMPO,15,Et4NClO4,0.2,1.0,1.5,MeCN:EtOAc=4:6,10.0,PENDING,PENDING,PENDING,0.0,52.12172740428322,14.228342627237438,1.1007301975430144,64.41580503818612,6.347890723342641,0.5720578550046345,1.8859292888756547,0.37735304419153515,3.4159292888756547
1.0,TEMPO,15,Et4NClO4,0.2,1.0,1.5,MeCN:EtOAc=3:7,10.0,PENDING,PENDING,PENDING,0.0,50.97884429081806,14.185559222132365,0.9311599786712232,64.24631914425183,6.321179990272295,0.5374486912058398,1.9479185130725838,0.3750852462318458,3.477918513072584
1.0,TEMPO,15,Et4NClO4,0.2,1.0,1.5,MeCN:EtOAc=2:8,10.0,PENDING,PENDING,PENDING,0.0,52.119556223427004,14.20696983351208,1.095438695407203,64.75871755221783,6.334086809754297,0.6287004679452617,1.8944049877452525,0.37669043817472014,3.4244049877452527
1.0,TEMPO,15,Et4NClO4,0.2,1.0,1.0,MeCN:EtOAc=7:3,10.0,PENDING,PENDING,PENDING,0.0,52.21108723887217,14.340357299453958,1.1404901405761652,64.78895540246576,6.3924450643616275,0.6497968174551609,1.8921273516146073,0.3800943422476368,3.4221273516146073
1.0,TEMPO,15,Et4NClO4,0.2,1.0,1.0,MeCN:EtOAc=6:4,10.0,PENDING,PENDING,PENDING,0.0,52.32828353008295,14.26502822211273,1.140631848154257,65.00117154947021,6.360608626647236,0.6814260914387473,1.8936842901627355,0.37819242075358694,3.4236842901627353
1.0,TEMPO,15,Et4NClO4,0.2,1.0,1.0,MeCN:EtOAc=5:5,10.0,PENDING,PENDING,PENDING,0.0,52.63880508367839,14.251110155076773,1.1857388118139944,65.61877494451998,6.357670095406991,0.8086142511557279,1.8854950819382439,0.3778158292452848,3.4154950819382437
1.0,TEMPO,15,Et4NClO4,0.2,1.0,1.0,MeCN:EtOAc=4:6,10.0,PENDING,PENDING,PENDING,0.0,52.14048369623577,14.255497631933371,1.1098688523979168,64.42444679516771,6.359721971190845,0.576507171123428,1.885525498733888,0.3780442753861493,3.415525498733888
1.0,TEMPO,15,Et4NClO4,0.2,1.0,1.0,MeCN:EtOAc=3:7,10.0,PENDING,PENDING,PENDING,0.0,51.005840583323995,14.213510025996571,0.9406579232297458,64.25614380398007,6.333459605828194,0.5420453126735558,1.9470640521029794,0.3758158521324015,3.477064052102979
1.0,TEMPO,15,Et4NClO4,0.2,1.0,1.0,MeCN:EtOAc=2:8,10.0,PENDING,PENDING,PENDING,0.0,52.13829647857735,14.234432402782522,1.1046279116867184,64.7648932261044,6.346100188942169,0.6330108627268844,1.89394031647812,0.37739099834374473,3.42394031647812
1.0,TEMPO,15,Et4NClO4,0.1,1.0,2.0,MeCN:EtOAc=7:3,10.0,PENDING,PENDING,PENDING,0.0,52.19932163849453,14.29253985924313,1.1274330088024218,64.58583136761355,6.365773456657297,0.6059846377959075,1.8865806329751866,0.3786975323174568,3.4165806329751867
1.0,TEMPO,15,Et4NClO4,0.1,1.0,2.0,MeCN:EtOAc=6:4,10.0,PENDING,PENDING,PENDING,0.0,52.318939882739635,14.211656184009142,1.126594575796617,64.8010829724355,6.331603223357233,0.6358028482358791,1.8880826270142639,0.3766240281143864,3.4180826270142637
1.0,TEMPO,15,Et4NClO4,0.1,1.0,2.0,MeCN:EtOAc=5:5,10.0,PENDING,PENDING,PENDING,0.0,52.63699398083226,14.213010159290391,1.1762527763143678,65.41984344443009,6.338919462967102,0.7600746889149166,1.8794816454300485,0.3766249503564604,3.4094816454300485
1.0,TEMPO,15,Et4NClO4,0.1,1.0,2.0,MeCN:EtOAc=4:6,10.0,PENDING,PENDING,PENDING,0.0,52.126766911396196,14.202547292025315,1.0954868042059807,64.21197045521974,6.330093664935443,0.5341023190050409,1.8797753221466138,0.3764937696449527,3.409775322146614
1.0,TEMPO,15,Et4NClO4,0.1,1.0,2.0,MeCN:EtOAc=3:7,10.0,PENDING,PENDING,PENDING,0.0,50.96922860785775,14.152742266989033,0.922943991527144,64.04222696934264,6.302006138719142,0.500803338941261,1.942969764897799,0.37400400047960536,3.4729697648977993
1.0,TEMPO,15,Et4NClO4,0.1,1.0,2.0,MeCN:EtOAc=2:8,10.0,PENDING,PENDING,PENDING,0.0,52.125268629415515,14.183729695901341,1.0908965582694772,64.55565245051311,6.317764855814158,0.5883350499171629,1.8882477371251687,0.37590989637536554,3.418247737125169
1.0,TEMPO,15,Et4NClO4,0.1,1.0,1.5,MeCN:EtOAc=7:3,10.0,PENDING,PENDING,PENDING,0.0,52.1811367778226,14.265931903942878,1.1184342783973529,64.57840492305523,6.35403335049094,0.6016392903676027,1.8869911440725737,0.37801568828903204,3.4169911440725738
1.0,TEMPO,15,Et4NClO4,0.1,1.0,1.5,MeCN:EtOAc=6:4,10.0,PENDING,PENDING,PENDING,0.0,52.30147166927159,14.183836366169917,1.11739251401967,64.79517312658577,6.319338963284455,0.631458122621134,1.888506366391964,0.3759111269073692,3.4185063663919637
1.0,TEMPO,15,Et4NClO4,0.1,1.0,1.5,MeCN:EtOAc=5:5,10.0,PENDING,PENDING,PENDING,0.0,52.62191871382705,14.185227268944116,1.1671904828220065,65.41853059240661,6.326776277114971,0.7562861111773704,1.8798403990345869,0.3759124896190341,3.4098403990345867
1.0,TEMPO,15,Et4NClO4,0.1,1.0,1.5,MeCN:EtOAc=4:6,10.0,PENDING,PENDING,PENDING,0.0,52.10767050648407,14.17459938344023,1.0861669994741963,64.20172407342801,6.317805608694766,0.5294767455076461,1.8801412576918666,0.375779355283981,3.4101412576918664
1.0,TEMPO,15,Et4NClO4,0.1,1.0,1.5,MeCN:EtOAc=3:7,10.0,PENDING,PENDING,PENDING,0.0,50.94165500749777,14.123853145550113,0.9132654306142394,64.0307836689207,6.2892325001237905,0.49605220466601907,1.9438035551615624,0.37324524831655953,3.4738035551615623
1.0,TEMPO,15,Et4NClO4,0.1,1.0,1.5,MeCN:EtOAc=2:8,10.0,PENDING,PENDING,PENDING,0.0,52.1061963074995,14.155510314883534,1.0815342314277325,64.54790665827983,6.3053146024233255,0.5838093268725097,1.888675156492955,0.3751872346725767,3.418675156492955
1.0,TEMPO,15,Et4NClO4,0.1,1.0,1.0,MeCN:EtOAc=7:3,10.0,PENDING,PENDING,PENDING,0.0,52.19932163849453,14.29253985924313,1.1274330088024218,64.58583136761355,6.365773456657297,0.6059846377959075,1.8865806329751866,0.3786975323174568,3.4165806329751867
1.0,TEMPO,15,Et4NClO4,0.1,1.0,1.0,MeCN:EtOAc=6:4,10.0,PENDING,PENDING,PENDING,0.0,52.31893988273963,14.211656184009142,1.1265945757966156,64.8010829724355,6.331603223357233,0.6358028482358791,1.8880826270142632,0.37662402811438644,3.4180826270142632
1.0,TEMPO,15,Et4NClO4,0.1,1.0,1.0,MeCN:EtOAc=5:5,10.0,PENDING,PENDING,PENDING,0.0,52.63699398083226,14.213010159290391,1.1762527763143678,65.41984344443009,6.338919462967102,0.7600746889149166,1.8794816454300485,0.3766249503564604,3.4094816454300485
1.0,TEMPO,15,Et4NClO4,0.1,1.0,1.0,MeCN:EtOAc=4:6,10.0,PENDING,PENDING,PENDING,0.0,52.126766911396224,14.202547292025319,1.0954868042059855,64.21197045521974,6.330093664935443,0.5341023190050409,1.8797753221466136,0.3764937696449527,3.4097753221466136
1.0,TEMPO,15,Et4NClO4,0.1,1.0,1.0,MeCN:EtOAc=3:7,10.0,PENDING,PENDING,PENDING,0.0,50.96922860785775,14.152742266989033,0.922943991527144,64.04222696934264,6.302006138719142,0.500803338941261,1.942969764897799,0.37400400047960536,3.4729697648977993
1.0,TEMPO,15,Et4NClO4,0.1,1.0,1.0,MeCN:EtOAc=2:8,10.0,PENDING,PENDING,PENDING,0.0,52.125268629415515,14.183729695901338,1.0908965582694754,64.55565245051311,6.317764855814158,0.5883350499171629,1.8882477371251691,0.3759098963753655,3.418247737125169
1.0,TEMPO,15,Et4NClO4,0.05,1.0,2.0,MeCN:EtOAc=7:3,10.0,PENDING,PENDING,PENDING,0.0,52.229213616957914,14.313391922022568,1.136895146447256,64.50275572060332,6.375792251167152,0.594033748579663,1.8829570030598501,0.37927020103185105,3.41295700305985
1.0,TEMPO,15,Et4NClO4,0.05,1.0,2.0,MeCN:EtOAc=6:4,10.0,PENDING,PENDING,PENDING,0.0,52.34860760498614,14.231833926137703,1.1358939194991668,64.71606261664661,6.341560029388079,0.6229257844534342,1.8844035676253095,0.37717084312857435,3.4144035676253095
1.0,TEMPO,15,Et4NClO4,0.05,1.0,2.0,MeCN:EtOAc=5:5,10.0,PENDING,PENDING,PENDING,0.0,52.66566566387658,14.2402183677844,1.187364321309389,65.32501348249615,6.3532358808377465,0.7443238209285379,1.8757420038898214,0.3773449567759773,3.4057420038898214
1.0,TEMPO,15,Et4NClO4,0.05,1.0,2.0,MeCN:EtOAc=4:6,10.0,PENDING,PENDING,PENDING,0.0,52.15747361511332,14.223223356391713,1.1048903901706595,64.13068801590255,6.339821770641725,0.5235430275386037,1.8761490660737863,0.37705415960422445,3.4061490660737865
1.0,TEMPO,15,Et4NClO4,0.05,1.0,2.0,MeCN:EtOAc=3:7,10.0,PENDING,PENDING,PENDING,0.0,51.005327524637195,14.171538602659549,0.9316468571491363,63.96294607206381,6.311982225626512,0.49113639866427194,1.9391395821981892,0.3745466105500699,3.4691395821981894
1.0,TEMPO,15,Et4NClO4,0.05,1.0,2.0,MeCN:EtOAc=2:8,10.0,PENDING,PENDING,PENDING,0.0,52.156266700232074,14.205777049738556,1.100644994196129,64.47030360685024,6.328335059441315,0.5763606650723827,1.884516375018523,0.3765145112049036,3.414516375018523
1.0,TEMPO,15,Et4NClO4,0.05,1.0,1.5,MeCN:EtOAc=7:3,10.0,PENDING,PENDING,PENDING,0.0,52.21129987085427,14.287074666301292,1.1279675021492643,64.49476876229998,6.364186384908241,0.5896808003466409,1.8833409980538234,0.37859613293012234,3.4133409980538234
1.0,TEMPO,15,Et4NClO4,0.05,1.0,1.5,MeCN:EtOAc=6:4,10.0,PENDING,PENDING,PENDING,0.0,52.33140963852815,14.20429579374592,1.1267610430067392,64.70957329771947,6.3294304348311945,0.6185660779901554,1.8848002144532772,0.3764653580476802,3.414800214453277
1.0,TEMPO,15,Et4NClO4,0.05,1.0,1.5,MeCN:EtOAc=5:5,10.0,PENDING,PENDING,PENDING,0.0,52.65084964829467,14.212832391021124,1.1783980020150109,65.32302153835758,6.341295139534272,0.7404945010866353,1.8760730948407556,0.37664268346368934,3.406073094840756
1.0,TEMPO,15,Et4NClO4,0.05,1.0,1.5,MeCN:EtOAc=4:6,10.0,PENDING,PENDING,PENDING,0.0,52.1386602697788,14.195565906455455,1.0956391606776732,64.11990084105958,6.327664810535486,0.5189258093079787,1.8764884192145375,0.3763473878188849,3.4064884192145373
1.0,TEMPO,15,Et4NClO4,0.05,1.0,1.5,MeCN:EtOAc=3:7,10.0,PENDING,PENDING,PENDING,0.0,50.97809321264578,14.14291326673477,0.9220167952238962,63.95098147306738,6.299346215830827,0.48640258708055595,1.9399445377354672,0.37379546538667996,3.469944537735467
1.0,TEMPO,15,Et4NClO4,0.05,1.0,1.5,MeCN:EtOAc=2:8,10.0,PENDING,PENDING,PENDING,0.0,52.13748014258789,14.17787048105116,1.0913550102088543,64.46197632365477,6.316028873953751,0.5718320727348118,1.884916152602139,0.3758001983514669,3.4149161526021388
1.0,TEMPO,15,Et4NClO4,0.05,1.0,1.0,MeCN:EtOAc=7:3,10.0,PENDING,PENDING,PENDING,0.0,52.229213616957914,14.313391922022568,1.136895146447256,64.50275572060332,6.375792251167152,0.594033748579663,1.8829570030598501,0.37927020103185105,3.41295700305985
1.0,TEMPO,15,Et4NClO4,0.05,1.0,1.0,MeCN:EtOAc=6:4,10.0,PENDING,PENDING,PENDING,0.0,52.34860760498614,14.231833926137703,1.1358939194991668,64.71606261664661,6.341560029388079,0.6229257844534342,1.8844035676253095,0.37717084312857435,3.4144035676253095
1.0,TEMPO,15,Et4NClO4,0.05,1.0,1.0,MeCN:EtOAc=5:5,10.0,PENDING,PENDING,PENDING,0.0,52.66566566387658,14.2402183677844,1.187364321309389,65.32501348249615,6.3532358808377465,0.7443238209285379,1.8757420038898214,0.3773449567759773,3.4057420038898214
1.0,TEMPO,15,Et4NClO4,0.05,1.0,1.0,MeCN:EtOAc=4:6,10.0,PENDING,PENDING,PENDING,0.0,52.15747361511332,14.223223356391713,1.1048903901706595,64.13068801590255,6.339821770641725,0.5235430275386037,1.8761490660737863,0.37705415960422445,3.4061490660737865
1.0,TEMPO,15,Et4NClO4,0.05,1.0,1.0,MeCN:EtOAc=3:7,10.0,PENDING,PENDING,PENDING,0.0,51.005327524637195,14.171538602659549,0.9316468571491363,63.96294607206381,6.311982225626512,0.49113639866427194,1.9391395821981892,0.3745466105500699,3.4691395821981894
1.0,TEMPO,15,Et4NClO4,0.05,1.0,1.0,MeCN:EtOAc=2:8,10.0,PENDING,PENDING,PENDING,0.0,52.15626670023207,14.205777049738554,1.100644994196128,64.47030360685024,6.328335059441314,0.5763606650723827,1.8845163750185228,0.3765145112049036,3.414516375018523
1.0,TEMPO,15,Et4NBF4,0.2,1.0,2.0,MeCN:EtOAc=7:3,10.0,PENDING,PENDING,PENDING,0.0,53.30737622121242,14.298706353642013,1.3076149710792953,65.28184528968258,6.372049058834306,0.7407630222518728,1.840851246315901,0.37778953983391333,3.370851246315901
1.0,TEMPO,15,Et4NBF4,0.2,1.0,2.0,MeCN:EtOAc=6:4,10.0,PENDING,PENDING,PENDING,0.0,53.445285724974426,14.21156977967202,1.309085866698144,65.50663277683637,6.331896681672409,0.7765446216846192,1.8417340234827275,0.37544875686809276,3.3717340234827278
1.0,TEMPO,15,Et4NBF4,0.2,1.0,2.0,MeCN:EtOAc=5:5,10.0,PENDING,PENDING,PENDING,0.0,53.76163045347936,14.195132194294418,1.360089181405269,66.13299371715568,6.324782358485882,0.9183714592928953,1.8331375652998523,0.37498169566334694,3.3631375652998523
1.0,TEMPO,15,Et4NBF4,0.2,1.0,2.0,MeCN:EtOAc=4:6,10.0,PENDING,PENDING,PENDING,0.0,53.24735587309477,14.198932297122001,1.2722376707400365,64.90535949092495,6.32945907945872,0.6546446620021245,1.8332456518147924,0.375217698129418,3.3632456518147924
1.0,TEMPO,15,Et4NBF4,0.2,1.0,2.0,MeCN:EtOAc=3:7,10.0,PENDING,PENDING,PENDING,0.0,52.13829647857737,14.234432402782522,1.1046279116867193,64.7648932261044,6.346100188942169,0.6330108627268844,1.89394031647812,0.37739099834374473,3.42394031647812
1.0,TEMPO,15,Et4NBF4,0.2,1.0,2.0,MeCN:EtOAc=2:8,10.0,PENDING,PENDING,PENDING,0.0,53.26652224702807,14.190441559772136,1.2733279352075253,65.2719234357162,6.324519820526493,0.7252090363280881,1.8411635603126346,0.37494349905088503,3.3711635603126346
1.0,TEMPO,15,Et4NBF4,0.2,1.0,1.5,MeCN:EtOAc=7:3,10.0,PENDING,PENDING,PENDING,0.0,53.297361207722616,14.272229718677238,1.2991917472246208,65.2794070654544,6.36042474715086,0.7369466301677046,1.8409282737925552,0.37709353162233505,3.370928273792555
1.0,TEMPO,15,Et4NBF4,0.2,1.0,1.5,MeCN:EtOAc=6:4,10.0,PENDING,PENDING,PENDING,0.0,53.436179733499685,14.183778188381533,1.3004494024957434,65.50580737091882,6.319647212517006,0.7727887285927046,1.8418178803464482,0.37471695248399045,3.3718178803464482
1.0,TEMPO,15,Et4NBF4,0.2,1.0,1.5,MeCN:EtOAc=5:5,10.0,PENDING,PENDING,PENDING,0.0,53.75489937453892,14.167075812333971,1.3516120330367576,66.13684674416413,6.31241672518592,0.9154289012485313,1.8331563282750194,0.37424249626407685,3.3631563282750196
1.0,TEMPO,15,Et4NBF4,0.2,1.0,1.5,MeCN:EtOAc=4:6,10.0,PENDING,PENDING,PENDING,0.0,53.23655533764193,14.170947542763953,1.2634023359342996,64.90007086824306,6.317168982787082,0.6503364947421668,1.8332700923221825,0.3744826232910195,3.3632700923221828
1.0,TEMPO,15,Et4NBF4,0.2,1.0,1.5,MeCN:EtOAc=3:7,10.0,PENDING,PENDING,PENDING,0.0,52.119556223427004,14.20696983351208,1.095438695407203,64.75871755221783,6.334086809754297,0.6287004679452617,1.8944049877452525,0.37669043817472014,3.4244049877452527
1.0,TEMPO,15,Et4NBF4,0.2,1.0,1.5,MeCN:EtOAc=2:8,10.0,PENDING,PENDING,PENDING,0.0,53.255970576684746,14.162367235786004,1.2645045174554732,65.26937107006748,6.312196413109641,0.7211979503926076,1.8412434208390478,0.3742054817484178,3.371243420839048
1.0,TEMPO,15,Et4NBF4,0.2,1.0,1.0,MeCN:EtOAc=7:3,10.0,PENDING,PENDING,PENDING,0.0,53.30737622121242,14.298706353642013,1.3076149710792953,65.28184528968258,6.372049058834307,0.7407630222518733,1.8408512463159006,0.37778953983391333,3.3708512463159006
1.0,TEMPO,15,Et4NBF4,0.2,1.0,1.0,MeCN:EtOAc=6:4,10.0,PENDING,PENDING,PENDING,0.0,53.445285724974426,14.211569779672022,1.3090858666981444,65.50663277683637,6.331896681672409,0.7765446216846192,1.8417340234827275,0.37544875686809276,3.3717340234827278
1.0,TEMPO,15,Et4NBF4,0.2,1.0,1.0,MeCN:EtOAc=5:5,10.0,PENDING,PENDING,PENDING,0.0,53.76163045347936,14.195132194294418,1.360089181405269,66.13299371715568,6.324782358485882,0.9183714592928953,1.8331375652998525,0.37498169566334694,3.3631375652998523
1.0,TEMPO,15,Et4NBF4,0.2,1.0,1.0,MeCN:EtOAc=4:6,10.0,PENDING,PENDING,PENDING,0.0,53.24735587309477,14.198932297122001,1.2722376707400365,64.90535949092495,6.32945907945872,0.6546446620021245,1.8332456518147924,0.375217698129418,3.3632456518147924
1.0,TEMPO,15,Et4NBF4,0.2,1.0,1.0,MeCN:EtOAc=3:7,10.0,PENDING,PENDING,PENDING,0.0,52.138296478577345,14.234432402782522,1.1046279116867175,64.7648932261044,6.346100188942169,0.6330108627268844,1.89394031647812,0.37739099834374473,3.42394031647812
1.0,TEMPO,15,Et4NBF4,0.2,1.0,1.0,MeCN:EtOAc=2:8,10.0,PENDING,PENDING,PENDING,0.0,53.26652224702808,14.190441559772136,1.2733279352075257,65.27192343571622,6.3245198205264925,0.7252090363280905,1.8411635603126346,0.37494349905088503,3.3711635603126346
1.0,TEMPO,15,Et4NBF4,0.1,1.0,2.0,MeCN:EtOAc=7:3,10.0,PENDING,PENDING,PENDING,0.0,53.31813077213651,14.258151880957879,1.2991626167564343,65.08279605727583,6.346805045214134,0.6935485664669052,1.8337474237396478,0.3765483907606829,3.363747423739648
1.0,TEMPO,15,Et4NBF4,0.1,1.0,2.0,MeCN:EtOAc=6:4,10.0,PENDING,PENDING,PENDING,0.0,53.45906211528588,14.165023107067997,1.299599886123373,65.31092941348167,6.303853363394182,0.727327123685507,1.8345456829253388,0.37400761625188783,3.364545682925339
1.0,TEMPO,15,Et4NBF4,0.1,1.0,2.0,MeCN:EtOAc=5:5,10.0,PENDING,PENDING,PENDING,0.0,53.78316696445711,14.165097067714413,1.356101154022313,65.93805115014825,6.307695671915797,0.8663057631960753,1.8255027383015487,0.37397576858176995,3.3555027383015488
1.0,TEMPO,15,Et4NBF4,0.1,1.0,2.0,MeCN:EtOAc=4:6,10.0,PENDING,PENDING,PENDING,0.0,53.25642899734781,14.152676967969407,1.2621515406233472,64.69650525769647,6.300645301179908,0.6086874793041441,1.8259016383296278,0.3737924714402186,3.3559016383296276
1.0,TEMPO,15,Et4NBF4,0.1,1.0,2.0,MeCN:EtOAc=3:7,10.0,PENDING,PENDING,PENDING,0.0,52.125268629415515,14.183729695901338,1.0908965582694754,64.55565245051311,6.317764855814158,0.5883350499171629,1.8882477371251687,0.3759098963753655,3.418247737125169
1.0,TEMPO,15,Et4NBF4,0.1,1.0,2.0,MeCN:EtOAc=2:8,10.0,PENDING,PENDING,PENDING,0.0,53.27694874986599,14.147499811120536,1.264293301411449,65.06691905868381,6.297697113730063,0.6768888954752237,1.8338489069639092,0.3736275050656291,3.3638489069639093
1.0,TEMPO,15,Et4NBF4,0.1,1.0,1.5,MeCN:EtOAc=7:3,10.0,PENDING,PENDING,PENDING,0.0,53.30803834923889,14.231095118387122,1.2905970304243266,65.07889231099237,6.334797649967322,0.6894573017805754,1.8337725574897732,0.37583420557460917,3.3637725574897734
1.0,TEMPO,15,Et4NBF4,0.1,1.0,1.5,MeCN:EtOAc=6:4,10.0,PENDING,PENDING,PENDING,0.0,53.44990636233284,14.136543594823799,1.2907997408124672,65.30867225237016,6.291168043841874,0.7232611693214257,1.8345767749622934,0.37325400934891373,3.3645767749622935
1.0,TEMPO,15,Et4NBF4,0.1,1.0,1.5,MeCN:EtOAc=5:5,10.0,PENDING,PENDING,PENDING,0.0,53.776469571631296,14.13663325387414,1.3475280968123786,65.94048563195199,6.295073668841549,0.8630017555446889,1.8254639310184781,0.3732221035595334,3.355463931018478
1.0,TEMPO,15,Et4NBF4,0.1,1.0,1.5,MeCN:EtOAc=4:6,10.0,PENDING,PENDING,PENDING,0.0,53.24552001820982,14.124007844241987,1.2531507615009523,64.6896445674963,6.287905856056994,0.6041447260712876,1.8258718195120023,0.37303585444796694,3.3558718195120023
1.0,TEMPO,15,Et4NBF4,0.1,1.0,1.5,MeCN:EtOAc=3:7,10.0,PENDING,PENDING,PENDING,0.0,52.1061963074995,14.155510314883534,1.0815342314277325,64.54790665827983,6.305314602423326,0.58380932687251,1.8886751564929547,0.3751872346725767,3.418675156492955
1.0,TEMPO,15,Et4NBF4,0.1,1.0,1.5,MeCN:EtOAc=2:8,10.0,PENDING,PENDING,PENDING,0.0,53.26630710484286,14.118799896857979,1.2553188801854045,65.06283835135606,6.284959033197586,0.6725989318130698,1.8338746762774756,0.3728698551563631,3.363874676277476
1.0,TEMPO,15,Et4NBF4,0.1,1.0,1.0,MeCN:EtOAc=7:3,10.0,PENDING,PENDING,PENDING,0.0,53.31813077213651,14.258151880957879,1.2991626167564343,65.08279605727583,6.346805045214134,0.6935485664669052,1.833747423739648,0.37654839076068297,3.363747423739648
1.0,TEMPO,15,Et4NBF4,0.1,1.0,1.0,MeCN:EtOAc=6:4,10.0,PENDING,PENDING,PENDING,0.0,53.45906211528589,14.165023107067997,1.2995998861233735,65.31092941348166,6.303853363394181,0.7273271236855037,1.834545682925339,0.37400761625188783,3.364545682925339
1.0,TEMPO,15,Et4NBF4,0.1,1.0,1.0,MeCN:EtOAc=5:5,10.0,PENDING,PENDING,PENDING,0.0,53.783166964457116,14.165097067714413,1.3561011540223138,65.93805115014825,6.307695671915796,0.8663057631960751,1.8255027383015487,0.37397576858176995,3.3555027383015488
1.0,TEMPO,15,Et4NBF4,0.1,1.0,1.0,MeCN:EtOAc=4:6,10.0,PENDING,PENDING,PENDING,0.0,53.25642899734781,14.152676967969406,1.2621515406233468,64.69650525769649,6.300645301179908,0.608687479304147,1.8259016383296278,0.3737924714402186,3.3559016383296276
1.0,TEMPO,15,Et4NBF4,0.1,1.0,1.0,MeCN:EtOAc=3:7,10.0,PENDING,PENDING,PENDING,0.0,52.1252686294155,14.183729695901338,1.0908965582694732,64.55565245051311,6.317764855814158,0.5883350499171629,1.8882477371251687,0.37590989637536554,3.418247737125169
1.0,TEMPO,15,Et4NBF4,0.1,1.0,1.0,MeCN:EtOAc=2:8,10.0,PENDING,PENDING,PENDING,0.0,53.276948749865994,14.147499811120536,1.2642933014114504,65.06691905868381,6.297697113730063,0.6768888954752237,1.8338489069639092,0.3736275050656291,3.3638489069639093
1.0,TEMPO,15,Et4NBF4,0.05,1.0,2.0,MeCN:EtOAc=7:3,10.0,PENDING,PENDING,PENDING,0.0,53.34319536685977,14.28299818950979,1.3097518482911212,64.99375068842177,6.357879984631803,0.6792419402383598,1.8301977407221641,0.37723889703434993,3.360197740722164
1.0,TEMPO,15,Et4NBF4,0.05,1.0,2.0,MeCN:EtOAc=6:4,10.0,PENDING,PENDING,PENDING,0.0,53.4837678254624,14.189361160711222,1.3100433362120483,65.21979965338267,6.314967619698215,0.7119369865940075,1.8309417999173865,0.37467463938501516,3.3609417999173865
1.0,TEMPO,15,Et4NBF4,0.05,1.0,2.0,MeCN:EtOAc=5:5,10.0,PENDING,PENDING,PENDING,0.0,53.806860652749414,14.197073738272326,1.3686352215466875,65.83670979634864,6.3235971556009,0.84759330731161,1.8218319546610273,0.3748431961431147,3.3518319546610273
1.0,TEMPO,15,Et4NBF4,0.05,1.0,2.0,MeCN:EtOAc=4:6,10.0,PENDING,PENDING,PENDING,0.0,53.282254544094535,14.177568818039793,1.2727393730034455,64.60933871088382,6.311527149515746,0.5960912300740073,1.8223537618962433,0.3744754750903,3.3523537618962433
1.0,TEMPO,15,Et4NBF4,0.05,1.0,2.0,MeCN:EtOAc=3:7,10.0,PENDING,PENDING,PENDING,0.0,52.156266700232074,14.205777049738556,1.100644994196129,64.47030360685024,6.328335059441315,0.5763606650723827,1.884516375018523,0.3765145112049036,3.414516375018523
1.0,TEMPO,15,Et4NBF4,0.05,1.0,2.0,MeCN:EtOAc=2:8,10.0,PENDING,PENDING,PENDING,0.0,53.3029182502756,14.173809771016986,1.2752762133736062,64.97536098880765,6.309390991287369,0.6624726449011955,1.8301948324723174,0.374357894661919,3.3601948324723176
1.0,TEMPO,15,Et4NBF4,0.05,1.0,1.5,MeCN:EtOAc=7:3,10.0,PENDING,PENDING,PENDING,0.0,53.33332484363375,14.256297138239951,1.3012832910794243,64.98922777378606,6.346023209486373,0.6751217740332847,1.8301971738886982,0.37653440983634423,3.3601971738886984
1.0,TEMPO,15,Et4NBF4,0.05,1.0,1.5,MeCN:EtOAc=6:4,10.0,PENDING,PENDING,PENDING,0.0,53.474831133897794,14.161232219233426,1.3013389527272516,65.21690241000383,6.3024357287411785,0.7078324517169519,1.8309466347439538,0.3739304403798681,3.3609466347439536
1.0,TEMPO,15,Et4NBF4,0.05,1.0,1.5,MeCN:EtOAc=5:5,10.0,PENDING,PENDING,PENDING,0.0,53.80037105652219,14.169087954087791,1.360191144666353,65.83839875894026,6.3112046993360496,0.8442169773807162,1.8217662349877193,0.37410225104325046,3.3517662349877195
1.0,TEMPO,15,Et4NBF4,0.05,1.0,1.5,MeCN:EtOAc=4:6,10.0,PENDING,PENDING,PENDING,0.0,53.27157882894107,14.149260425785895,1.263834197294849,64.60187996924726,6.298937574606948,0.5915419192222877,1.822298237119057,0.37372854654433235,3.352298237119057
1.0,TEMPO,15,Et4NBF4,0.05,1.0,1.5,MeCN:EtOAc=3:7,10.0,PENDING,PENDING,PENDING,0.0,52.13748014258789,14.17787048105116,1.0913550102088543,64.46197632365477,6.316028873953751,0.5718320727348118,1.8849161526021385,0.3758001983514669,3.4149161526021388
1.0,TEMPO,15,Et4NBF4,0.05,1.0,1.5,MeCN:EtOAc=2:8,10.0,PENDING,PENDING,PENDING,0.0,53.29251022096478,14.145493350455087,1.2664025355604211,64.97063682719327,6.296814727698122,0.6581579034737084,1.8301938289255777,0.37361068555085825,3.3601938289255777
1.0,TEMPO,15,Et4NBF4,0.05,1.0,1.0,MeCN:EtOAc=7:3,10.0,PENDING,PENDING,PENDING,0.0,53.343195366859774,14.28299818950979,1.3097518482911203,64.99375068842177,6.357879984631803,0.6792419402383598,1.8301977407221643,0.3772388970343499,3.3601977407221644
1.0,TEMPO,15,Et4NBF4,0.05,1.0,1.0,MeCN:EtOAc=6:4,10.0,PENDING,PENDING,PENDING,0.0,53.483767825462394,14.189361160711222,1.3100433362120465,65.21979965338267,6.314967619698215,0.7119369865940075,1.8309417999173863,0.37467463938501516,3.360941799917386
1.0,TEMPO,15,Et4NBF4,0.05,1.0,1.0,MeCN:EtOAc=5:5,10.0,PENDING,PENDING,PENDING,0.0,53.80686065274941,14.197073738272326,1.3686352215466853,65.83670979634864,6.323597155600899,0.8475933073116098,1.8218319546610273,0.3748431961431147,3.3518319546610273
1.0,TEMPO,15,Et4NBF4,0.05,1.0,1.0,MeCN:EtOAc=4:6,10.0,PENDING,PENDING,PENDING,0.0,53.28225454409453,14.177568818039791,1.2727393730034446,64.60933871088382,6.311527149515746,0.5960912300740073,1.822353761896243,0.37447547509029994,3.352353761896243
1.0,TEMPO,15,Et4NBF4,0.05,1.0,1.0,MeCN:EtOAc=3:7,10.0,PENDING,PENDING,PENDING,0.0,52.156266700232074,14.205777049738556,1.100644994196129,64.47030360685024,6.328335059441315,0.5763606650723827,1.8845163750185228,0.3765145112049036,3.414516375018523
1.0,TEMPO,15,Et4NBF4,0.05,1.0,1.0,MeCN:EtOAc=2:8,10.0,PENDING,PENDING,PENDING,0.0,53.3029182502756,14.173809771016984,1.2752762133736057,64.97536098880767,6.309390991287368,0.6624726449011973,1.8301948324723174,0.374357894661919,3.3601948324723176
1.0,TEMPO,10,n-Bu4NOAc,0.2,1.0,2.0,MeCN:EtOAc=7:3,10.0,PENDING,PENDING,PENDING,0.0,50.94555022106823,6.039580811287666,0.007737389696322275,65.2394425167544,2.914267693950261,0.041071374917148185,1.8723945436053167,0.16234906902693488,3.4023945436053165
1.0,TEMPO,10,n-Bu4NOAc,0.2,1.0,2.0,MeCN:EtOAc=6:4,10.0,PENDING,PENDING,PENDING,0.0,51.22468870543405,4.988572639193381,0.0011432071689980988,65.76575766167024,2.4327340443141057,0.023839124709128925,1.875174375607616,0.13401292499906356,3.405174375607616
1.0,TEMPO,10,n-Bu4NOAc,0.2,1.0,2.0,MeCN:EtOAc=5:5,10.0,PENDING,PENDING,PENDING,0.0,52.01307396871664,4.316516623100404,0.0003090562721194696,67.38512578591255,2.109238574437675,0.0651620072187242,1.8544399466434969,0.11648963427631376,3.384439946643497
1.0,TEMPO,10,n-Bu4NOAc,0.2,1.0,2.0,MeCN:EtOAc=4:6,10.0,PENDING,PENDING,PENDING,0.0,50.61574871538203,4.7602619796600125,0.00038029326525744044,64.28356812810684,2.407125015127883,0.0037250228020397173,1.8562681196231408,0.13080758115450894,3.386268119623141
1.0,TEMPO,10,n-Bu4NOAc,0.2,1.0,2.0,MeCN:EtOAc=3:7,10.0,PENDING,PENDING,PENDING,0.0,48.02718300786443,5.3525028293228845,0.00028220012336031396,64.01793043877966,2.6626629760012044,0.006526476634060176,1.9983842557311087,0.16449264482946957,3.5283842557311087
1.0,TEMPO,10,n-Bu4NOAc,0.2,1.0,2.0,MeCN:EtOAc=2:8,10.0,PENDING,PENDING,PENDING,0.0,50.71737796768577,4.657973412490056,0.00030178137513542803,65.21376694025857,2.3891891975166426,0.011265277912749325,1.87441414366062,0.12700378212903146,3.4044141436606203
1.0,TEMPO,10,n-Bu4NOAc,0.2,1.0,1.5,MeCN:EtOAc=7:3,10.0,PENDING,PENDING,PENDING,0.0,50.89087153896738,5.735990309247253,0.004499399708356437,65.23334983407766,2.796126020366694,0.03225508866221147,1.8728818796153794,0.15454147253845388,3.4028818796153795
1.0,TEMPO,10,n-Bu4NOAc,0.2,1.0,1.5,MeCN:EtOAc=6:4,10.0,PENDING,PENDING,PENDING,0.0,51.17205762086655,4.5882140906460505,0.00035661373227760355,65.76560010507524,2.276244588916244,0.015560587625094394,1.8757091762411908,0.12364860442921029,3.405709176241191
1.0,TEMPO,10,n-Bu4NOAc,0.2,1.0,1.5,MeCN:EtOAc=5:5,10.0,PENDING,PENDING,PENDING,0.0,51.971168467808674,3.8231990657272146,4.148589416139994e-05,67.40802253809784,1.9168727260550236,0.04320087843194981,1.85469466467624,0.10380722280522382,3.38469466467624
1.0,TEMPO,10,n-Bu4NOAc,0.2,1.0,1.5,MeCN:EtOAc=4:6,10.0,PENDING,PENDING,PENDING,0.0,50.55142193224296,4.330611735142277,8.192506608597746e-05,64.26360787697985,2.248130062705899,0.001866316072778526,1.856619258046382,0.12008148761792639,3.386619258046382
1.0,TEMPO,10,n-Bu4NOAc,0.2,1.0,1.5,MeCN:EtOAc=3:7,10.0,PENDING,PENDING,PENDING,0.0,47.93245697214641,4.989418733701815,8.438257926411804e-05,63.99725002430614,2.5267146849650355,0.0040219862247613675,2.000417628500275,0.15691809461247047,3.530417628500275
1.0,TEMPO,10,n-Bu4NOAc,0.2,1.0,1.5,MeCN:EtOAc=2:8,10.0,PENDING,PENDING,PENDING,0.0,50.656105086650946,4.2179905399084525,5.7723479507611e-05,65.20675186594374,2.230351285069927,0.006574294168834399,1.8749505130756556,0.1158806051398304,3.4049505130756557
1.0,TEMPO,10,n-Bu4NOAc,0.2,1.0,1.0,MeCN:EtOAc=7:3,10.0,PENDING,PENDING,PENDING,0.0,50.94555022106823,6.0395808112876725,0.007737389696322358,65.2394425167544,2.9142676939502663,0.04107137491714871,1.8723945436053167,0.16234906902693505,3.4023945436053165
1.0,TEMPO,10,n-Bu4NOAc,0.2,1.0,1.0,MeCN:EtOAc=6:4,10.0,PENDING,PENDING,PENDING,0.0,51.22468870543405,4.988572639193381,0.0011432071689980988,65.76575766167024,2.4327340443141057,0.023839124709128925,1.875174375607616,0.13401292499906356,3.405174375607616
1.0,TEMPO,10,n-Bu4NOAc,0.2,1.0,1.0,MeCN:EtOAc=5:5,10.0,PENDING,PENDING,PENDING,0.0,52.01307396871664,4.316516623100404,0.0003090562721194696,67.38512578591255,2.109238574437675,0.0651620072187242,1.8544399466434969,0.11648963427631376,3.384439946643497
1.0,TEMPO,10,n-Bu4NOAc,0.2,1.0,1.0,MeCN:EtOAc=4:6,10.0,PENDING,PENDING,PENDING,0.0,50.61574871538203,4.7602619796600125,0.00038029326525744044,64.28356812810684,2.407125015127883,0.0037250228020397173,1.8562681196231408,0.13080758115450894,3.386268119623141
1.0,TEMPO,10,n-Bu4NOAc,0.2,1.0,1.0,MeCN:EtOAc=3:7,10.0,PENDING,PENDING,PENDING,0.0,48.02718300786443,5.3525028293228845,0.00028220012336031396,64.01793043877966,2.6626629760012044,0.006526476634060176,1.9983842557311087,0.16449264482946957,3.5283842557311087
1.0,TEMPO,10,n-Bu4NOAc,0.2,1.0,1.0,MeCN:EtOAc=2:8,10.0,PENDING,PENDING,PENDING,0.0,50.71737796768577,4.65797341249006,0.00030178137513543844,65.21376694025857,2.3891891975166426,0.011265277912749325,1.8744141436606199,0.12700378212903135,3.40441414366062
1.0,TEMPO,10,n-Bu4NOAc,0.1,1.0,2.0,MeCN:EtOAc=7:3,10.0,PENDING,PENDING,PENDING,0.0,50.89406883738627,5.9689315591362,0.006720478474025078,64.73870433758725,2.7750571552459387,0.01917023355371192,1.8546577350756792,0.1594872682119526,3.3846577350756792
1.0,TEMPO,10,n-Bu4NOAc,0.1,1.0,2.0,MeCN:EtOAc=6:4,10.0,PENDING,PENDING,PENDING,0.0,51.18144236113573,4.8098294965792645,0.000690925637722873,65.27627862950288,2.210761918608214,0.006722510015482186,1.8570580694469512,0.1271997982713653,3.387058069446951
1.0,TEMPO,10,n-Bu4NOAc,0.1,1.0,2.0,MeCN:EtOAc=5:5,10.0,PENDING,PENDING,PENDING,0.0,52.00644068597464,4.516244741621692,0.0005796560774697125,66.90264950397656,2.0926269660500663,0.036527409242533865,1.8341070540804363,0.11923205144406358,3.3641070540804363
1.0,TEMPO,10,n-Bu4NOAc,0.1,1.0,2.0,MeCN:EtOAc=4:6,10.0,PENDING,PENDING,PENDING,0.0,50.53930425352572,4.5622190167946775,0.00018877655984339548,63.734402137107985,2.1651897241937634,0.0005289746463517262,1.8377189934781135,0.123895637350491,3.3677189934781135
1.0,TEMPO,10,n-Bu4NOAc,0.1,1.0,2.0,MeCN:EtOAc=3:7,10.0,PENDING,PENDING,PENDING,0.0,47.86459351312679,5.08985974476849,0.00011169688977790229,63.47739411847262,2.45808994550939,0.0015431366406944962,1.9865176746642714,0.1575229584026762,3.5165176746642715
1.0,TEMPO,10,n-Bu4NOAc,0.1,1.0,2.0,MeCN:EtOAc=2:8,10.0,PENDING,PENDING,PENDING,0.0,50.653069801220894,4.569869017974972,0.00021424437478909444,64.68489340545081,2.201625125453002,0.0028238884638712575,1.8557052363227233,0.12328535239706084,3.3857052363227234
1.0,TEMPO,10,n-Bu4NOAc,0.1,1.0,1.5,MeCN:EtOAc=7:3,10.0,PENDING,PENDING,PENDING,0.0,50.83648358741707,5.662194373391957,0.0038040541859353863,64.72589649431681,2.6476371164432835,0.013661366714597556,1.8549125612948147,0.1515222541033554,3.384912561294815
1.0,TEMPO,10,n-Bu4NOAc,0.1,1.0,1.5,MeCN:EtOAc=6:4,10.0,PENDING,PENDING,PENDING,0.0,51.12593338735633,4.391067873114202,0.00017719364106345403,65.26954224611103,2.031090158690132,0.0032167588595850387,1.8573494945757731,0.1160983135026207,3.387349494575773
1.0,TEMPO,10,n-Bu4NOAc,0.1,1.0,1.5,MeCN:EtOAc=5:5,10.0,PENDING,PENDING,PENDING,0.0,51.96282142393761,4.058549333145074,0.00011410629196238536,66.91951867183292,1.8988048682784027,0.021785467639484524,1.8340398000335316,0.10708161706909376,3.364039800033532
1.0,TEMPO,10,n-Bu4NOAc,0.1,1.0,1.5,MeCN:EtOAc=4:6,10.0,PENDING,PENDING,PENDING,0.0,50.47050149344726,4.108200947936462,2.9459018089867946e-05,63.70597014618225,1.9799516097671381,0.0001517886780907974,1.8378281404469579,0.11236781022500383,3.367828140446958
1.0,TEMPO,10,n-Bu4NOAc,0.1,1.0,1.5,MeCN:EtOAc=3:7,10.0,PENDING,PENDING,PENDING,0.0,47.763349122219964,4.701177022574373,2.4508098960622374e-05,63.449054141751255,2.3049394816781454,0.0007138876810058072,1.9884711677964346,0.14946417274873736,3.5184711677964344
1.0,TEMPO,10,n-Bu4NOAc,0.1,1.0,1.5,MeCN:EtOAc=2:8,10.0,PENDING,PENDING,PENDING,0.0,50.58801169583407,4.121918838040927,3.554712763763693e-05,64.67025776088994,2.023460009648557,0.0011696973270763668,1.8559793546569252,0.11178725983792256,3.385979354656925
1.0,TEMPO,10,n-Bu4NOAc,0.1,1.0,1.0,MeCN:EtOAc=7:3,10.0,PENDING,PENDING,PENDING,0.0,50.89406883738627,5.9689315591362,0.006720478474025078,64.73870433758725,2.7750571552459387,0.01917023355371192,1.854657735075679,0.15948726821195278,3.3846577350756792
1.0,TEMPO,10,n-Bu4NOAc,0.1,1.0,1.0,MeCN:EtOAc=6:4,10.0,PENDING,PENDING,PENDING,0.0,51.18144236113574,4.8098294965792645,0.0006909256377228799,65.27627862950288,2.210761918608214,0.006722510015482186,1.8570580694469512,0.1271997982713654,3.387058069446951
1.0,TEMPO,10,n-Bu4NOAc,0.1,1.0,1.0,MeCN:EtOAc=5:5,10.0,PENDING,PENDING,PENDING,0.0,52.00644068597464,4.516244741621692,0.0005796560774697125,66.90264950397658,2.0926269660500663,0.036527409242534364,1.8341070540804363,0.11923205144406335,3.3641070540804363
1.0,TEMPO,10,n-Bu4NOAc,0.1,1.0,1.0,MeCN:EtOAc=4:6,10.0,PENDING,PENDING,PENDING,0.0,50.53930425352572,4.5622190167946775,0.00018877655984339548,63.734402137107985,2.1651897241937634,0.0005289746463517262,1.837718993478113,0.12389563735049111,3.367718993478113
1.0,TEMPO,10,n-Bu4NOAc,0.1,1.0,1.0,MeCN:EtOAc=3:7,10.0,PENDING,PENDING,PENDING,0.0,47.86459351312681,5.089859744768494,0.00011169688977790662,63.47739411847262,2.4580899455093888,0.0015431366406944494,1.9865176746642714,0.1575229584026762,3.5165176746642715
1.0,TEMPO,10,n-Bu4NOAc,0.1,1.0,1.0,MeCN:EtOAc=2:8,10.0,PENDING,PENDING,PENDING,0.0,50.6530698012209,4.569869017974972,0.00021424437478909444,64.68489340545081,2.2016251254530004,0.0028238884638712262,1.8557052363227236,0.12328535239706073,3.385705236322724
1.0,TEMPO,10,n-Bu4NOAc,0.05,1.0,2.0,MeCN:EtOAc=7:3,10.0,PENDING,PENDING,PENDING,0.0,50.97841589654089,6.372982569686516,0.012840007573589912,64.52310250133658,2.928718622133952,0.022277160517537115,1.8455012534269455,0.17053371231808453,3.3755012534269455
1.0,TEMPO,10,n-Bu4NOAc,0.05,1.0,2.0,MeCN:EtOAc=6:4,10.0,PENDING,PENDING,PENDING,0.0,51.265588181207036,5.303795880640172,0.002434542842249674,65.05270537239713,2.4064730450907588,0.009797305408256407,1.8476488799914617,0.14071206290382815,3.3776488799914617
1.0,TEMPO,10,n-Bu4NOAc,0.05,1.0,2.0,MeCN:EtOAc=5:5,10.0,PENDING,PENDING,PENDING,0.0,52.08581656107841,5.2016491573239785,0.003366560287876734,66.63230697708,2.388148648479427,0.05299862913143433,1.824386156424502,0.1377340414997325,3.354386156424502
1.0,TEMPO,10,n-Bu4NOAc,0.05,1.0,2.0,MeCN:EtOAc=4:6,10.0,PENDING,PENDING,PENDING,0.0,50.63180833442149,5.092109435810224,0.0009617123949900979,63.52892414477105,2.360208552687081,0.0010616519648205154,1.8284961106609654,0.13798868982316678,3.3584961106609654
1.0,TEMPO,10,n-Bu4NOAc,0.05,1.0,2.0,MeCN:EtOAc=3:7,10.0,PENDING,PENDING,PENDING,0.0,47.977263543149036,5.5149587601289785,0.0004232006736026748,63.276565964004845,2.6235642091210742,0.0023335506987094377,1.9766229366527759,0.16713287309533081,3.506622936652776
1.0,TEMPO,10,n-Bu4NOAc,0.05,1.0,2.0,MeCN:EtOAc=2:8,10.0,PENDING,PENDING,PENDING,0.0,50.74469941676368,5.131494392033984,0.0011503260285826503,64.45966514285234,2.407470186039498,0.004692098005364333,1.8460541732516154,0.13846677074037075,3.3760541732516156
1.0,TEMPO,10,n-Bu4NOAc,0.05,1.0,1.5,MeCN:EtOAc=7:3,10.0,PENDING,PENDING,PENDING,0.0,50.92252790731063,6.095623622701257,0.00834082941775921,64.50794730598496,2.8113467819789038,0.01666815805022452,1.8456374230140467,0.16334761292176997,3.3756374230140467
1.0,TEMPO,10,n-Bu4NOAc,0.05,1.0,1.5,MeCN:EtOAc=6:4,10.0,PENDING,PENDING,PENDING,0.0,51.21182563470902,4.938618639281192,0.00099745882585066,65.04347296528243,2.246791531395177,0.005605859486480992,1.847814595915608,0.13106965789928615,3.3778145959156083
1.0,TEMPO,10,n-Bu4NOAc,0.05,1.0,1.5,MeCN:EtOAc=5:5,10.0,PENDING,PENDING,PENDING,0.0,52.04378171768218,4.826429941787334,0.0013960178271689942,66.64531978604971,2.226836536127243,0.03774526800442837,1.8241862673488725,0.12780185295743504,3.3541862673488723
1.0,TEMPO,10,n-Bu4NOAc,0.05,1.0,1.5,MeCN:EtOAc=4:6,10.0,PENDING,PENDING,PENDING,0.0,50.56518523584025,4.702274021674717,0.00030509133494866295,63.49857344015955,2.195761075693596,0.000424285968005339,1.8284810334904549,0.12806259475413817,3.358481033490455
1.0,TEMPO,10,n-Bu4NOAc,0.05,1.0,1.5,MeCN:EtOAc=3:7,10.0,PENDING,PENDING,PENDING,0.0,47.87867976557966,5.1680879630706515,0.0001452346610686969,63.246230512131554,2.4840650044305046,0.0012552334895486045,1.9784372495166995,0.1597606748334658,3.5084372495166996
1.0,TEMPO,10,n-Bu4NOAc,0.05,1.0,1.5,MeCN:EtOAc=2:8,10.0,PENDING,PENDING,PENDING,0.0,50.68169662115115,4.750276682518351,0.00038954012238587906,64.44252496253603,2.250054025902567,0.0024472872988192777,1.8461956579746688,0.12868473439958794,3.3761956579746686
1.0,TEMPO,10,n-Bu4NOAc,0.05,1.0,1.0,MeCN:EtOAc=7:3,10.0,PENDING,PENDING,PENDING,0.0,50.97841589654089,6.372982569686516,0.012840007573589912,64.52310250133658,2.928718622133952,0.022277160517537115,1.8455012534269455,0.17053371231808453,3.3755012534269455
1.0,TEMPO,10,n-Bu4NOAc,0.05,1.0,1.0,MeCN:EtOAc=6:4,10.0,PENDING,PENDING,PENDING,0.0,51.265588181207036,5.303795880640172,0.002434542842249674,65.05270537239713,2.4064730450907588,0.009797305408256407,1.8476488799914617,0.14071206290382815,3.3776488799914617
1.0,TEMPO,10,n-Bu4NOAc,0.05,1.0,1.0,MeCN:EtOAc=5:5,10.0,PENDING,PENDING,PENDING,0.0,52.08581656107841,5.2016491573239785,0.003366560287876734,66.63230697708,2.388148648479427,0.05299862913143433,1.824386156424502,0.1377340414997325,3.354386156424502
1.0,TEMPO,10,n-Bu4NOAc,0.05,1.0,1.0,MeCN:EtOAc=4:6,10.0,PENDING,PENDING,PENDING,0.0,50.63180833442149,5.092109435810224,0.0009617123949900979,63.52892414477105,2.360208552687081,0.0010616519648205154,1.8284961106609654,0.13798868982316678,3.3584961106609654
1.0,TEMPO,10,n-Bu4NOAc,0.05,1.0,1.0,MeCN:EtOAc=3:7,10.0,PENDING,PENDING,PENDING,0.0,47.977263543149036,5.5149587601289785,0.0004232006736026748,63.276565964004845,2.6235642091210742,0.0023335506987094377,1.9766229366527759,0.16713287309533081,3.506622936652776
1.0,TEMPO,10,n-Bu4NOAc,0.05,1.0,1.0,MeCN:EtOAc=2:8,10.0,PENDING,PENDING,PENDING,0.0,50.74469941676368,5.131494392033984,0.0011503260285826503,64.45966514285234,2.407470186039498,0.004692098005364333,1.8460541732516154,0.13846677074037075,3.3760541732516156
1.0,TEMPO,10,n-Bu4NClO4,0.2,1.0,2.0,MeCN:EtOAc=7:3,10.0,PENDING,PENDING,PENDING,0.0,55.848533478863516,5.967733679586639,0.07468520862847244,64.90201406951938,2.7849955305296157,0.023017227823452543,1.8079897921150705,0.15846068377750136,3.3379897921150707
1.0,TEMPO,10,n-Bu4NClO4,0.2,1.0,2.0,MeCN:EtOAc=6:4,10.0,PENDING,PENDING,PENDING,0.0,56.28163641986396,4.336720322190004,0.010184196346397306,65.40719767322415,2.0929077960502127,0.005146655802485141,1.8091214284508617,0.11882538690480093,3.339121428450862
1.0,TEMPO,10,n-Bu4NClO4,0.2,1.0,2.0,MeCN:EtOAc=5:5,10.0,PENDING,PENDING,PENDING,0.0,57.23497690982808,4.116833831735022,0.013096774236545872,67.06531846294786,1.9558940373239122,0.031161942003542636,1.783801326187944,0.11156668991920671,3.313801326187944
1.0,TEMPO,10,n-Bu4NClO4,0.2,1.0,2.0,MeCN:EtOAc=4:6,10.0,PENDING,PENDING,PENDING,0.0,55.66284867684827,5.058555186443325,0.02325555064879062,63.93459654171354,2.316086028382353,0.0015680910689475167,1.7905582707464358,0.13196858479300463,3.320558270746436
1.0,TEMPO,10,n-Bu4NClO4,0.2,1.0,2.0,MeCN:EtOAc=3:7,10.0,PENDING,PENDING,PENDING,0.0,53.097672891543674,5.6027148839125065,0.012565657755853651,63.67555912763864,2.576739707765866,0.0032292201220502706,1.9373046549114554,0.16499555540255204,3.4673046549114552
1.0,TEMPO,10,n-Bu4NClO4,0.2,1.0,2.0,MeCN:EtOAc=2:8,10.0,PENDING,PENDING,PENDING,0.0,55.904925177837406,4.532965603620956,0.011413657914077405,64.85858462226297,2.2087547707129915,0.0037386205870059003,1.8062898755792798,0.12114133007874846,3.33628987557928
1.0,TEMPO,10,n-Bu4NClO4,0.2,1.0,1.5,MeCN:EtOAc=7:3,10.0,PENDING,PENDING,PENDING,0.0,55.86173025434963,5.654654506396018,0.05454028953306034,64.89166425885465,2.6570782776693953,0.016684848241783914,1.8075911555994446,0.15029491310481397,3.3375911555994446
1.0,TEMPO,10,n-Bu4NClO4,0.2,1.0,1.5,MeCN:EtOAc=6:4,10.0,PENDING,PENDING,PENDING,0.0,56.30194068263724,3.836275711990397,0.003308438853941272,65.4019284557305,1.8952162792792382,0.0020760476252458526,1.8087182654247478,0.10632815507491078,3.338718265424748
1.0,TEMPO,10,n-Bu4NClO4,0.2,1.0,1.5,MeCN:EtOAc=5:5,10.0,PENDING,PENDING,PENDING,0.0,57.271956013652684,3.5813918013348376,0.003943832496381583,67.08498516918007,1.7395912961151185,0.01629566712453763,1.7829435355944074,0.09797211136746632,3.3129435355944077
1.0,TEMPO,10,n-Bu4NClO4,0.2,1.0,1.5,MeCN:EtOAc=4:6,10.0,PENDING,PENDING,PENDING,0.0,55.67152036262347,4.661598698522241,0.012352388257723224,63.910000312371125,2.1473425272521087,0.0006419763525751269,1.7899806763952264,0.12133209814305372,3.319980676395226
1.0,TEMPO,10,n-Bu4NClO4,0.2,1.0,1.5,MeCN:EtOAc=3:7,10.0,PENDING,PENDING,PENDING,0.0,53.075552033571576,5.261313263981674,0.0070524183545767685,63.650515340204336,2.4334472261036764,0.0017625674732735172,1.9385485668439637,0.1574391636577847,3.468548566843964
1.0,TEMPO,10,n-Bu4NClO4,0.2,1.0,1.5,MeCN:EtOAc=2:8,10.0,PENDING,PENDING,PENDING,0.0,55.920793499826644,4.068858422287111,0.004336744837124443,64.84679930698152,2.029376476729263,0.0016204350637385977,1.8058150061430545,0.1091443629410201,3.3358150061430543
1.0,TEMPO,10,n-Bu4NClO4,0.2,1.0,1.0,MeCN:EtOAc=7:3,10.0,PENDING,PENDING,PENDING,0.0,55.84853347886351,5.967733679586636,0.07468520862847194,64.90201406951938,2.7849955305296183,0.02301722782345257,1.8079897921150707,0.15846068377750153,3.3379897921150707
1.0,TEMPO,10,n-Bu4NClO4,0.2,1.0,1.0,MeCN:EtOAc=6:4,10.0,PENDING,PENDING,PENDING,0.0,56.28163641986397,4.336720322190004,0.010184196346397362,65.40719767322415,2.0929077960502127,0.005146655802485141,1.8091214284508617,0.11882538690480093,3.339121428450862
1.0,TEMPO,10,n-Bu4NClO4,0.2,1.0,1.0,MeCN:EtOAc=5:5,10.0,PENDING,PENDING,PENDING,0.0,57.23497690982808,4.116833831735022,0.013096774236545872,67.06531846294786,1.9558940373239122,0.031161942003542636,1.7838013261879435,0.11156668991920671,3.3138013261879435
1.0,TEMPO,10,n-Bu4NClO4,0.2,1.0,1.0,MeCN:EtOAc=4:6,10.0,PENDING,PENDING,PENDING,0.0,55.66284867684826,5.058555186443325,0.023255550648790507,63.93459654171354,2.316086028382351,0.0015680910689474838,1.7905582707464358,0.13196858479300463,3.320558270746436
1.0,TEMPO,10,n-Bu4NClO4,0.2,1.0,1.0,MeCN:EtOAc=3:7,10.0,PENDING,PENDING,PENDING,0.0,53.097672891543674,5.6027148839125065,0.012565657755853651,63.67555912763864,2.576739707765866,0.0032292201220502706,1.9373046549114554,0.16499555540255204,3.4673046549114552
1.0,TEMPO,10,n-Bu4NClO4,0.2,1.0,1.0,MeCN:EtOAc=2:8,10.0,PENDING,PENDING,PENDING,0.0,55.904925177837406,4.532965603620956,0.011413657914077405,64.85858462226297,2.2087547707129915,0.0037386205870059003,1.8062898755792798,0.12114133007874846,3.33628987557928
1.0,TEMPO,10,n-Bu4NClO4,0.1,1.0,2.0,MeCN:EtOAc=7:3,10.0,PENDING,PENDING,PENDING,0.0,55.97198341527952,5.212148170817871,0.03402762955687247,64.4186625064683,2.415072683290479,0.0045758620706871644,1.789041029609428,0.13820830718609928,3.319041029609428
1.0,TEMPO,10,n-Bu4NClO4,0.1,1.0,2.0,MeCN:EtOAc=6:4,10.0,PENDING,PENDING,PENDING,0.0,56.42723603577397,2.9643907683757655,0.0001520472439740855,64.93299769703171,1.449445947671614,2.0733877181519688e-05,1.7897122990181509,0.0822202694871356,3.3197122990181507
1.0,TEMPO,10,n-Bu4NClO4,0.1,1.0,2.0,MeCN:EtOAc=5:5,10.0,PENDING,PENDING,PENDING,0.0,57.4328163082199,2.9672604310330772,0.0005692687902646978,66.61435920747749,1.4739794472298124,0.001921999988658333,1.7618420022553491,0.08236151622325642,3.291842002255349
1.0,TEMPO,10,n-Bu4NClO4,0.1,1.0,2.0,MeCN:EtOAc=4:6,10.0,PENDING,PENDING,PENDING,0.0,55.7755226696085,4.024469977688592,0.003452107523098845,63.401972534062935,1.7734012509597041,1.2532080909209286e-05,1.7707255226803218,0.10260835315996018,3.300725522680322
1.0,TEMPO,10,n-Bu4NClO4,0.1,1.0,2.0,MeCN:EtOAc=3:7,10.0,PENDING,PENDING,PENDING,0.0,53.12355299436951,4.654386156020116,0.002048016313539562,63.151270209006505,2.127547749887217,0.0001492118213351516,1.9243617095950054,0.14374523823859842,3.4543617095950054
1.0,TEMPO,10,n-Bu4NClO4,0.1,1.0,2.0,MeCN:EtOAc=2:8,10.0,PENDING,PENDING,PENDING,0.0,56.04073691043115,3.3452184045545015,0.0005215912521438285,64.34851224027375,1.6602684441389022,4.212971058052781e-05,1.7861526188302916,0.08953562470630931,3.3161526188302917
1.0,TEMPO,10,n-Bu4NClO4,0.1,1.0,1.5,MeCN:EtOAc=7:3,10.0,PENDING,PENDING,PENDING,0.0,55.98786821631768,4.8287216108414786,0.019874249469979205,64.40194341891679,2.2560909435093284,0.0023688749148514272,1.7883636323562615,0.1281774138029597,3.3183636323562613
1.0,TEMPO,10,n-Bu4NClO4,0.1,1.0,1.5,MeCN:EtOAc=4:6,10.0,PENDING,PENDING,PENDING,0.0,55.78653845469546,3.4774807477719496,0.0006542119337472219,63.369153199390446,1.5280112096711702,4.629768307322334e-07,1.76985202895327,0.08747488505930485,3.29985202895327
1.0,TEMPO,10,n-Bu4NClO4,0.1,1.0,1.5,MeCN:EtOAc=3:7,10.0,PENDING,PENDING,PENDING,0.0,53.101406975216086,4.208820215785463,0.000581126825026917,63.11886475113667,1.9384023286984595,3.1917145138978865e-05,1.9254913669043308,0.13443996209853787,3.455491366904331
1.0,TEMPO,10,n-Bu4NClO4,0.1,1.0,1.5,MeCN:EtOAc=2:8,10.0,PENDING,PENDING,PENDING,0.0,56.060589468030116,2.6341876589666615,1.1242323976324296e-05,64.3294609706827,1.39310052071445,1.3634037777438186e-06,1.7853437316715837,0.07119228197650489,3.3153437316715837
1.0,TEMPO,10,n-Bu4NClO4,0.1,1.0,1.0,MeCN:EtOAc=7:3,10.0,PENDING,PENDING,PENDING,0.0,55.97198341527952,5.212148170817871,0.03402762955687247,64.4186625064683,2.415072683290479,0.0045758620706871644,1.7890410296094281,0.13820830718609928,3.319041029609428
1.0,TEMPO,10,n-Bu4NClO4,0.1,1.0,1.0,MeCN:EtOAc=6:4,10.0,PENDING,PENDING,PENDING,0.0,56.42723603577397,2.9643907683757655,0.0001520472439740855,64.93299769703171,1.449445947671614,2.0733877181519688e-05,1.7897122990181509,0.0822202694871356,3.3197122990181507
1.0,TEMPO,10,n-Bu4NClO4,0.1,1.0,1.0,MeCN:EtOAc=5:5,10.0,PENDING,PENDING,PENDING,0.0,57.4328163082199,2.9672604310330772,0.0005692687902646978,66.61435920747749,1.4739794472298124,0.001921999988658333,1.7618420022553491,0.08236151622325642,3.291842002255349
1.0,TEMPO,10,n-Bu4NClO4,0.1,1.0,1.0,MeCN:EtOAc=4:6,10.0,PENDING,PENDING,PENDING,0.0,55.7755226696085,4.024469977688592,0.003452107523098845,63.401972534062935,1.7734012509597041,1.2532080909209286e-05,1.7707255226803218,0.10260835315996018,3.300725522680322
1.0,TEMPO,10,n-Bu4NClO4,0.1,1.0,1.0,MeCN:EtOAc=3:7,10.0,PENDING,PENDING,PENDING,0.0,53.12355299436951,4.654386156020116,0.002048016313539562,63.151270209006505,2.127547749887217,0.0001492118213351516,1.9243617095950054,0.14374523823859842,3.4543617095950054
1.0,TEMPO,10,n-Bu4NClO4,0.1,1.0,1.0,MeCN:EtOAc=2:8,10.0,PENDING,PENDING,PENDING,0.0,56.04073691043114,3.3452184045545073,0.0005215912521438432,64.34851224027375,1.6602684441389022,4.212971058052781e-05,1.7861526188302927,0.08953562470630946,3.3161526188302926
1.0,TEMPO,10,n-Bu4NClO4,0.05,1.0,2.0,MeCN:EtOAc=7:3,10.0,PENDING,PENDING,PENDING,0.0,56.00272602376035,5.406931363513294,0.044045410939655,64.21978522298085,2.507876529541081,0.004961167129204809,1.7812208939251657,0.1441764976109317,3.3112208939251655
1.0,TEMPO,10,n-Bu4NClO4,0.05,1.0,2.0,MeCN:EtOAc=6:4,10.0,PENDING,PENDING,PENDING,0.0,56.45357667010295,3.3162034411126693,0.0007383675862623791,64.72735436215949,1.6149468722515496,7.004263222823697e-05,1.781713173092769,0.09190550433639438,3.311713173092769
1.0,TEMPO,10,n-Bu4NClO4,0.05,1.0,2.0,MeCN:EtOAc=5:5,10.0,PENDING,PENDING,PENDING,0.0,57.44888460439883,3.4335622437141886,0.0030613294340355347,66.36309489420539,1.7090930240236761,0.0043698394823659115,1.7537707123639898,0.0957534539258885,3.2837707123639897
1.0,TEMPO,10,n-Bu4NClO4,0.05,1.0,2.0,MeCN:EtOAc=4:6,10.0,PENDING,PENDING,PENDING,0.0,55.81023752893454,4.269185207913472,0.00629690654345863,63.21373466735673,1.896691125145511,2.7040179468810132e-05,1.7628986506688773,0.11028059321505002,3.292898650668877
1.0,TEMPO,10,n-Bu4NClO4,0.05,1.0,2.0,MeCN:EtOAc=3:7,10.0,PENDING,PENDING,PENDING,0.0,53.179091300541046,4.826647478579369,0.0031799245067050848,62.96696350710408,2.225702531970246,0.00020478531383599308,1.915660889159333,0.1483797925284326,3.445660889159333
1.0,TEMPO,10,n-Bu4NClO4,0.05,1.0,2.0,MeCN:EtOAc=2:8,10.0,PENDING,PENDING,PENDING,0.0,56.071057632616444,3.665555772121228,0.0016450282548439096,64.14160392060998,1.8024261961104455,9.438217954343096e-05,1.7780110995690022,0.0991767805072669,3.3080110995690024
1.0,TEMPO,10,n-Bu4NClO4,0.05,1.0,1.5,MeCN:EtOAc=7:3,10.0,PENDING,PENDING,PENDING,0.0,56.0186021481064,5.04244734293973,0.027752860533636875,64.20108863437359,2.356931223365659,0.002732783048695283,1.7804635126828787,0.13470794582858464,3.3104635126828788
1.0,TEMPO,10,n-Bu4NClO4,0.05,1.0,1.5,MeCN:EtOAc=6:4,10.0,PENDING,PENDING,PENDING,0.0,56.477510275585914,2.5835941637404205,1.586202466196204e-05,64.71349429647216,1.3294906472365515,1.8813508175139526e-06,1.7809306980967259,0.07387896732567815,3.310930698096726
1.0,TEMPO,10,n-Bu4NClO4,0.05,1.0,1.5,MeCN:EtOAc=5:5,10.0,PENDING,PENDING,PENDING,0.0,57.491790887252805,2.734900923552084,0.0002026807593147207,66.37479566957126,1.443428474614652,0.0009031183509591173,1.7524206148116688,0.07871467272117906,3.282420614811669
1.0,TEMPO,10,n-Bu4NClO4,0.05,1.0,1.5,MeCN:EtOAc=4:6,10.0,PENDING,PENDING,PENDING,0.0,55.821353461346874,3.7636612829385334,0.0017530344367576618,63.17940821115049,1.6722914328112175,2.0988913282643897e-06,1.7619440839074625,0.09652730980982809,3.2919440839074623
1.0,TEMPO,10,n-Bu4NClO4,0.05,1.0,1.5,MeCN:EtOAc=3:7,10.0,PENDING,PENDING,PENDING,0.0,53.15765060140484,4.402133329077477,0.001087157145403089,62.93292510437783,2.047604542511749,5.406191907609062e-05,1.9166814929384246,0.1394672482389471,3.4466814929384246
1.0,TEMPO,10,n-Bu4NClO4,0.05,1.0,1.5,MeCN:EtOAc=2:8,10.0,PENDING,PENDING,PENDING,0.0,56.09056938895099,3.0389776970045213,0.00014150023974352248,64.12050543166515,1.562974484253104,7.753362195643695e-06,1.7771227715774094,0.08321961698371362,3.3071227715774096
1.0,TEMPO,10,n-Bu4NClO4,0.05,1.0,1.0,MeCN:EtOAc=7:3,10.0,PENDING,PENDING,PENDING,0.0,56.00272602376036,5.40693136351329,0.044045410939654916,64.21978522298085,2.507876529541081,0.004961167129204809,1.7812208939251657,0.1441764976109317,3.3112208939251655
1.0,TEMPO,10,n-Bu4NClO4,0.05,1.0,1.0,MeCN:EtOAc=6:4,10.0,PENDING,PENDING,PENDING,0.0,56.45357667010295,3.3162034411126693,0.0007383675862623791,64.72735436215949,1.6149468722515496,7.004263222823697e-05,1.7817131730927693,0.09190550433639438,3.3117131730927696
1.0,TEMPO,10,n-Bu4NClO4,0.05,1.0,1.0,MeCN:EtOAc=5:5,10.0,PENDING,PENDING,PENDING,0.0,57.44888460439883,3.4335622437141824,0.003061329434035486,66.36309489420537,1.7090930240236761,0.004369839482365807,1.75377071236399,0.09575345392588878,3.28377071236399
1.0,TEMPO,10,n-Bu4NClO4,0.05,1.0,1.0,MeCN:EtOAc=4:6,10.0,PENDING,PENDING,PENDING,0.0,55.81023752893454,4.269185207913472,0.00629690654345863,63.21373466735673,1.896691125145511,2.7040179468810132e-05,1.7628986506688773,0.11028059321505002,3.292898650668877
1.0,TEMPO,10,n-Bu4NClO4,0.05,1.0,1.0,MeCN:EtOAc=3:7,10.0,PENDING,PENDING,PENDING,0.0,53.179091300541046,4.826647478579366,0.0031799245067050813,62.96696350710408,2.2257025319702444,0.00020478531383599612,1.915660889159333,0.1483797925284326,3.445660889159333
1.0,TEMPO,10,n-Bu4NClO4,0.05,1.0,1.0,MeCN:EtOAc=2:8,10.0,PENDING,PENDING,PENDING,0.0,56.07105763261644,3.6655557721212224,0.0016450282548438888,64.14160392060998,1.8024261961104455,9.438217954343096e-05,1.7780110995690024,0.09917678050726733,3.3080110995690024
1.0,TEMPO,10,n-Bu4NBF4,0.2,1.0,2.0,MeCN:EtOAc=7:3,10.0,PENDING,PENDING,PENDING,0.0,61.21100553705049,7.400659964368594,0.9397224202182637,64.87000441552803,2.9974272651721,0.03505158021270588,1.7196742823478106,0.18645997757509666,3.2496742823478106
1.0,TEMPO,10,n-Bu4NBF4,0.2,1.0,2.0,MeCN:EtOAc=6:4,10.0,PENDING,PENDING,PENDING,0.0,61.64703143080424,6.834053129074696,0.8678789387714549,65.39367726607259,2.5599404442087033,0.022046088175102202,1.718677817442941,0.16731506262509627,3.2486778174429407
1.0,TEMPO,10,n-Bu4NBF4,0.2,1.0,2.0,MeCN:EtOAc=5:5,10.0,PENDING,PENDING,PENDING,0.0,62.20482945798394,6.785138265431434,0.9826937880472739,66.95709558591174,2.48233157416363,0.0856963264116189,1.6989945666793216,0.16310285582326445,3.2289945666793214
1.0,TEMPO,10,n-Bu4NBF4,0.2,1.0,2.0,MeCN:EtOAc=4:6,10.0,PENDING,PENDING,PENDING,0.0,61.68440268501939,5.870326025552826,0.6021278928702265,63.91360192630331,2.3466119328184685,0.0017458105339113253,1.6930127659506846,0.14648467241613272,3.223012765950685
1.0,TEMPO,10,n-Bu4NBF4,0.2,1.0,2.0,MeCN:EtOAc=3:7,10.0,PENDING,PENDING,PENDING,0.0,58.933298807055984,7.166569109954751,0.4805471703875963,63.64626594634025,2.758060891771449,0.0057902452899852574,1.8449574001528464,0.19084126580760918,3.374957400152846
1.0,TEMPO,10,n-Bu4NBF4,0.2,1.0,2.0,MeCN:EtOAc=2:8,10.0,PENDING,PENDING,PENDING,0.0,61.48847958549404,6.450806882849926,0.723682939021705,64.82545664568529,2.4990006227656565,0.00996588186150997,1.7139821624970228,0.15918734057973027,3.243982162497023
1.0,TEMPO,10,n-Bu4NBF4,0.2,1.0,1.5,MeCN:EtOAc=7:3,10.0,PENDING,PENDING,PENDING,0.0,61.27833131170403,7.181956135789405,0.8898821700355248,64.8593685979572,2.884557451808412,0.027574093000716116,1.7183036442000175,0.18022887586781836,3.2483036442000177
1.0,TEMPO,10,n-Bu4NBF4,0.2,1.0,1.5,MeCN:EtOAc=6:4,10.0,PENDING,PENDING,PENDING,0.0,61.72020784669679,6.58448496312287,0.8102729071058108,65.38889595054019,2.4146989671164065,0.01491480524977351,1.717261451181003,0.1598900279027432,3.2472614511810027
1.0,TEMPO,10,n-Bu4NBF4,0.2,1.0,1.5,MeCN:EtOAc=5:5,10.0,PENDING,PENDING,PENDING,0.0,62.28353157437731,6.533086884621839,0.9230092683532318,66.97387784628432,2.330403328973566,0.06628359419542912,1.6973240545298178,0.1553814162394651,3.227324054529818
1.0,TEMPO,10,n-Bu4NBF4,0.2,1.0,1.5,MeCN:EtOAc=4:6,10.0,PENDING,PENDING,PENDING,0.0,61.761742071821594,5.550436089518264,0.5316262286059078,63.8890356298742,2.1810407077809013,0.0007464477102055549,1.6912213715645468,0.13732414669262508,3.221221371564547
1.0,TEMPO,10,n-Bu4NBF4,0.2,1.0,1.5,MeCN:EtOAc=3:7,10.0,PENDING,PENDING,PENDING,0.0,58.97594130315805,6.936391641053085,0.4374187458016652,63.62099149426377,2.62910725844799,0.0036515121280320563,1.845112433411981,0.184905473047771,3.375112433411981
1.0,TEMPO,10,n-Bu4NBF4,0.2,1.0,1.5,MeCN:EtOAc=2:8,10.0,PENDING,PENDING,PENDING,0.0,61.56146101558968,6.176534927849421,0.6619296393706284,64.81341043783159,2.3502192462133857,0.006025986067028366,1.712465660206464,0.15119155750947902,3.242465660206464
1.0,TEMPO,10,n-Bu4NBF4,0.2,1.0,1.0,MeCN:EtOAc=7:3,10.0,PENDING,PENDING,PENDING,0.0,61.21100553705049,7.400659964368594,0.9397224202182637,64.87000441552803,2.9974272651721,0.03505158021270588,1.7196742823478106,0.18645997757509666,3.2496742823478106
1.0,TEMPO,10,n-Bu4NBF4,0.2,1.0,1.0,MeCN:EtOAc=6:4,10.0,PENDING,PENDING,PENDING,0.0,61.64703143080424,6.834053129074696,0.8678789387714549,65.39367726607259,2.5599404442087033,0.022046088175102202,1.718677817442941,0.16731506262509627,3.2486778174429407
1.0,TEMPO,10,n-Bu4NBF4,0.2,1.0,1.0,MeCN:EtOAc=5:5,10.0,PENDING,PENDING,PENDING,0.0,62.20482945798394,6.785138265431434,0.9826937880472739,66.95709558591174,2.48233157416363,0.0856963264116189,1.6989945666793216,0.16310285582326445,3.2289945666793214
1.0,TEMPO,10,n-Bu4NBF4,0.2,1.0,1.0,MeCN:EtOAc=4:6,10.0,PENDING,PENDING,PENDING,0.0,61.68440268501939,5.870326025552826,0.6021278928702265,63.91360192630331,2.3466119328184685,0.0017458105339113253,1.6930127659506846,0.14648467241613272,3.223012765950685
1.0,TEMPO,10,n-Bu4NBF4,0.2,1.0,1.0,MeCN:EtOAc=3:7,10.0,PENDING,PENDING,PENDING,0.0,58.933298807055984,7.166569109954751,0.4805471703875963,63.64626594634025,2.758060891771449,0.0057902452899852574,1.8449574001528464,0.19084126580760918,3.374957400152846
1.0,TEMPO,10,n-Bu4NBF4,0.2,1.0,1.0,MeCN:EtOAc=2:8,10.0,PENDING,PENDING,PENDING,0.0,61.48847958549404,6.450806882849926,0.723682939021705,64.82545664568529,2.4990006227656565,0.00996588186150997,1.7139821624970228,0.15918734057973027,3.243982162497023
1.0,TEMPO,10,n-Bu4NBF4,0.1,1.0,2.0,MeCN:EtOAc=7:3,10.0,PENDING,PENDING,PENDING,0.0,61.46687473742803,6.853029023958722,0.8342791661035371,64.38661620319064,2.691837698765791,0.010723787202520776,1.6989568662342305,0.17013901117666164,3.2289568662342303
1.0,TEMPO,10,n-Bu4NBF4,0.1,1.0,2.0,MeCN:EtOAc=6:4,10.0,PENDING,PENDING,PENDING,0.0,61.92052872182117,6.174511296978897,0.7338131043453875,64.9222185150632,2.1358344214621683,0.0030137920164976448,1.6974310339056933,0.14594707521237268,3.2274310339056935
1.0,TEMPO,10,n-Bu4NBF4,0.1,1.0,2.0,MeCN:EtOAc=5:5,10.0,PENDING,PENDING,PENDING,0.0,62.496956216792626,6.258032663749534,0.888731290644803,66.49740060575749,2.2166475655224773,0.031192835425167015,1.6760147061439312,0.14675368325337984,3.2060147061439315
1.0,TEMPO,10,n-Bu4NBF4,0.1,1.0,2.0,MeCN:EtOAc=4:6,10.0,PENDING,PENDING,PENDING,0.0,61.96955994766752,5.002628307452156,0.42837601192826413,63.38200832001883,1.8346673974265824,2.219431897481592e-05,1.6706921637642012,0.11937994437003896,3.2006921637642014
1.0,TEMPO,10,n-Bu4NBF4,0.1,1.0,2.0,MeCN:EtOAc=3:7,10.0,PENDING,PENDING,PENDING,0.0,59.121410911598936,6.530564111696898,0.3731151449190899,63.12209624256495,2.3763644412715985,0.0006243546650575079,1.8297571793726861,0.17343723257967208,3.359757179372686
1.0,TEMPO,10,n-Bu4NBF4,0.1,1.0,2.0,MeCN:EtOAc=2:8,10.0,PENDING,PENDING,PENDING,0.0,61.76320861944353,5.752383297281919,0.5851836233552649,64.31554836455268,2.083061725336233,0.0008880338554404944,1.691993257803112,0.13773651338904944,3.221993257803112
1.0,TEMPO,10,n-Bu4NBF4,0.1,1.0,1.5,MeCN:EtOAc=7:3,10.0,PENDING,PENDING,PENDING,0.0,61.53863109916312,6.603394408103038,0.777247900514707,64.3696455839457,2.5578398347072713,0.007028135343942657,1.6972841086815078,0.16288794053783662,3.227284108681508
1.0,TEMPO,10,n-Bu4NBF4,0.1,1.0,1.5,MeCN:EtOAc=6:4,10.0,PENDING,PENDING,PENDING,0.0,61.99866649912262,5.8808510717909845,0.6662028922026415,64.91126007701028,1.9468537651085516,0.0011662998039319826,1.6956942446213938,0.1368018861083788,3.225694244621394
1.0,TEMPO,10,n-Bu4NBF4,0.1,1.0,1.5,MeCN:EtOAc=5:5,10.0,PENDING,PENDING,PENDING,0.0,62.58090754154933,5.970935397719999,0.819890285142612,66.50885517195869,2.0371399473427694,0.019282201376066663,1.6739781421166677,0.13769639898143943,3.203978142116668
1.0,TEMPO,10,n-Bu4NBF4,0.1,1.0,1.5,MeCN:EtOAc=4:6,10.0,PENDING,PENDING,PENDING,0.0,62.052782673450835,4.598322861463927,0.3452235304067729,63.3493309446267,1.6005630882363366,1.3014574463810303e-06,1.6685380395690914,0.10710132627008162,3.198538039569091
1.0,TEMPO,10,n-Bu4NBF4,0.1,1.0,1.5,MeCN:EtOAc=3:7,10.0,PENDING,PENDING,PENDING,0.0,59.167149649610224,6.26206954761751,0.32691910223900356,63.089497143793004,2.215016874462969,0.00023687365775905238,1.829744043787781,0.16647463841686114,3.359744043787781
1.0,TEMPO,10,n-Bu4NBF4,0.1,1.0,1.5,MeCN:EtOAc=2:8,10.0,PENDING,PENDING,PENDING,0.0,61.84143879905789,5.424958807810493,0.5131752028485249,64.29632726450214,1.8898970395659287,0.00025697832876504616,1.6901297957064043,0.1278236147712641,3.2201297957064043
1.0,TEMPO,10,n-Bu4NBF4,0.1,1.0,1.0,MeCN:EtOAc=7:3,10.0,PENDING,PENDING,PENDING,0.0,61.46687473742803,6.853029023958722,0.8342791661035371,64.38661620319063,2.691837698765791,0.010723787202520652,1.6989568662342303,0.17013901117666147,3.2289568662342303
1.0,TEMPO,10,n-Bu4NBF4,0.1,1.0,1.0,MeCN:EtOAc=6:4,10.0,PENDING,PENDING,PENDING,0.0,61.92052872182117,6.174511296978897,0.7338131043453875,64.92221851506318,2.1358344214621705,0.003013792016497596,1.6974310339056933,0.1459470752123726,3.2274310339056935
1.0,TEMPO,10,n-Bu4NBF4,0.1,1.0,1.0,MeCN:EtOAc=5:5,10.0,PENDING,PENDING,PENDING,0.0,62.496956216792626,6.258032663749534,0.888731290644803,66.4974006057575,2.2166475655224773,0.03119283542516757,1.6760147061439312,0.14675368325337976,3.2060147061439315
1.0,TEMPO,10,n-Bu4NBF4,0.1,1.0,1.0,MeCN:EtOAc=4:6,10.0,PENDING,PENDING,PENDING,0.0,61.96955994766751,5.002628307452164,0.4283760119282649,63.38200832001883,1.8346673974265801,2.2194318974816027e-05,1.670692163764201,0.11937994437003896,3.200692163764201
1.0,TEMPO,10,n-Bu4NBF4,0.1,1.0,1.0,MeCN:EtOAc=3:7,10.0,PENDING,PENDING,PENDING,0.0,59.12141091159893,6.530564111696901,0.3731151449190899,63.12209624256496,2.3763644412716,0.0006243546650575183,1.8297571793726857,0.17343723257967225,3.3597571793726857
1.0,TEMPO,10,n-Bu4NBF4,0.1,1.0,1.0,MeCN:EtOAc=2:8,10.0,PENDING,PENDING,PENDING,0.0,61.76320861944353,5.752383297281916,0.5851836233552641,64.31554836455268,2.083061725336233,0.0008880338554404944,1.6919932578031116,0.13773651338904963,3.2219932578031116
1.0,TEMPO,10,n-Bu4NBF4,0.05,1.0,2.0,MeCN:EtOAc=7:3,10.0,PENDING,PENDING,PENDING,0.0,61.45366396284392,6.9853878635676825,0.8701923846467234,64.18831543827557,2.77699750083348,0.011006528342253102,1.692392938446516,0.17414295428704546,3.222392938446516
1.0,TEMPO,10,n-Bu4NBF4,0.05,1.0,2.0,MeCN:EtOAc=6:4,10.0,PENDING,PENDING,PENDING,0.0,61.9038259583008,6.315302965497151,0.771095751699373,64.71636281871251,2.245484735305355,0.003550946727368356,1.6907407033233146,0.15020344841985542,3.2207407033233144
1.0,TEMPO,10,n-Bu4NBF4,0.05,1.0,2.0,MeCN:EtOAc=5:5,10.0,PENDING,PENDING,PENDING,0.0,62.47803984199391,6.452394416128139,0.9450497193943974,66.24930949361097,2.383147490577362,0.03544661537493893,1.6691190757926344,0.15323752269881433,3.1991190757926344
1.0,TEMPO,10,n-Bu4NBF4,0.05,1.0,2.0,MeCN:EtOAc=4:6,10.0,PENDING,PENDING,PENDING,0.0,61.94953370075298,5.197053058576432,0.47355510594135974,63.19406571336741,1.9611796895746634,4.575065211113918e-05,1.6643404558203798,0.12517963619552183,3.19434045582038
1.0,TEMPO,10,n-Bu4NBF4,0.05,1.0,2.0,MeCN:EtOAc=3:7,10.0,PENDING,PENDING,PENDING,0.0,59.12527674013796,6.64686775056924,0.3966945950252494,62.938313262783666,2.4678764251174274,0.000750802785313285,1.8223685382986805,0.1766141757315929,3.3523685382986805
1.0,TEMPO,10,n-Bu4NBF4,0.05,1.0,2.0,MeCN:EtOAc=2:8,10.0,PENDING,PENDING,PENDING,0.0,61.747221945517865,5.921754188489186,0.6279790251779451,64.10920181199126,2.199516084145333,0.0011688549161891753,1.6852026205228583,0.14298249706227462,3.2152026205228585
1.0,TEMPO,10,n-Bu4NBF4,0.05,1.0,1.5,MeCN:EtOAc=7:3,10.0,PENDING,PENDING,PENDING,0.0,61.524790122032634,6.7432213425793055,0.8146950933219834,64.16936829592966,2.648801750458908,0.007426081020551777,1.6906636339540977,0.16713328873694677,3.2206636339540977
1.0,TEMPO,10,n-Bu4NBF4,0.05,1.0,1.5,MeCN:EtOAc=6:4,10.0,PENDING,PENDING,PENDING,0.0,61.98120940154382,6.031328564234809,0.7053626925446375,64.70329845168217,2.0688123871741535,0.00156428730730971,1.6889466955331316,0.14140722916023327,3.2189466955331314
1.0,TEMPO,10,n-Bu4NBF4,0.05,1.0,1.5,MeCN:EtOAc=5:5,10.0,PENDING,PENDING,PENDING,0.0,62.56120851914985,6.1782226391298485,0.8793494629725163,66.25750815820015,2.2204399996956474,0.023874421711217758,1.6670225909131982,0.1447092523200467,3.197022590913198
1.0,TEMPO,10,n-Bu4NBF4,0.05,1.0,1.5,MeCN:EtOAc=4:6,10.0,PENDING,PENDING,PENDING,0.0,62.03173994275635,4.813627944403057,0.3924567383058607,63.159859657982416,1.7469164280100715,5.009103458797131e-06,1.6621421330410795,0.11365005210452696,3.1921421330410795
1.0,TEMPO,10,n-Bu4NBF4,0.05,1.0,1.5,MeCN:EtOAc=3:7,10.0,PENDING,PENDING,PENDING,0.0,59.17072772577154,6.385521671985275,0.35064170640165193,62.90408135540957,2.314660877101215,0.000315797112965515,1.8222754911428367,0.16983266661652333,3.3522754911428367
1.0,TEMPO,10,n-Bu4NBF4,0.05,1.0,1.5,MeCN:EtOAc=2:8,10.0,PENDING,PENDING,PENDING,0.0,61.82463543863739,5.607780501671952,0.5579944941835627,64.08791644918958,2.0197440083729084,0.00041084530463698227,1.6832826790314983,0.13355463716914912,3.213282679031498
1.0,TEMPO,10,n-Bu4NBF4,0.05,1.0,1.0,MeCN:EtOAc=7:3,10.0,PENDING,PENDING,PENDING,0.0,61.45366396284392,6.9853878635676825,0.8701923846467234,64.18831543827557,2.7769975008334784,0.011006528342253047,1.692392938446516,0.17414295428704554,3.222392938446516
1.0,TEMPO,10,n-Bu4NBF4,0.05,1.0,1.0,MeCN:EtOAc=6:4,10.0,PENDING,PENDING,PENDING,0.0,61.9038259583008,6.315302965497151,0.771095751699373,64.71636281871251,2.245484735305355,0.003550946727368356,1.6907407033233146,0.15020344841985542,3.2207407033233144
1.0,TEMPO,10,n-Bu4NBF4,0.05,1.0,1.0,MeCN:EtOAc=5:5,10.0,PENDING,PENDING,PENDING,0.0,62.47803984199391,6.452394416128139,0.9450497193943974,66.24930949361097,2.383147490577362,0.03544661537493893,1.6691190757926344,0.15323752269881433,3.1991190757926344
1.0,TEMPO,10,n-Bu4NBF4,0.05,1.0,1.0,MeCN:EtOAc=4:6,10.0,PENDING,PENDING,PENDING,0.0,61.94953370075298,5.1970530585764365,0.47355510594136063,63.19406571336741,1.9611796895746596,4.5750652111137876e-05,1.6643404558203798,0.12517963619552183,3.19434045582038
1.0,TEMPO,10,n-Bu4NBF4,0.05,1.0,1.0,MeCN:EtOAc=3:7,10.0,PENDING,PENDING,PENDING,0.0,59.12527674013796,6.64686775056924,0.3966945950252494,62.938313262783666,2.4678764251174274,0.000750802785313285,1.8223685382986805,0.17661417573159297,3.3523685382986805
1.0,TEMPO,10,n-Bu4NBF4,0.05,1.0,1.0,MeCN:EtOAc=2:8,10.0,PENDING,PENDING,PENDING,0.0,61.747221945517865,5.92175418848918,0.6279790251779438,64.10920181199126,2.1995160841453316,0.0011688549161891718,1.6852026205228583,0.1429824970622745,3.2152026205228585
1.0,TEMPO,10,Et4NOAc,0.2,1.0,2.0,MeCN:EtOAc=7:3,10.0,PENDING,PENDING,PENDING,0.0,50.17143043443177,5.995840407973817,0.004718490226905694,64.6994986646934,2.8018672904799145,0.01966937593981284,1.8743076301569275,0.16138681475748648,3.4043076301569277
1.0,TEMPO,10,Et4NOAc,0.2,1.0,2.0,MeCN:EtOAc=6:4,10.0,PENDING,PENDING,PENDING,0.0,50.442428816462495,4.7556291257921846,0.00032501087138443307,65.2672673827914,2.2350957443523494,0.0072492298793831525,1.877241671897817,0.1286345559306692,3.4072416718978173
1.0,TEMPO,10,Et4NOAc,0.2,1.0,2.0,MeCN:EtOAc=5:5,10.0,PENDING,PENDING,PENDING,0.0,51.23322276795886,4.758049156018947,0.000622590139239692,66.80756501078238,2.2636122243265797,0.04885922749932023,1.8549407222466248,0.12777006991616727,3.3849407222466246
1.0,TEMPO,10,Et4NOAc,0.2,1.0,2.0,MeCN:EtOAc=4:6,10.0,PENDING,PENDING,PENDING,0.0,49.73654166640241,4.264372696655609,2.7284420378391417e-05,63.653492303413586,2.090948071543461,0.0002932534773224722,1.8596901623395006,0.11895573666416707,3.389690162339501
1.0,TEMPO,10,Et4NOAc,0.2,1.0,2.0,MeCN:EtOAc=3:7,10.0,PENDING,PENDING,PENDING,0.0,47.24502454096741,5.448918834507726,0.00020701261910155552,63.47225115390481,2.5783055790684535,0.0025120200478732473,2.0010531135194216,0.1657139444833314,3.5310531135194214
1.0,TEMPO,10,Et4NOAc,0.2,1.0,2.0,MeCN:EtOAc=2:8,10.0,PENDING,PENDING,PENDING,0.0,49.89389856550977,4.585356845177924,0.00011459026702072468,64.64091296403824,2.233025573962039,0.0030292502309277533,1.8765093156598451,0.12547324915294336,3.406509315659845
1.0,TEMPO,10,Et4NOAc,0.2,1.0,1.5,MeCN:EtOAc=7:3,10.0,PENDING,PENDING,PENDING,0.0,50.105099963698095,5.687076477595083,0.002561831760445915,64.68560461110278,2.6753351125839475,0.01410069445423033,1.8748366122563567,0.1534758225596431,3.4048366122563567
1.0,TEMPO,10,Et4NOAc,0.2,1.0,1.5,MeCN:EtOAc=6:4,10.0,PENDING,PENDING,PENDING,0.0,50.37771790442079,4.3240970983193865,6.732260862051518e-05,65.26031767079299,2.0574406359874615,0.003564594466480619,1.877825164648197,0.11759560472921687,3.407825164648197
1.0,TEMPO,10,Et4NOAc,0.2,1.0,1.5,MeCN:EtOAc=5:5,10.0,PENDING,PENDING,PENDING,0.0,51.17937716305592,4.327976278952666,0.00014834237544589495,66.82180446774767,2.0897810067999933,0.03296440843243156,1.855191271694584,0.11665304264236487,3.385191271694584
1.0,TEMPO,10,Et4NOAc,0.2,1.0,1.5,MeCN:EtOAc=4:6,10.0,PENDING,PENDING,PENDING,0.0,49.656197104633776,3.7541397999115933,1.6442932016548089e-06,63.62227842808803,1.8928904413874361,6.458139839803415e-05,1.8601491313510181,0.10649415378014152,3.390149131351018
1.0,TEMPO,10,Et4NOAc,0.2,1.0,1.5,MeCN:EtOAc=3:7,10.0,PENDING,PENDING,PENDING,0.0,47.13841614625399,5.093905571569743,6.169162900267178e-05,63.44370982916157,2.4350542278174947,0.0013290544659573366,2.003143030474443,0.15821192894957428,3.5331430304744433
1.0,TEMPO,10,Et4NOAc,0.2,1.0,1.5,MeCN:EtOAc=2:8,10.0,PENDING,PENDING,PENDING,0.0,49.818978033286704,4.132355468070414,1.6207173849676316e-05,64.62487166157443,2.056727830437904,0.0012929069953437865,1.877098949306883,0.11410170783153689,3.4070989493068833
1.0,TEMPO,10,Et4NOAc,0.2,1.0,1.0,MeCN:EtOAc=7:3,10.0,PENDING,PENDING,PENDING,0.0,50.17143043443176,5.995840407973813,0.0047184902269055765,64.6994986646934,2.8018672904799145,0.01966937593981284,1.8743076301569275,0.16138681475748648,3.4043076301569277
1.0,TEMPO,10,Et4NOAc,0.2,1.0,1.0,MeCN:EtOAc=6:4,10.0,PENDING,PENDING,PENDING,0.0,50.442428816462495,4.7556291257921846,0.00032501087138443307,65.2672673827914,2.235095744352346,0.0072492298793830415,1.877241671897817,0.1286345559306692,3.4072416718978173
1.0,TEMPO,10,Et4NOAc,0.2,1.0,1.0,MeCN:EtOAc=5:5,10.0,PENDING,PENDING,PENDING,0.0,51.23322276795885,4.758049156018956,0.0006225901392397136,66.80756501078238,2.263612224326575,0.04885922749931981,1.8549407222466248,0.12777006991616727,3.3849407222466246
1.0,TEMPO,10,Et4NOAc,0.2,1.0,1.0,MeCN:EtOAc=4:6,10.0,PENDING,PENDING,PENDING,0.0,49.73654166640241,4.264372696655609,2.7284420378391417e-05,63.653492303413586,2.0909480715434627,0.00029325347732247565,1.8596901623395006,0.11895573666416707,3.389690162339501
1.0,TEMPO,10,Et4NOAc,0.2,1.0,1.0,MeCN:EtOAc=3:7,10.0,PENDING,PENDING,PENDING,0.0,47.24502454096741,5.448918834507719,0.00020701261910155248,63.47225115390481,2.5783055790684535,0.0025120200478732473,2.001053113519422,0.1657139444833315,3.5310531135194223
1.0,TEMPO,10,Et4NOAc,0.2,1.0,1.0,MeCN:EtOAc=2:8,10.0,PENDING,PENDING,PENDING,0.0,49.89389856550977,4.585356845177924,0.00011459026702072468,64.64091296403824,2.233025573962039,0.0030292502309277533,1.8765093156598451,0.12547324915294317,3.406509315659845
1.0,TEMPO,10,Et4NOAc,0.1,1.0,2.0,MeCN:EtOAc=7:3,10.0,PENDING,PENDING,PENDING,0.0,50.081239076872684,5.348833465385598,0.00121622603504558,64.20296435807217,2.461036617682073,0.004106081809308458,1.8580174999191348,0.1427956431738709,3.388017499919135
1.0,TEMPO,10,Et4NOAc,0.1,1.0,2.0,MeCN:EtOAc=6:4,10.0,PENDING,PENDING,PENDING,0.0,50.358818452478516,3.716148767329302,3.272738466266644e-06,64.78615738196201,1.703003913008342,0.00017553440249738457,1.8606715181511027,0.09823276834649805,3.3906715181511027
1.0,TEMPO,10,Et4NOAc,0.1,1.0,2.0,MeCN:EtOAc=5:5,10.0,PENDING,PENDING,PENDING,0.0,51.185576115771305,4.121838947438942,6.654260985686114e-05,66.33638651448072,1.9604783510411505,0.011872312680512961,1.8362026377922684,0.10754559335035155,3.3662026377922682
1.0,TEMPO,10,Et4NOAc,0.1,1.0,2.0,MeCN:EtOAc=4:6,10.0,PENDING,PENDING,PENDING,0.0,49.60801640434254,3.0200995933678003,2.572766187216851e-09,63.096834449061724,1.4694016961756928,6.395740793469081e-08,1.842871098162807,0.08460732377694387,3.3728710981628067
1.0,TEMPO,10,Et4NOAc,0.1,1.0,2.0,MeCN:EtOAc=3:7,10.0,PENDING,PENDING,PENDING,0.0,47.04313660707008,4.552512930762833,6.162758010461243e-06,62.93499553322406,2.156165210020609,0.00012187607367114637,1.990527898538854,0.14535968876681812,3.520527898538854
1.0,TEMPO,10,Et4NOAc,0.1,1.0,2.0,MeCN:EtOAc=2:8,10.0,PENDING,PENDING,PENDING,0.0,49.78418772848597,3.595585912175033,6.767506461683977e-07,64.11501157731996,1.7350922623864744,4.8885351505120506e-05,1.8594558256404883,0.09747958681251925,3.3894558256404883
1.0,TEMPO,10,Et4NOAc,0.1,1.0,1.5,MeCN:EtOAc=7:3,10.0,PENDING,PENDING,PENDING,0.0,50.01056651688218,4.982594280800738,0.00044943412789974317,64.18213721248408,2.3067137809834297,0.0021518157076883884,1.8583600124339636,0.1332777343443786,3.3883600124339637
1.0,TEMPO,10,Et4NOAc,0.1,1.0,1.5,MeCN:EtOAc=6:4,10.0,PENDING,PENDING,PENDING,0.0,50.28959248574555,3.108258629606294,2.485494006928453e-08,64.77260325862747,1.4433978127384361,1.1879766771111624e-05,1.861065836023869,0.08215129455389326,3.391065836023869
1.0,TEMPO,10,Et4NOAc,0.1,1.0,1.5,MeCN:EtOAc=5:5,10.0,PENDING,PENDING,PENDING,0.0,51.12835531228137,3.597869762356305,4.387397730725752e-06,66.34486882296008,1.747077979480113,0.005072499353243866,1.8361882465483257,0.09341409715359603,3.366188246548326
1.0,TEMPO,10,Et4NOAc,0.1,1.0,1.5,MeCN:EtOAc=3:7,10.0,PENDING,PENDING,PENDING,0.0,46.928533925899316,4.093955410403141,4.1744467546906734e-07,62.898564054491345,1.9704274161671143,2.620404834332993e-05,1.992576191449134,0.13621381011616554,3.522576191449134
1.0,TEMPO,10,Et4NOAc,0.1,1.0,1.5,MeCN:EtOAc=2:8,10.0,PENDING,PENDING,PENDING,0.0,49.703273216293795,2.9605951767431997,1.5225506960916978e-09,64.0908292089156,1.4844178339407847,2.477292132768256e-06,1.859848593621592,0.08131807886445586,3.389848593621592
1.0,TEMPO,10,Et4NOAc,0.1,1.0,1.0,MeCN:EtOAc=7:3,10.0,PENDING,PENDING,PENDING,0.0,50.08123907687269,5.348833465385593,0.001216226035045601,64.20296435807217,2.461036617682073,0.004106081809308458,1.8580174999191348,0.1427956431738709,3.388017499919135
1.0,TEMPO,10,Et4NOAc,0.1,1.0,1.0,MeCN:EtOAc=6:4,10.0,PENDING,PENDING,PENDING,0.0,50.358818452478516,3.716148767329302,3.272738466266644e-06,64.78615738196201,1.703003913008342,0.00017553440249738457,1.8606715181511027,0.09823276834649805,3.3906715181511027
1.0,TEMPO,10,Et4NOAc,0.1,1.0,1.0,MeCN:EtOAc=5:5,10.0,PENDING,PENDING,PENDING,0.0,51.18557611577131,4.121838947438947,6.654260985686331e-05,66.33638651448072,1.9604783510411563,0.011872312680513267,1.8362026377922684,0.10754559335035155,3.3662026377922682
1.0,TEMPO,10,Et4NOAc,0.1,1.0,1.0,MeCN:EtOAc=4:6,10.0,PENDING,PENDING,PENDING,0.0,49.60801640434254,3.0200995933678003,2.572766187216851e-09,63.09683444906172,1.4694016961756955,6.39574079346959e-08,1.842871098162807,0.08460732377694387,3.3728710981628067
1.0,TEMPO,10,Et4NOAc,0.1,1.0,1.0,MeCN:EtOAc=3:7,10.0,PENDING,PENDING,PENDING,0.0,47.04313660707008,4.552512930762828,6.162758010461351e-06,62.93499553322406,2.1561652100206055,0.00012187607367114116,1.990527898538854,0.145359688766818,3.520527898538854
1.0,TEMPO,10,Et4NOAc,0.1,1.0,1.0,MeCN:EtOAc=2:8,10.0,PENDING,PENDING,PENDING,0.0,49.784187728485975,3.595585912175044,6.767506461684519e-07,64.11501157731995,1.7350922623864744,4.888535150511823e-05,1.8594558256404883,0.09747958681251925,3.3894558256404883
1.0,TEMPO,10,Et4NOAc,0.05,1.0,2.0,MeCN:EtOAc=7:3,10.0,PENDING,PENDING,PENDING,0.0,50.17127559562869,5.562784950354133,0.0020719920026004805,64.00641639511565,2.561705493670044,0.004605878607128071,1.8493725259197606,0.148796171386945,3.3793725259197607
1.0,TEMPO,10,Et4NOAc,0.05,1.0,2.0,MeCN:EtOAc=6:4,10.0,PENDING,PENDING,PENDING,0.0,50.44888682212307,4.003900857390136,1.7569426492590316e-05,64.58108768404267,1.850407459754176,0.00034442907885649365,1.851791902868706,0.10627181839201805,3.381791902868706
1.0,TEMPO,10,Et4NOAc,0.05,1.0,2.0,MeCN:EtOAc=5:5,10.0,PENDING,PENDING,PENDING,0.0,51.270417272576125,4.518717512794518,0.00031101494265849215,66.08911796933155,2.156269093510981,0.01618836801566423,1.8271233945436884,0.11837750822387308,3.3571233945436885
1.0,TEMPO,10,Et4NOAc,0.05,1.0,2.0,MeCN:EtOAc=4:6,10.0,PENDING,PENDING,PENDING,0.0,49.70980662260034,3.4059229211902244,1.4126569368883069e-07,62.91402111790452,1.643026302042361,6.390169266729473e-07,1.834113903829693,0.09479188940058475,3.364113903829693
1.0,TEMPO,10,Et4NOAc,0.05,1.0,2.0,MeCN:EtOAc=3:7,10.0,PENDING,PENDING,PENDING,0.0,47.16169388198965,4.754562899210432,1.7179976162151308e-05,62.752979892793185,2.2641514683734063,0.00018036819614258284,1.9810808874450445,0.1501714231278204,3.5110808874450443
1.0,TEMPO,10,Et4NOAc,0.05,1.0,2.0,MeCN:EtOAc=2:8,10.0,PENDING,PENDING,PENDING,0.0,49.88287598554494,3.931175995987407,6.2241590887566404e-06,63.911081000882504,1.885736398534403,0.00011290437402969073,1.8503577088759822,0.10672077623058811,3.380357708875982
1.0,TEMPO,10,Et4NOAc,0.05,1.0,1.5,MeCN:EtOAc=7:3,10.0,PENDING,PENDING,PENDING,0.0,50.10258040856425,5.215925892807172,0.0008956176001811682,63.9837453297334,2.4157713026922027,0.00258299760407368,1.8496066127455926,0.1398037064368672,3.379606612745593
1.0,TEMPO,10,Et4NOAc,0.05,1.0,1.5,MeCN:EtOAc=6:4,10.0,PENDING,PENDING,PENDING,0.0,50.381736822123734,3.453574376292684,5.782823900221481e-07,64.56551257364318,1.6180874592522931,4.7971205635666215e-05,1.852070803748594,0.09178868524519275,3.382070803748594
1.0,TEMPO,10,Et4NOAc,0.05,1.0,1.5,MeCN:EtOAc=5:5,10.0,PENDING,PENDING,PENDING,0.0,51.215074775499204,4.055516935686699,5.170560613931949e-05,66.09440501678648,1.9682991861207921,0.008621387657706883,1.826994054362049,0.10594132452040912,3.3569940543620493
1.0,TEMPO,10,Et4NOAc,0.05,1.0,1.5,MeCN:EtOAc=4:6,10.0,PENDING,PENDING,PENDING,0.0,49.624700678313275,2.702013623317176,3.276029596280801e-11,62.87165882303005,1.364014590701562,2.576773771816019e-09,1.8342904938977798,0.07755820189177609,3.36429049389778
1.0,TEMPO,10,Et4NOAc,0.05,1.0,1.5,MeCN:EtOAc=3:7,10.0,PENDING,PENDING,PENDING,0.0,47.05004548484026,4.321683929357982,1.8944800366036738e-06,62.715039128644435,2.0902496000556243,4.8936952180926954e-05,1.9829980110661618,0.1414250099432791,3.512998011066162
1.0,TEMPO,10,Et4NOAc,0.05,1.0,1.5,MeCN:EtOAc=2:8,10.0,PENDING,PENDING,PENDING,0.0,49.804509037813695,3.3681310957449933,1.1969556603872476e-07,63.885078242890074,1.6613274682313763,1.2871160649603882e-05,1.850627879099903,0.09240031081604738,3.3806278790999027
1.0,TEMPO,10,Et4NOAc,0.05,1.0,1.0,MeCN:EtOAc=7:3,10.0,PENDING,PENDING,PENDING,0.0,50.17127559562869,5.562784950354133,0.0020719920026004805,64.00641639511565,2.561705493670044,0.004605878607128071,1.8493725259197609,0.148796171386945,3.379372525919761
1.0,TEMPO,10,Et4NOAc,0.05,1.0,1.0,MeCN:EtOAc=6:4,10.0,PENDING,PENDING,PENDING,0.0,50.448886822123086,4.003900857390136,1.7569426492590587e-05,64.58108768404267,1.8504074597541782,0.0003444290788564919,1.851791902868706,0.10627181839201805,3.381791902868706
1.0,TEMPO,10,Et4NOAc,0.05,1.0,1.0,MeCN:EtOAc=5:5,10.0,PENDING,PENDING,PENDING,0.0,51.270417272576125,4.518717512794522,0.0003110149426584965,66.08911796933155,2.156269093510983,0.01618836801566438,1.8271233945436878,0.11837750822387308,3.357123394543688
1.0,TEMPO,10,Et4NOAc,0.05,1.0,1.0,MeCN:EtOAc=4:6,10.0,PENDING,PENDING,PENDING,0.0,49.70980662260034,3.4059229211902244,1.4126569368883069e-07,62.91402111790452,1.643026302042361,6.390169266729473e-07,1.834113903829693,0.09479188940058475,3.364113903829693
1.0,TEMPO,10,Et4NOAc,0.05,1.0,1.0,MeCN:EtOAc=3:7,10.0,PENDING,PENDING,PENDING,0.0,47.16169388198965,4.754562899210432,1.7179976162151308e-05,62.752979892793185,2.2641514683734063,0.00018036819614258284,1.9810808874450445,0.1501714231278204,3.5110808874450443
1.0,TEMPO,10,Et4NOAc,0.05,1.0,1.0,MeCN:EtOAc=2:8,10.0,PENDING,PENDING,PENDING,0.0,49.88287598554495,3.931175995987412,6.2241590887566404e-06,63.911081000882504,1.885736398534405,0.00011290437402969376,1.8503577088759822,0.10672077623058823,3.380357708875982
1.0,TEMPO,10,Et4NClO4,0.2,1.0,2.0,MeCN:EtOAc=7:3,10.0,PENDING,PENDING,PENDING,0.0,48.240899705836995,6.349758409416136,0.003009813109028203,63.58360936671358,2.968042450503619,0.009941394964150418,1.9791646514050352,0.18497664318655058,3.509164651405035
1.0,TEMPO,10,Et4NClO4,0.2,1.0,2.0,MeCN:EtOAc=6:4,10.0,PENDING,PENDING,PENDING,0.0,48.44014466966642,5.474571242812591,0.0005289507302954416,64.07332599633753,2.5946673206184014,0.005585008484991806,1.9843346959319503,0.1652444062713256,3.51433469593195
1.0,TEMPO,10,Et4NClO4,0.2,1.0,2.0,MeCN:EtOAc=5:5,10.0,PENDING,PENDING,PENDING,0.0,49.237542446931826,5.2772573815850645,0.0005614812280537625,65.6469059837212,2.5656735766427134,0.02899064334890472,1.9634775833355316,0.1608886223154007,3.4934775833355314
1.0,TEMPO,10,Et4NClO4,0.2,1.0,2.0,MeCN:EtOAc=4:6,10.0,PENDING,PENDING,PENDING,0.0,47.86348499405504,5.3474403403812625,0.00024599342949803904,62.6424973563028,2.584896787402982,0.0008577538754125941,1.9658492965995669,0.16420470797154618,3.495849296599567
1.0,TEMPO,10,Et4NClO4,0.2,1.0,2.0,MeCN:EtOAc=3:7,10.0,PENDING,PENDING,PENDING,0.0,45.01698623665153,4.294010553815961,1.3648064563614575e-07,62.24976407869394,2.0878286380246744,1.8468943048455678e-05,2.1210757045443245,0.12088029792378686,3.6510757045443247
1.0,TEMPO,10,Et4NClO4,0.2,1.0,2.0,MeCN:EtOAc=2:8,10.0,PENDING,PENDING,PENDING,0.0,47.86459351312679,5.08985974476849,0.00011169688977790229,63.477394118472624,2.4580899455093888,0.0015431366406944685,1.9865176746642714,0.15752295840267636,3.5165176746642715
1.0,TEMPO,10,Et4NClO4,0.2,1.0,1.5,MeCN:EtOAc=7:3,10.0,PENDING,PENDING,PENDING,0.0,48.150791764609615,6.068918493062107,0.0016853943929406277,63.55805497624495,2.852908166467094,0.007017163549076999,1.980938229936916,0.1787077382551494,3.510938229936916
1.0,TEMPO,10,Et4NClO4,0.2,1.0,1.5,MeCN:EtOAc=6:4,10.0,PENDING,PENDING,PENDING,0.0,48.349752670610066,5.124202906231628,0.00018462574134745337,64.05291625001024,2.452378116536897,0.0032730848931684896,1.9862123730892418,0.15772713459494886,3.5162123730892416
1.0,TEMPO,10,Et4NClO4,0.2,1.0,1.5,MeCN:EtOAc=5:5,10.0,PENDING,PENDING,PENDING,0.0,49.158214394420334,4.9078983142561885,0.00018061142546918181,65.64792477459672,2.42143432372117,0.020351170456840803,1.965071750773564,0.1530586167240932,3.495071750773564
1.0,TEMPO,10,Et4NClO4,0.2,1.0,1.5,MeCN:EtOAc=4:6,10.0,PENDING,PENDING,PENDING,0.0,47.76263287072919,4.984343672218962,7.16928614859101e-05,62.603677461248935,2.4418808790226696,0.0003989873566658964,1.9675388743854767,0.1566239319910957,3.4975388743854765
1.0,TEMPO,10,Et4NClO4,0.2,1.0,1.5,MeCN:EtOAc=3:7,10.0,PENDING,PENDING,PENDING,0.0,44.87529510130247,3.7873194998481376,1.8676857947315838e-09,62.206515471801985,1.8890140706663936,2.230042574034173e-06,2.124935111735969,0.1086258949220182,3.654935111735969
1.0,TEMPO,10,Et4NClO4,0.2,1.0,1.5,MeCN:EtOAc=2:8,10.0,PENDING,PENDING,PENDING,0.0,47.76334912221998,4.701177022574373,2.450809896062194e-05,63.449054141751255,2.3049394816781454,0.0007138876810058072,1.9884711677964346,0.14946417274873725,3.5184711677964344
1.0,TEMPO,10,Et4NClO4,0.2,1.0,1.0,MeCN:EtOAc=7:3,10.0,PENDING,PENDING,PENDING,0.0,48.240899705836995,6.349758409416136,0.003009813109028203,63.58360936671358,2.9680424505036203,0.009941394964150474,1.9791646514050354,0.1849766431865505,3.5091646514050354
1.0,TEMPO,10,Et4NClO4,0.2,1.0,1.0,MeCN:EtOAc=6:4,10.0,PENDING,PENDING,PENDING,0.0,48.44014466966641,5.474571242812588,0.0005289507302954502,64.07332599633753,2.5946673206184014,0.005585008484991806,1.9843346959319503,0.16524440627132586,3.51433469593195
1.0,TEMPO,10,Et4NClO4,0.2,1.0,1.0,MeCN:EtOAc=5:5,10.0,PENDING,PENDING,PENDING,0.0,49.237542446931826,5.2772573815850645,0.0005614812280537625,65.6469059837212,2.565673576642715,0.028990643348904888,1.9634775833355314,0.16088862231540077,3.4934775833355314
1.0,TEMPO,10,Et4NClO4,0.2,1.0,1.0,MeCN:EtOAc=4:6,10.0,PENDING,PENDING,PENDING,0.0,47.863484994055035,5.3474403403812625,0.0002459934294980447,62.6424973563028,2.584896787402982,0.0008577538754125941,1.9658492965995669,0.16420470797154618,3.495849296599567
1.0,TEMPO,10,Et4NClO4,0.2,1.0,1.0,MeCN:EtOAc=3:7,10.0,PENDING,PENDING,PENDING,0.0,45.016986236651526,4.294010553815966,1.364806456361394e-07,62.24976407869394,2.0878286380246744,1.8468943048455678e-05,2.1210757045443245,0.12088029792378686,3.6510757045443247
1.0,TEMPO,10,Et4NClO4,0.2,1.0,1.0,MeCN:EtOAc=2:8,10.0,PENDING,PENDING,PENDING,0.0,47.86459351312679,5.08985974476849,0.00011169688977790229,63.47739411847262,2.4580899455093888,0.0015431366406944494,1.9865176746642712,0.1575229584026763,3.5165176746642715
1.0,TEMPO,10,Et4NClO4,0.1,1.0,2.0,MeCN:EtOAc=7:3,10.0,PENDING,PENDING,PENDING,0.0,48.083120154523066,5.807227265365449,0.0009258981013494077,63.06557886244385,2.6592109617060986,0.002053133837138517,1.9679841526159199,0.17081285197111598,3.4979841526159197
1.0,TEMPO,10,Et4NClO4,0.1,1.0,2.0,MeCN:EtOAc=6:4,10.0,PENDING,PENDING,PENDING,0.0,48.28345927825698,4.722368688758992,4.3528188415788756e-05,63.56528911982953,2.18657514392047,0.0004500687636561024,1.9730915738899573,0.14634962922715528,3.5030915738899573
1.0,TEMPO,10,Et4NClO4,0.1,1.0,2.0,MeCN:EtOAc=5:5,10.0,PENDING,PENDING,PENDING,0.0,49.11705759600083,4.789708926739773,0.00011773994129218152,65.15347806452489,2.3148395196833813,0.008238901924651862,1.950401363971081,0.14723555840349659,3.4804013639710814
1.0,TEMPO,10,Et4NClO4,0.1,1.0,2.0,MeCN:EtOAc=4:6,10.0,PENDING,PENDING,PENDING,0.0,47.67727220574166,4.578834207314035,1.3349287095522876e-05,62.07873146085902,2.1642620436877387,2.4927659284312202e-05,1.954123123965585,0.14550608556917366,3.4841231239655848
1.0,TEMPO,10,Et4NClO4,0.1,1.0,2.0,MeCN:EtOAc=3:7,10.0,PENDING,PENDING,PENDING,0.0,44.71412967684081,2.967413873290353,1.4648266324387924e-14,61.6804412282847,1.4481991027829078,1.2781597826707808e-10,2.1172451043066745,0.08365488125834426,3.6472451043066743
1.0,TEMPO,10,Et4NClO4,0.1,1.0,2.0,MeCN:EtOAc=2:8,10.0,PENDING,PENDING,PENDING,0.0,47.67990088669409,4.321593558700607,3.874926754375807e-06,62.92955421802624,2.033524682554073,4.7927827135634416e-05,1.9750831249637935,0.13899303176884498,3.5050831249637935
1.0,TEMPO,10,Et4NClO4,0.1,1.0,1.5,MeCN:EtOAc=7:3,10.0,PENDING,PENDING,PENDING,0.0,47.9869548530643,5.485169907796967,0.0003939609659600477,63.03291757258338,2.52216845592051,0.0011071045842986644,1.9696906030297154,0.1636740858728761,3.4996906030297152
1.0,TEMPO,10,Et4NClO4,0.1,1.0,1.5,MeCN:EtOAc=6:4,10.0,PENDING,PENDING,PENDING,0.0,48.186520518335165,4.289938133467269,5.795074674747947e-06,63.537872540811584,2.0039355142295814,0.0001298051818557184,1.974908342868554,0.13732139832819037,3.5049083428685543
1.0,TEMPO,10,Et4NClO4,0.1,1.0,1.5,MeCN:EtOAc=5:5,10.0,PENDING,PENDING,PENDING,0.0,49.03234108042035,4.366951288336856,2.0714054056950016e-05,65.14834112203638,2.1468022940573146,0.004398752406523453,1.9518835112392394,0.13830421413728775,3.4818835112392392
1.0,TEMPO,10,Et4NClO4,0.1,1.0,1.5,MeCN:EtOAc=4:6,10.0,PENDING,PENDING,PENDING,0.0,47.56862139249877,4.126547021325412,1.1421592758475535e-06,62.03128942569767,1.9790886086872752,3.9597537664313185e-06,1.9557452749349307,0.1364157398909181,3.4857452749349305
1.0,TEMPO,10,Et4NClO4,0.1,1.0,1.5,MeCN:EtOAc=2:8,10.0,PENDING,PENDING,PENDING,0.0,47.570586055310415,3.8332444996773374,1.6296856864748837e-07,62.89312562494929,1.832772064275054,6.651908865307546e-06,1.976980951973583,0.1293086000741987,3.506980951973583
1.0,TEMPO,10,Et4NClO4,0.1,1.0,1.0,MeCN:EtOAc=7:3,10.0,PENDING,PENDING,PENDING,0.0,48.083120154523066,5.8072272653654515,0.0009258981013494077,63.06557886244386,2.6592109617061,0.0020531338371385585,1.9679841526159199,0.17081285197111598,3.4979841526159197
1.0,TEMPO,10,Et4NClO4,0.1,1.0,1.0,MeCN:EtOAc=6:4,10.0,PENDING,PENDING,PENDING,0.0,48.283459278256984,4.722368688759001,4.352818841579147e-05,63.56528911982952,2.1865751439204684,0.00045006876365608853,1.9730915738899575,0.14634962922715516,3.5030915738899573
1.0,TEMPO,10,Et4NClO4,0.1,1.0,1.0,MeCN:EtOAc=5:5,10.0,PENDING,PENDING,PENDING,0.0,49.11705759600084,4.789708926739769,0.00011773994129218109,65.15347806452489,2.3148395196833813,0.008238901924651862,1.950401363971081,0.14723555840349659,3.4804013639710814
1.0,TEMPO,10,Et4NClO4,0.1,1.0,1.0,MeCN:EtOAc=4:6,10.0,PENDING,PENDING,PENDING,0.0,47.67727220574166,4.578834207314035,1.3349287095522876e-05,62.07873146085902,2.1642620436877387,2.4927659284312202e-05,1.954123123965585,0.14550608556917366,3.4841231239655848
1.0,TEMPO,10,Et4NClO4,0.1,1.0,1.0,MeCN:EtOAc=3:7,10.0,PENDING,PENDING,PENDING,0.0,44.7141296768408,2.967413873290353,1.4648266324383986e-14,61.68044122828471,1.4481991027829078,1.2781597826704665e-10,2.1172451043066745,0.08365488125834426,3.6472451043066743
1.0,TEMPO,10,Et4NClO4,0.1,1.0,1.0,MeCN:EtOAc=2:8,10.0,PENDING,PENDING,PENDING,0.0,47.67990088669409,4.321593558700607,3.874926754375807e-06,62.92955421802623,2.033524682554073,4.792782713563431e-05,1.975083124963794,0.13899303176884487,3.505083124963794
1.0,TEMPO,10,Et4NClO4,0.05,1.0,2.0,MeCN:EtOAc=7:3,10.0,PENDING,PENDING,PENDING,0.0,48.18891079846575,6.018327221303115,0.0015566681102986459,62.884977253939155,2.7505355821616946,0.00232543793673088,1.958926792923563,0.1757422735155237,3.488926792923563
1.0,TEMPO,10,Et4NClO4,0.05,1.0,2.0,MeCN:EtOAc=6:4,10.0,PENDING,PENDING,PENDING,0.0,48.39065608216437,4.969096115312582,0.00011610590259118758,63.37785586530978,2.2984656953653446,0.0006172688206895847,1.963782605601615,0.15174301062941367,3.493782605601615
1.0,TEMPO,10,Et4NClO4,0.05,1.0,2.0,MeCN:EtOAc=5:5,10.0,PENDING,PENDING,PENDING,0.0,49.21876251332661,5.1477331421360235,0.00038949458214663623,64.92521555991246,2.4753556559619723,0.010418302111478872,1.940908753229248,0.15489525936030435,3.470908753229248
1.0,TEMPO,10,Et4NClO4,0.05,1.0,2.0,MeCN:EtOAc=4:6,10.0,PENDING,PENDING,PENDING,0.0,47.79188176710642,4.843879695714422,4.414406468119538e-05,61.90790591397934,2.2737987589036135,4.236149682024465e-05,1.944995821888281,0.15113428742713111,3.474995821888281
1.0,TEMPO,10,Et4NClO4,0.05,1.0,2.0,MeCN:EtOAc=3:7,10.0,PENDING,PENDING,PENDING,0.0,44.85777623502627,3.3414307221101196,1.0210552968208359e-11,61.51700320124726,1.6261500672488696,4.597918143830846e-09,2.106860593727713,0.09398330366409133,3.6368605937277128
1.0,TEMPO,10,Et4NClO4,0.05,1.0,2.0,MeCN:EtOAc=2:8,10.0,PENDING,PENDING,PENDING,0.0,47.79612426872299,4.623560061543926,1.826873023299115e-05,62.742519301479525,2.160420016506774,8.774082234509458e-05,1.9655254315395003,0.14544376598797792,3.4955254315395003
1.0,TEMPO,10,Et4NClO4,0.05,1.0,1.5,MeCN:EtOAc=7:3,10.0,PENDING,PENDING,PENDING,0.0,48.09513604926807,5.712437704044745,0.0007496669491034742,62.85071881606842,2.620002624158596,0.0013264506558511475,1.96051372053,0.16890167944551346,3.49051372053
1.0,TEMPO,10,Et4NClO4,0.05,1.0,1.5,MeCN:EtOAc=6:4,10.0,PENDING,PENDING,PENDING,0.0,48.296289131645565,4.5653431001317815,2.3335755869406216e-05,63.34873467755808,2.1278117447096623,0.00021456063950041045,1.9654723138195593,0.14315712005615228,3.495472313819559
1.0,TEMPO,10,Et4NClO4,0.05,1.0,1.5,MeCN:EtOAc=5:5,10.0,PENDING,PENDING,PENDING,0.0,49.13640427866978,4.764826557274352,0.00010986373222974144,64.9173228631706,2.3221374103554386,0.006239418289075378,1.9422624503507986,0.1465835394889379,3.4722624503507986
1.0,TEMPO,10,Et4NClO4,0.05,1.0,1.5,MeCN:EtOAc=4:6,10.0,PENDING,PENDING,PENDING,0.0,47.68613703093859,4.424625900623251,6.564142411716995e-06,61.85923848775456,2.100601793380675,9.023306627892007e-06,1.9464938133777479,0.14251126126744743,3.476493813377748
1.0,TEMPO,10,Et4NClO4,0.05,1.0,1.5,MeCN:EtOAc=3:7,10.0,PENDING,PENDING,PENDING,0.0,44.706862221083604,2.6173819037641803,3.4103461955576787e-18,61.46386095926887,1.342972431210988,1.6428105447600328e-12,2.1107707108007174,0.07649613439661636,3.6407707108007177
1.0,TEMPO,10,Et4NClO4,0.05,1.0,1.5,MeCN:EtOAc=2:8,10.0,PENDING,PENDING,PENDING,0.0,47.68985293031257,4.177463872426529,1.7825241892431093e-06,62.70447274177698,1.9752788742941283,1.7863990244454755e-05,1.9672879326527941,0.13634390523010304,3.497287932652794
1.0,TEMPO,10,Et4NClO4,0.05,1.0,1.0,MeCN:EtOAc=7:3,10.0,PENDING,PENDING,PENDING,0.0,48.18891079846575,6.018327221303115,0.0015566681102986459,62.884977253939155,2.7505355821616946,0.00232543793673088,1.958926792923563,0.1757422735155237,3.488926792923563
1.0,TEMPO,10,Et4NClO4,0.05,1.0,1.0,MeCN:EtOAc=6:4,10.0,PENDING,PENDING,PENDING,0.0,48.39065608216437,4.969096115312582,0.00011610590259118758,63.37785586530978,2.2984656953653446,0.0006172688206895847,1.9637826056016152,0.1517430106294135,3.4937826056016155
1.0,TEMPO,10,Et4NClO4,0.05,1.0,1.0,MeCN:EtOAc=5:5,10.0,PENDING,PENDING,PENDING,0.0,49.21876251332663,5.14773314213602,0.00038949458214663276,64.92521555991246,2.475355655961974,0.010418302111478997,1.940908753229248,0.15489525936030427,3.470908753229248
1.0,TEMPO,10,Et4NClO4,0.05,1.0,1.0,MeCN:EtOAc=4:6,10.0,PENDING,PENDING,PENDING,0.0,47.79188176710642,4.84387969571441,4.414406468119245e-05,61.90790591397934,2.2737987589036135,4.236149682024465e-05,1.944995821888281,0.15113428742713111,3.474995821888281
1.0,TEMPO,10,Et4NClO4,0.05,1.0,1.0,MeCN:EtOAc=3:7,10.0,PENDING,PENDING,PENDING,0.0,44.85777623502627,3.3414307221101196,1.0210552968208359e-11,61.51700320124726,1.626150067248865,4.597918143830105e-09,2.1068605937277134,0.09398330366409177,3.6368605937277136
1.0,TEMPO,10,Et4NClO4,0.05,1.0,1.0,MeCN:EtOAc=2:8,10.0,PENDING,PENDING,PENDING,0.0,47.79612426872299,4.623560061543929,1.8268730232991366e-05,62.742519301479525,2.160420016506774,8.774082234509458e-05,1.9655254315395003,0.14544376598797784,3.4955254315395003
1.0,TEMPO,10,Et4NBF4,0.2,1.0,2.0,MeCN:EtOAc=7:3,10.0,PENDING,PENDING,PENDING,0.0,50.89406883738627,5.9689315591362,0.006720478474025078,64.73870433758725,2.7750571552459387,0.01917023355371192,1.8546577350756794,0.15948726821195253,3.3846577350756792
1.0,TEMPO,10,Et4NBF4,0.2,1.0,2.0,MeCN:EtOAc=6:4,10.0,PENDING,PENDING,PENDING,0.0,51.18144236113574,4.8098294965792645,0.0006909256377228799,65.27627862950288,2.210761918608214,0.006722510015482186,1.8570580694469512,0.1271997982713653,3.387058069446951
1.0,TEMPO,10,Et4NBF4,0.2,1.0,2.0,MeCN:EtOAc=5:5,10.0,PENDING,PENDING,PENDING,0.0,52.00644068597464,4.516244741621692,0.0005796560774697125,66.90264950397656,2.0926269660500645,0.03652740924253364,1.8341070540804358,0.1192320514440637,3.364107054080436
1.0,TEMPO,10,Et4NBF4,0.2,1.0,2.0,MeCN:EtOAc=4:6,10.0,PENDING,PENDING,PENDING,0.0,50.539304253525735,4.5622190167946854,0.00018877655984339938,63.734402137107985,2.1651897241937617,0.0005289746463517158,1.8377189934781135,0.123895637350491,3.3677189934781135
1.0,TEMPO,10,Et4NBF4,0.2,1.0,2.0,MeCN:EtOAc=3:7,10.0,PENDING,PENDING,PENDING,0.0,47.86459351312679,5.08985974476849,0.00011169688977790229,63.47739411847262,2.45808994550939,0.0015431366406944962,1.9865176746642714,0.15752295840267636,3.5165176746642715
1.0,TEMPO,10,Et4NBF4,0.2,1.0,2.0,MeCN:EtOAc=2:8,10.0,PENDING,PENDING,PENDING,0.0,50.653069801220894,4.569869017974977,0.00021424437478909488,64.68489340545081,2.2016251254530004,0.0028238884638712262,1.855705236322723,0.12328535239706095,3.385705236322723
1.0,TEMPO,10,Et4NBF4,0.2,1.0,1.5,MeCN:EtOAc=7:3,10.0,PENDING,PENDING,PENDING,0.0,50.83648358741707,5.662194373391957,0.0038040541859353863,64.7258964943168,2.6476371164432835,0.013661366714597334,1.854912561294815,0.1515222541033554,3.384912561294815
1.0,TEMPO,10,Et4NBF4,0.2,1.0,1.5,MeCN:EtOAc=6:4,10.0,PENDING,PENDING,PENDING,0.0,51.12593338735634,4.391067873114202,0.0001771936410634601,65.26954224611103,2.031090158690132,0.0032167588595850387,1.8573494945757731,0.11609831350262083,3.387349494575773
1.0,TEMPO,10,Et4NBF4,0.2,1.0,1.5,MeCN:EtOAc=5:5,10.0,PENDING,PENDING,PENDING,0.0,51.96282142393762,4.058549333145069,0.00011410629196238645,66.9195186718329,1.8988048682784027,0.02178546763948408,1.8340398000335316,0.1070816170690935,3.364039800033532
1.0,TEMPO,10,Et4NBF4,0.2,1.0,1.5,MeCN:EtOAc=4:6,10.0,PENDING,PENDING,PENDING,0.0,50.47050149344726,4.108200947936462,2.9459018089867946e-05,63.70597014618225,1.9799516097671401,0.00015178867809079915,1.837828140446958,0.11236781022500358,3.3678281404469583
1.0,TEMPO,10,Et4NBF4,0.2,1.0,1.5,MeCN:EtOAc=3:7,10.0,PENDING,PENDING,PENDING,0.0,47.76334912221998,4.701177022574373,2.450809896062194e-05,63.449054141751255,2.3049394816781454,0.0007138876810058072,1.9884711677964346,0.14946417274873736,3.5184711677964344
1.0,TEMPO,10,Et4NBF4,0.2,1.0,1.5,MeCN:EtOAc=2:8,10.0,PENDING,PENDING,PENDING,0.0,50.58801169583407,4.121918838040927,3.554712763763693e-05,64.67025776088994,2.023460009648557,0.0011696973270763668,1.8559793546569252,0.11178725983792256,3.385979354656925
1.0,TEMPO,10,Et4NBF4,0.2,1.0,1.0,MeCN:EtOAc=7:3,10.0,PENDING,PENDING,PENDING,0.0,50.89406883738627,5.9689315591362,0.006720478474025078,64.73870433758725,2.7750571552459387,0.01917023355371192,1.8546577350756794,0.15948726821195253,3.3846577350756792
1.0,TEMPO,10,Et4NBF4,0.2,1.0,1.0,MeCN:EtOAc=6:4,10.0,PENDING,PENDING,PENDING,0.0,51.18144236113574,4.8098294965792645,0.0006909256377228799,65.27627862950288,2.210761918608214,0.006722510015482186,1.8570580694469512,0.1271997982713653,3.387058069446951
1.0,TEMPO,10,Et4NBF4,0.2,1.0,1.0,MeCN:EtOAc=5:5,10.0,PENDING,PENDING,PENDING,0.0,52.00644068597464,4.516244741621692,0.0005796560774697125,66.90264950397656,2.0926269660500645,0.03652740924253364,1.8341070540804358,0.1192320514440637,3.364107054080436
1.0,TEMPO,10,Et4NBF4,0.2,1.0,1.0,MeCN:EtOAc=4:6,10.0,PENDING,PENDING,PENDING,0.0,50.539304253525735,4.5622190167946854,0.00018877655984339938,63.734402137107985,2.1651897241937617,0.0005289746463517158,1.8377189934781135,0.123895637350491,3.3677189934781135
1.0,TEMPO,10,Et4NBF4,0.2,1.0,1.0,MeCN:EtOAc=3:7,10.0,PENDING,PENDING,PENDING,0.0,47.86459351312679,5.08985974476849,0.00011169688977790229,63.47739411847262,2.45808994550939,0.0015431366406944962,1.9865176746642714,0.15752295840267636,3.5165176746642715
1.0,TEMPO,10,Et4NBF4,0.2,1.0,1.0,MeCN:EtOAc=2:8,10.0,PENDING,PENDING,PENDING,0.0,50.653069801220894,4.569869017974977,0.00021424437478909488,64.68489340545081,2.2016251254530004,0.0028238884638712262,1.855705236322723,0.12328535239706095,3.385705236322723
1.0,TEMPO,10,Et4NBF4,0.1,1.0,2.0,MeCN:EtOAc=7:3,10.0,PENDING,PENDING,PENDING,0.0,50.83084536288496,5.514194972821598,0.0028446203246825508,64.23422456889094,2.460061961910131,0.004258141810744791,1.8369606471443234,0.1447994074062655,3.3669606471443236
1.0,TEMPO,10,Et4NBF4,0.1,1.0,2.0,MeCN:EtOAc=6:4,10.0,PENDING,PENDING,PENDING,0.0,51.12628297572847,4.085293296238846,5.355403560765824e-05,64.78396845897618,1.7162493143518607,0.0001944232547269626,1.838992079267568,0.10281661465250291,3.368992079267568
1.0,TEMPO,10,Et4NBF4,0.1,1.0,2.0,MeCN:EtOAc=5:5,10.0,PENDING,PENDING,PENDING,0.0,51.99060924198674,4.135721652057128,0.0001584757091026949,66.42500698224198,1.797306092200967,0.007239634586296298,1.8137005991238102,0.10357267783998506,3.3437005991238102
1.0,TEMPO,10,Et4NBF4,0.1,1.0,2.0,MeCN:EtOAc=4:6,10.0,PENDING,PENDING,PENDING,0.0,50.44624744391139,3.7792370279372194,5.314980514336699e-06,63.17569519754445,1.6355208038259412,1.2625250406408562e-06,1.819219719056861,0.09898149243794123,3.349219719056861
1.0,TEMPO,10,Et4NBF4,0.1,1.0,2.0,MeCN:EtOAc=3:7,10.0,PENDING,PENDING,PENDING,0.0,47.67990088669409,4.321593558700607,3.874926754375807e-06,62.92955421802624,2.033524682554073,4.7927827135634416e-05,1.9750831249637935,0.13899303176884498,3.5050831249637935
1.0,TEMPO,10,Et4NBF4,0.1,1.0,2.0,MeCN:EtOAc=2:8,10.0,PENDING,PENDING,PENDING,0.0,50.57394930697593,3.8972637793616816,1.1847149758150566e-05,64.15107052482223,1.7420472317558378,5.679491415813893e-05,1.8370412274586874,0.10149861837893041,3.3670412274586874
1.0,TEMPO,10,Et4NBF4,0.1,1.0,1.5,MeCN:EtOAc=7:3,10.0,PENDING,PENDING,PENDING,0.0,50.76970224926649,5.169837348433883,0.001284529889735278,64.21445350108968,2.307054355627966,0.0022568909524235507,1.8369841928402282,0.1356067497530009,3.366984192840228
1.0,TEMPO,10,Et4NBF4,0.1,1.0,1.5,MeCN:EtOAc=6:4,10.0,PENDING,PENDING,PENDING,0.0,51.06718072744694,3.561428221578066,3.2215922245432924e-06,64.77036006431703,1.4603518349575642,1.4609633786113769e-05,1.8390421909072217,0.08790488684581338,3.369042190907222
1.0,TEMPO,10,Et4NBF4,0.1,1.0,1.5,MeCN:EtOAc=5:5,10.0,PENDING,PENDING,PENDING,0.0,51.944769472787236,3.62191631400577,1.4492007016956199e-05,66.43626269525127,1.5569467153653263,0.002207178272168913,1.813299368303197,0.08884125292534317,3.343299368303197
1.0,TEMPO,10,Et4NBF4,0.1,1.0,1.5,MeCN:EtOAc=4:6,10.0,PENDING,PENDING,PENDING,0.0,50.37164835272055,3.1901285366240084,6.35997160399314e-08,63.137891164834926,1.3615310749776686,7.583339278830655e-09,1.8190955388480672,0.0832392607654862,3.349095538848067
1.0,TEMPO,10,Et4NBF4,0.1,1.0,1.5,MeCN:EtOAc=3:7,10.0,PENDING,PENDING,PENDING,0.0,47.57058605531041,3.8332444996773427,1.6296856864750023e-07,62.89312562494929,1.832772064275054,6.651908865307546e-06,1.976980951973583,0.1293086000741987,3.506980951973583
1.0,TEMPO,10,Et4NBF4,0.1,1.0,1.5,MeCN:EtOAc=2:8,10.0,PENDING,PENDING,PENDING,0.0,50.50408842292332,3.3412479376494564,2.927302259852844e-07,64.12839296284643,1.4955471015128599,3.2661751017091796e-06,1.8370544843170837,0.08648587883173493,3.3670544843170838
1.0,TEMPO,10,Et4NBF4,0.1,1.0,1.0,MeCN:EtOAc=7:3,10.0,PENDING,PENDING,PENDING,0.0,50.83084536288493,5.514194972821595,0.002844620324682433,64.23422456889094,2.460061961910131,0.004258141810744791,1.8369606471443234,0.1447994074062655,3.3669606471443236
1.0,TEMPO,10,Et4NBF4,0.1,1.0,1.0,MeCN:EtOAc=6:4,10.0,PENDING,PENDING,PENDING,0.0,51.12628297572847,4.085293296238846,5.355403560765824e-05,64.78396845897618,1.7162493143518607,0.0001944232547269626,1.838992079267568,0.10281661465250291,3.368992079267568
1.0,TEMPO,10,Et4NBF4,0.1,1.0,1.0,MeCN:EtOAc=5:5,10.0,PENDING,PENDING,PENDING,0.0,51.99060924198675,4.135721652057132,0.0001584757091027001,66.42500698224198,1.797306092200967,0.007239634586296298,1.8137005991238102,0.10357267783998506,3.3437005991238102
1.0,TEMPO,10,Et4NBF4,0.1,1.0,1.0,MeCN:EtOAc=4:6,10.0,PENDING,PENDING,PENDING,0.0,50.44624744391138,3.7792370279372194,5.314980514336862e-06,63.17569519754444,1.6355208038259366,1.2625250406408054e-06,1.819219719056861,0.09898149243794123,3.349219719056861
1.0,TEMPO,10,Et4NBF4,0.1,1.0,1.0,MeCN:EtOAc=3:7,10.0,PENDING,PENDING,PENDING,0.0,47.67990088669409,4.321593558700607,3.874926754375807e-06,62.92955421802624,2.033524682554073,4.7927827135634416e-05,1.9750831249637935,0.13899303176884498,3.5050831249637935
1.0,TEMPO,10,Et4NBF4,0.1,1.0,1.0,MeCN:EtOAc=2:8,10.0,PENDING,PENDING,PENDING,0.0,50.57394930697593,3.8972637793616816,1.1847149758150566e-05,64.15107052482223,1.7420472317558378,5.679491415813893e-05,1.8370412274586874,0.10149861837893041,3.3670412274586874
1.0,TEMPO,10,Et4NBF4,0.05,1.0,2.0,MeCN:EtOAc=7:3,10.0,PENDING,PENDING,PENDING,0.0,50.91591726727057,5.790102262864717,0.005026797224723538,64.03176768026202,2.5698629475776786,0.004886156833398013,1.8282994352357578,0.15212752503007318,3.358299435235758
1.0,TEMPO,10,Et4NBF4,0.05,1.0,2.0,MeCN:EtOAc=6:4,10.0,PENDING,PENDING,PENDING,0.0,51.21108313129487,4.443252880986572,0.00022964368920240898,64.57366050828742,1.8771954953599193,0.00040751657553534434,1.830101837106861,0.11257622879086758,3.360101837106861
1.0,TEMPO,10,Et4NBF4,0.05,1.0,2.0,MeCN:EtOAc=5:5,10.0,PENDING,PENDING,PENDING,0.0,52.06955436604172,4.636507815197866,0.0008632922253245089,66.16917149864278,2.0284112777538823,0.011902658974785013,1.8046075726287538,0.11710170033372842,3.334607572628754
1.0,TEMPO,10,Et4NBF4,0.05,1.0,2.0,MeCN:EtOAc=4:6,10.0,PENDING,PENDING,PENDING,0.0,50.540744880568575,4.181302707524065,4.388192722476882e-05,62.98515188336018,1.7997535912510403,5.824713207379037e-06,1.8105081969981047,0.1094942468993032,3.3405081969981048
1.0,TEMPO,10,Et4NBF4,0.05,1.0,2.0,MeCN:EtOAc=3:7,10.0,PENDING,PENDING,PENDING,0.0,47.79612426872299,4.623560061543926,1.826873023299115e-05,62.742519301479525,2.160420016506774,8.774082234509458e-05,1.9655254315395003,0.14544376598797792,3.4955254315395003
1.0,TEMPO,10,Et4NBF4,0.05,1.0,2.0,MeCN:EtOAc=2:8,10.0,PENDING,PENDING,PENDING,0.0,50.66688446922112,4.309271122991789,8.435787691511601e-05,63.9404834587387,1.905081840725437,0.00013946898602924611,1.82794235876063,0.11247474197455565,3.35794235876063
1.0,TEMPO,10,Et4NBF4,0.05,1.0,1.5,MeCN:EtOAc=7:3,10.0,PENDING,PENDING,PENDING,0.0,50.85658792094233,5.468860528405072,0.0026373424943373566,64.00998853542775,2.4258682555471265,0.002786977722637512,1.8282173561497006,0.1435486270427461,3.3582173561497006
1.0,TEMPO,10,Et4NBF4,0.05,1.0,1.5,MeCN:EtOAc=6:4,10.0,PENDING,PENDING,PENDING,0.0,51.15385620633697,3.974888111232354,3.367757643093518e-05,64.55792950358266,1.6502714527397597,6.43700492546054e-05,1.8300405566826314,0.0993587690682421,3.3600405566826312
1.0,TEMPO,10,Et4NBF4,0.05,1.0,1.5,MeCN:EtOAc=5:5,10.0,PENDING,PENDING,PENDING,0.0,52.02534332885709,4.19629422658509,0.0002052319924041291,66.17690566075977,1.8237856494426812,0.005422429133921214,1.8040976028303208,0.10460312888013591,3.3340976028303206
1.0,TEMPO,10,Et4NBF4,0.05,1.0,1.5,MeCN:EtOAc=4:6,10.0,PENDING,PENDING,PENDING,0.0,50.46864543233531,3.667296372551535,2.800210625497729e-06,62.945983725608514,1.5589086232389058,1.8849240692399665e-07,1.8102714211821838,0.09574367495733568,3.340271421182184
1.0,TEMPO,10,Et4NBF4,0.05,1.0,1.5,MeCN:EtOAc=3:7,10.0,PENDING,PENDING,PENDING,0.0,47.68985293031257,4.177463872426529,1.7825241892431093e-06,62.70447274177698,1.9752788742941283,1.7863990244454755e-05,1.9672879326527941,0.13634390523010304,3.497287932652794
1.0,TEMPO,10,Et4NBF4,0.05,1.0,1.5,MeCN:EtOAc=2:8,10.0,PENDING,PENDING,PENDING,0.0,50.59928861293144,3.8231761806179816,8.222869242123867e-06,63.915746748748575,1.686075943857651,1.827398726794851e-05,1.8278395384587953,0.0993751143236893,3.357839538458795
1.0,TEMPO,10,Et4NBF4,0.05,1.0,1.0,MeCN:EtOAc=7:3,10.0,PENDING,PENDING,PENDING,0.0,50.91591726727057,5.790102262864717,0.005026797224723538,64.03176768026202,2.5698629475776786,0.004886156833398013,1.8282994352357578,0.15212752503007318,3.358299435235758
1.0,TEMPO,10,Et4NBF4,0.05,1.0,1.0,MeCN:EtOAc=6:4,10.0,PENDING,PENDING,PENDING,0.0,51.21108313129487,4.443252880986572,0.00022964368920240898,64.57366050828742,1.8771954953599193,0.00040751657553534434,1.830101837106861,0.11257622879086758,3.360101837106861
1.0,TEMPO,10,Et4NBF4,0.05,1.0,1.0,MeCN:EtOAc=5:5,10.0,PENDING,PENDING,PENDING,0.0,52.06955436604172,4.636507815197866,0.0008632922253245089,66.16917149864278,2.0284112777538823,0.011902658974785013,1.8046075726287538,0.11710170033372842,3.334607572628754
1.0,TEMPO,10,Et4NBF4,0.05,1.0,1.0,MeCN:EtOAc=4:6,10.0,PENDING,PENDING,PENDING,0.0,50.540744880568575,4.181302707524065,4.388192722476882e-05,62.98515188336018,1.7997535912510403,5.824713207379037e-06,1.8105081969981047,0.1094942468993032,3.3405081969981048
1.0,TEMPO,10,Et4NBF4,0.05,1.0,1.0,MeCN:EtOAc=3:7,10.0,PENDING,PENDING,PENDING,0.0,47.79612426872299,4.623560061543926,1.826873023299115e-05,62.742519301479525,2.160420016506774,8.774082234509458e-05,1.9655254315395003,0.14544376598797784,3.4955254315395003
1.0,TEMPO,10,Et4NBF4,0.05,1.0,1.0,MeCN:EtOAc=2:8,10.0,PENDING,PENDING,PENDING,0.0,50.66688446922112,4.309271122991789,8.435787691511601e-05,63.9404834587387,1.905081840725437,0.00013946898602924611,1.82794235876063,0.11247474197455565,3.35794235876063
1.0,TEMPO,5,n-Bu4NOAc,0.2,1.0,2.0,MeCN:EtOAc=7:3,10.0,PENDING,PENDING,PENDING,0.0,53.29569035045626,14.315099146798175,1.3097802915132823,65.48062922866731,6.386169353027934,0.786821144690327,1.8479611676081813,0.37829479785892794,3.3779611676081815
1.0,TEMPO,5,n-Bu4NOAc,0.2,1.0,2.0,MeCN:EtOAc=6:4,10.0,PENDING,PENDING,PENDING,0.0,53.43063540212614,14.232875806282301,1.3119977044482014,65.7022256307018,6.348421389757921,0.8244718931684747,1.8489291274697828,0.3761200131604253,3.3789291274697826
1.0,TEMPO,5,n-Bu4NOAc,0.2,1.0,2.0,MeCN:EtOAc=5:5,10.0,PENDING,PENDING,PENDING,0.0,53.739401696827116,14.198959145134248,1.3571451742134824,66.32830177018606,6.329317879905012,0.9686231707879751,1.8407729523560392,0.37518847916546366,3.370772952356039
1.0,TEMPO,5,n-Bu4NOAc,0.2,1.0,2.0,MeCN:EtOAc=4:6,10.0,PENDING,PENDING,PENDING,0.0,53.23725871887385,14.22005741178646,1.2758490452812339,65.11365307141641,6.346802910289885,0.6996378111956094,1.8405913800506197,0.37587781393701913,3.3705913800506195
1.0,TEMPO,5,n-Bu4NOAc,0.2,1.0,2.0,MeCN:EtOAc=3:7,10.0,PENDING,PENDING,PENDING,0.0,52.149729804011926,14.260555154916748,1.1124403320090073,64.97350545724858,6.363277072936634,0.6768149406426427,1.8996741222373925,0.378169263513448,3.4296741222373925
1.0,TEMPO,5,n-Bu4NOAc,0.2,1.0,2.0,MeCN:EtOAc=2:8,10.0,PENDING,PENDING,PENDING,0.0,53.25510105030758,14.207558513989323,1.2757098086948102,65.47664525106158,6.339460235892054,0.7723164761140884,1.8484846331280964,0.37547284270123876,3.3784846331280964
1.0,TEMPO,5,n-Bu4NOAc,0.2,1.0,1.5,MeCN:EtOAc=7:3,10.0,PENDING,PENDING,PENDING,0.0,53.285737403955395,14.288800018152571,1.3014101709765016,65.47965234655251,6.374744433412715,0.7832657555698135,1.8480901668765235,0.3776046792433515,3.3780901668765235
1.0,TEMPO,5,n-Bu4NOAc,0.2,1.0,1.5,MeCN:EtOAc=6:4,10.0,PENDING,PENDING,PENDING,0.0,53.421564492259584,14.205345453106977,1.3034301737475005,65.70282997320814,6.3364148366261475,0.8210094838427835,1.8490658377475817,0.3753969599670888,3.3790658377475817
1.0,TEMPO,5,n-Bu4NOAc,0.2,1.0,1.5,MeCN:EtOAc=5:5,10.0,PENDING,PENDING,PENDING,0.0,53.732625029079735,14.170864265960512,1.3486612039951549,66.33357858092812,6.3169955683193635,0.9660123938111838,1.8408492775110525,0.374450110461218,3.3708492775110526
1.0,TEMPO,5,n-Bu4NOAc,0.2,1.0,1.5,MeCN:EtOAc=4:6,10.0,PENDING,PENDING,PENDING,0.0,53.22654928220844,14.192332162797928,1.2670872401307736,65.1099277360618,6.334769967788648,0.6955555847139774,1.8406701014952176,0.375151319763701,3.3706701014952176
1.0,TEMPO,5,n-Bu4NOAc,0.2,1.0,1.5,MeCN:EtOAc=3:7,10.0,PENDING,PENDING,PENDING,0.0,52.13129619590721,14.23343609543228,1.10334723911883,64.96889051714726,6.351515152467509,0.6727129401177927,1.9001766362172814,0.3774791442840778,3.4301766362172814
1.0,TEMPO,5,n-Bu4NOAc,0.2,1.0,1.5,MeCN:EtOAc=2:8,10.0,PENDING,PENDING,PENDING,0.0,53.24462264486952,14.179671252686463,1.266942264214324,65.47561667270857,6.327351571043358,0.7685698082092083,1.8486186687069692,0.37474107231434084,3.3786186687069693
1.0,TEMPO,5,n-Bu4NOAc,0.2,1.0,1.0,MeCN:EtOAc=7:3,10.0,PENDING,PENDING,PENDING,0.0,53.29569035045627,14.315099146798177,1.3097802915132841,65.48062922866731,6.386169353027934,0.786821144690327,1.8479611676081813,0.37829479785892794,3.3779611676081815
1.0,TEMPO,5,n-Bu4NOAc,0.2,1.0,1.0,MeCN:EtOAc=6:4,10.0,PENDING,PENDING,PENDING,0.0,53.43063540212614,14.232875806282301,1.3119977044482014,65.7022256307018,6.348421389757921,0.8244718931684747,1.848929127469783,0.3761200131604253,3.378929127469783
1.0,TEMPO,5,n-Bu4NOAc,0.2,1.0,1.0,MeCN:EtOAc=5:5,10.0,PENDING,PENDING,PENDING,0.0,53.739401696827116,14.198959145134248,1.3571451742134824,66.32830177018606,6.329317879905012,0.9686231707879751,1.8407729523560392,0.37518847916546366,3.370772952356039
1.0,TEMPO,5,n-Bu4NOAc,0.2,1.0,1.0,MeCN:EtOAc=4:6,10.0,PENDING,PENDING,PENDING,0.0,53.23725871887385,14.22005741178646,1.2758490452812339,65.11365307141641,6.346802910289885,0.6996378111956094,1.8405913800506197,0.37587781393701913,3.3705913800506195
1.0,TEMPO,5,n-Bu4NOAc,0.2,1.0,1.0,MeCN:EtOAc=3:7,10.0,PENDING,PENDING,PENDING,0.0,52.149729804011926,14.260555154916748,1.1124403320090073,64.97350545724858,6.363277072936634,0.6768149406426427,1.8996741222373925,0.378169263513448,3.4296741222373925
1.0,TEMPO,5,n-Bu4NOAc,0.2,1.0,1.0,MeCN:EtOAc=2:8,10.0,PENDING,PENDING,PENDING,0.0,53.25510105030758,14.207558513989325,1.2757098086948107,65.47664525106157,6.339460235892055,0.772316476114085,1.8484846331280962,0.37547284270123876,3.378484633128096
1.0,TEMPO,5,n-Bu4NOAc,0.1,1.0,2.0,MeCN:EtOAc=7:3,10.0,PENDING,PENDING,PENDING,0.0,53.30737622121242,14.298706353642013,1.3076149710792953,65.28184528968258,6.372049058834307,0.7407630222518733,1.8408512463159012,0.37778953983391333,3.370851246315901
1.0,TEMPO,5,n-Bu4NOAc,0.1,1.0,2.0,MeCN:EtOAc=6:4,10.0,PENDING,PENDING,PENDING,0.0,53.445285724974426,14.21156977967202,1.309085866698144,65.50663277683637,6.331896681672409,0.7765446216846192,1.8417340234827275,0.37544875686809276,3.3717340234827278
1.0,TEMPO,5,n-Bu4NOAc,0.1,1.0,2.0,MeCN:EtOAc=5:5,10.0,PENDING,PENDING,PENDING,0.0,53.76163045347937,14.195132194294418,1.3600891814052698,66.13299371715568,6.324782358485883,0.9183714592928953,1.8331375652998527,0.374981695663347,3.3631375652998527
1.0,TEMPO,5,n-Bu4NOAc,0.1,1.0,2.0,MeCN:EtOAc=4:6,10.0,PENDING,PENDING,PENDING,0.0,53.24735587309477,14.198932297122001,1.2722376707400365,64.90535949092495,6.32945907945872,0.6546446620021245,1.8332456518147924,0.375217698129418,3.3632456518147924
1.0,TEMPO,5,n-Bu4NOAc,0.1,1.0,2.0,MeCN:EtOAc=3:7,10.0,PENDING,PENDING,PENDING,0.0,52.13829647857735,14.234432402782522,1.1046279116867184,64.7648932261044,6.346100188942169,0.6330108627268844,1.89394031647812,0.37739099834374473,3.42394031647812
1.0,TEMPO,5,n-Bu4NOAc,0.1,1.0,2.0,MeCN:EtOAc=2:8,10.0,PENDING,PENDING,PENDING,0.0,53.266522247028085,14.190441559772138,1.2733279352075284,65.27192343571622,6.324519820526493,0.725209036328091,1.8411635603126344,0.3749434990508851,3.3711635603126346
1.0,TEMPO,5,n-Bu4NOAc,0.1,1.0,1.5,MeCN:EtOAc=7:3,10.0,PENDING,PENDING,PENDING,0.0,53.297361207722616,14.272229718677238,1.2991917472246208,65.2794070654544,6.36042474715086,0.7369466301677046,1.840928273792555,0.37709353162233505,3.370928273792555
1.0,TEMPO,5,n-Bu4NOAc,0.1,1.0,1.5,MeCN:EtOAc=6:4,10.0,PENDING,PENDING,PENDING,0.0,53.43617973349969,14.183778188381533,1.3004494024957451,65.50580737091882,6.319647212517006,0.7727887285927046,1.8418178803464482,0.37471695248399045,3.3718178803464482
1.0,TEMPO,5,n-Bu4NOAc,0.1,1.0,1.5,MeCN:EtOAc=5:5,10.0,PENDING,PENDING,PENDING,0.0,53.754899374538915,14.167075812333971,1.3516120330367558,66.13684674416413,6.31241672518592,0.9154289012485313,1.8331563282750194,0.37424249626407685,3.3631563282750196
1.0,TEMPO,5,n-Bu4NOAc,0.1,1.0,1.5,MeCN:EtOAc=4:6,10.0,PENDING,PENDING,PENDING,0.0,53.23655533764193,14.170947542763953,1.2634023359342996,64.90007086824305,6.317168982787082,0.6503364947421642,1.8332700923221825,0.37448262329101945,3.3632700923221828
1.0,TEMPO,5,n-Bu4NOAc,0.1,1.0,1.5,MeCN:EtOAc=3:7,10.0,PENDING,PENDING,PENDING,0.0,52.119556223427,14.206969833512078,1.0954386954072008,64.75871755221783,6.334086809754297,0.6287004679452617,1.8944049877452525,0.37669043817472014,3.4244049877452527
1.0,TEMPO,5,n-Bu4NOAc,0.1,1.0,1.5,MeCN:EtOAc=2:8,10.0,PENDING,PENDING,PENDING,0.0,53.25597057668474,14.162367235786004,1.2645045174554728,65.26937107006748,6.312196413109641,0.7211979503926076,1.8412434208390478,0.3742054817484178,3.371243420839048
1.0,TEMPO,5,n-Bu4NOAc,0.1,1.0,1.0,MeCN:EtOAc=7:3,10.0,PENDING,PENDING,PENDING,0.0,53.30737622121242,14.298706353642013,1.3076149710792953,65.28184528968258,6.372049058834306,0.7407630222518728,1.840851246315901,0.37778953983391333,3.370851246315901
1.0,TEMPO,5,n-Bu4NOAc,0.1,1.0,1.0,MeCN:EtOAc=6:4,10.0,PENDING,PENDING,PENDING,0.0,53.445285724974426,14.21156977967202,1.309085866698144,65.50663277683637,6.331896681672409,0.7765446216846192,1.8417340234827275,0.37544875686809276,3.3717340234827278
1.0,TEMPO,5,n-Bu4NOAc,0.1,1.0,1.0,MeCN:EtOAc=5:5,10.0,PENDING,PENDING,PENDING,0.0,53.76163045347937,14.195132194294418,1.3600891814052698,66.13299371715568,6.324782358485882,0.9183714592928953,1.8331375652998527,0.374981695663347,3.3631375652998527
1.0,TEMPO,5,n-Bu4NOAc,0.1,1.0,1.0,MeCN:EtOAc=4:6,10.0,PENDING,PENDING,PENDING,0.0,53.24735587309477,14.198932297122001,1.2722376707400365,64.90535949092495,6.32945907945872,0.6546446620021245,1.8332456518147924,0.375217698129418,3.3632456518147924
1.0,TEMPO,5,n-Bu4NOAc,0.1,1.0,1.0,MeCN:EtOAc=3:7,10.0,PENDING,PENDING,PENDING,0.0,52.13829647857735,14.234432402782522,1.1046279116867184,64.7648932261044,6.346100188942169,0.6330108627268844,1.89394031647812,0.37739099834374473,3.42394031647812
1.0,TEMPO,5,n-Bu4NOAc,0.1,1.0,1.0,MeCN:EtOAc=2:8,10.0,PENDING,PENDING,PENDING,0.0,53.26652224702808,14.190441559772136,1.2733279352075257,65.27192343571622,6.324519820526493,0.725209036328091,1.8411635603126348,0.37494349905088503,3.3711635603126346
1.0,TEMPO,5,n-Bu4NOAc,0.05,1.0,2.0,MeCN:EtOAc=7:3,10.0,PENDING,PENDING,PENDING,0.0,53.33275155807353,14.334183018289787,1.3209904297670487,65.18962148415481,6.387674072064517,0.7263244414684165,1.837186168757402,0.37879822575519845,3.367186168757402
1.0,TEMPO,5,n-Bu4NOAc,0.05,1.0,2.0,MeCN:EtOAc=6:4,10.0,PENDING,PENDING,PENDING,0.0,53.470328014187785,14.24686307840271,1.3224151701037097,65.41232498585961,6.347639892630956,0.761008324893611,1.8380125617689789,0.37644305667571215,3.368012561768979
1.0,TEMPO,5,n-Bu4NOAc,0.05,1.0,2.0,MeCN:EtOAc=5:5,10.0,PENDING,PENDING,PENDING,0.0,53.78573385174892,14.239034189546269,1.3758143007981545,66.0282732686289,6.346181900129672,0.8996461693793858,1.829341945305554,0.3762049601603154,3.359341945305554
1.0,TEMPO,5,n-Bu4NOAc,0.05,1.0,2.0,MeCN:EtOAc=4:6,10.0,PENDING,PENDING,PENDING,0.0,53.27347781609534,14.23473202509208,1.2856579118754334,64.81492039090853,6.344918190191281,0.6419061642173567,1.8295794367084088,0.3762261869032312,3.359579436708409
1.0,TEMPO,5,n-Bu4NOAc,0.05,1.0,2.0,MeCN:EtOAc=3:7,10.0,PENDING,PENDING,PENDING,0.0,52.169434841222184,14.266991972913186,1.1169154646858424,64.67630860797807,6.36112405769005,0.6208946317282451,1.890107865236137,0.37829004553640005,3.4201078652361367
1.0,TEMPO,5,n-Bu4NOAc,0.05,1.0,2.0,MeCN:EtOAc=2:8,10.0,PENDING,PENDING,PENDING,0.0,53.29280940957017,14.22810061569053,1.2872574732300373,65.17705542570887,6.3410619856905805,0.7106711996631743,1.8373892397642697,0.3760135227256677,3.36738923976427
1.0,TEMPO,5,n-Bu4NOAc,0.05,1.0,1.5,MeCN:EtOAc=7:3,10.0,PENDING,PENDING,PENDING,0.0,53.322960177245854,14.308236228007639,1.312703369783736,65.18653191487412,6.376272708907154,0.7224816027192102,1.8372363090561328,0.3781171139605424,3.367236309056133
1.0,TEMPO,5,n-Bu4NOAc,0.05,1.0,1.5,MeCN:EtOAc=6:4,10.0,PENDING,PENDING,PENDING,0.0,53.461443151276676,14.219603301866503,1.3139154455896103,65.41082732939378,6.335617941657723,0.7572160618059685,1.8380689430134136,0.3757260586118265,3.3680689430134136
1.0,TEMPO,5,n-Bu4NOAc,0.05,1.0,1.5,MeCN:EtOAc=5:5,10.0,PENDING,PENDING,PENDING,0.0,53.77921374951755,14.211656735028107,1.367512836335118,66.03134580148907,6.334136960221856,0.8966370306203968,1.82933246791173,0.37548445461717445,3.35933246791173
1.0,TEMPO,5,n-Bu4NOAc,0.05,1.0,1.5,MeCN:EtOAc=4:6,10.0,PENDING,PENDING,PENDING,0.0,53.26291189990955,14.207288396720873,1.2769579293286921,64.80900009521284,6.332851078887088,0.6375936482377749,1.8295769434441451,0.37550616538106685,3.359576943444145
1.0,TEMPO,5,n-Bu4NOAc,0.05,1.0,1.5,MeCN:EtOAc=3:7,10.0,PENDING,PENDING,PENDING,0.0,52.1509794795752,14.240014550629484,1.107832061565421,64.6695184241033,6.349325419000837,0.6165835067252456,1.8905439167082994,0.37760257653834906,3.4205439167082994
1.0,TEMPO,5,n-Bu4NOAc,0.05,1.0,1.5,MeCN:EtOAc=2:8,10.0,PENDING,PENDING,PENDING,0.0,53.28249307764651,14.200599058135827,1.2785765443183013,65.17382553351727,6.328978786209245,0.7066381659713601,1.8374410695491628,0.3752915950576236,3.367441069549163
1.0,TEMPO,5,n-Bu4NOAc,0.05,1.0,1.0,MeCN:EtOAc=7:3,10.0,PENDING,PENDING,PENDING,0.0,53.33275155807354,14.334183018289787,1.3209904297670505,65.18962148415481,6.387674072064517,0.7263244414684165,1.837186168757402,0.37879822575519845,3.367186168757402
1.0,TEMPO,5,n-Bu4NOAc,0.05,1.0,1.0,MeCN:EtOAc=6:4,10.0,PENDING,PENDING,PENDING,0.0,53.470328014187785,14.24686307840271,1.3224151701037097,65.41232498585961,6.347639892630956,0.761008324893611,1.8380125617689789,0.37644305667571215,3.368012561768979
1.0,TEMPO,5,n-Bu4NOAc,0.05,1.0,1.0,MeCN:EtOAc=5:5,10.0,PENDING,PENDING,PENDING,0.0,53.78573385174892,14.239034189546269,1.3758143007981545,66.0282732686289,6.346181900129672,0.8996461693793858,1.829341945305554,0.3762049601603154,3.359341945305554
1.0,TEMPO,5,n-Bu4NOAc,0.05,1.0,1.0,MeCN:EtOAc=4:6,10.0,PENDING,PENDING,PENDING,0.0,53.27347781609534,14.23473202509208,1.2856579118754334,64.81492039090853,6.344918190191281,0.6419061642173567,1.8295794367084088,0.3762261869032312,3.359579436708409
1.0,TEMPO,5,n-Bu4NOAc,0.05,1.0,1.0,MeCN:EtOAc=3:7,10.0,PENDING,PENDING,PENDING,0.0,52.169434841222184,14.266991972913187,1.1169154646858432,64.67630860797807,6.36112405769005,0.6208946317282451,1.8901078652361367,0.37829004553640005,3.4201078652361367
1.0,TEMPO,5,n-Bu4NOAc,0.05,1.0,1.0,MeCN:EtOAc=2:8,10.0,PENDING,PENDING,PENDING,0.0,53.29280940957016,14.22810061569053,1.2872574732300368,65.17705542570887,6.341061985690579,0.7106711996631736,1.8373892397642697,0.3760135227256677,3.36738923976427
1.0,TEMPO,5,n-Bu4NClO4,0.2,1.0,2.0,MeCN:EtOAc=7:3,10.0,PENDING,PENDING,PENDING,0.0,55.19956898192697,14.322263173692454,1.670831804730339,65.34314895410907,6.377523565766445,0.75507609901924,1.822711842198704,0.3781441985792832,3.352711842198704
1.0,TEMPO,5,n-Bu4NClO4,0.2,1.0,2.0,MeCN:EtOAc=6:4,10.0,PENDING,PENDING,PENDING,0.0,55.36578837901944,14.216996305287035,1.6752207679264286,65.56078256643224,6.331909736295878,0.7882677855236795,1.8233330956650189,0.3755339958840865,3.353333095665019
1.0,TEMPO,5,n-Bu4NClO4,0.2,1.0,2.0,MeCN:EtOAc=5:5,10.0,PENDING,PENDING,PENDING,0.0,55.707803843182965,14.203240045624174,1.7437285299760328,66.19300637176099,6.323649996986204,0.9328031606518705,1.8142878344439453,0.3750992463732911,3.3442878344439455
1.0,TEMPO,5,n-Bu4NClO4,0.2,1.0,2.0,MeCN:EtOAc=4:6,10.0,PENDING,PENDING,PENDING,0.0,55.16729332791907,14.247041116239044,1.642744500910359,64.973772351644,6.341777002113189,0.670991186878541,1.8150738311135612,0.37603588725482995,3.3450738311135613
1.0,TEMPO,5,n-Bu4NClO4,0.2,1.0,2.0,MeCN:EtOAc=3:7,10.0,PENDING,PENDING,PENDING,0.0,54.091046243932915,14.285615501484955,1.4435955054647645,64.83475968752887,6.357615297626497,0.6489900634579993,1.875154970293469,0.3782710205641906,3.405154970293469
1.0,TEMPO,5,n-Bu4NClO4,0.2,1.0,2.0,MeCN:EtOAc=2:8,10.0,PENDING,PENDING,PENDING,0.0,55.21681379175539,14.214844346655019,1.6437560126542934,65.33511949164925,6.3302193787859,0.7398343303235297,1.8224750183040515,0.37530925460922876,3.3524750183040517
1.0,TEMPO,5,n-Bu4NClO4,0.2,1.0,1.5,MeCN:EtOAc=7:3,10.0,PENDING,PENDING,PENDING,0.0,55.20384485362039,14.295995613575288,1.664213795783533,65.34117613360516,6.365954600785149,0.7513376053307099,1.822653760736512,0.37745095229032116,3.352653760736512
1.0,TEMPO,5,n-Bu4NClO4,0.2,1.0,1.5,MeCN:EtOAc=6:4,10.0,PENDING,PENDING,PENDING,0.0,55.37128157546033,14.189093272483957,1.6683595720145057,65.56034816844866,6.319619811793667,0.7845587224769124,1.8232790623075912,0.3748001675241,3.353279062307591
1.0,TEMPO,5,n-Bu4NClO4,0.2,1.0,1.5,MeCN:EtOAc=5:5,10.0,PENDING,PENDING,PENDING,0.0,55.71594424820109,14.17512519936808,1.7372609843178153,66.19731401511515,6.31122681818487,0.9299413191973258,1.814163874251418,0.37435866029001624,3.344163874251418
1.0,TEMPO,5,n-Bu4NClO4,0.2,1.0,1.5,MeCN:EtOAc=4:6,10.0,PENDING,PENDING,PENDING,0.0,55.17110675101162,14.219682749839048,1.6357545460936311,64.96902570306102,6.329660277921459,0.6667791865442729,1.8149626201966114,0.375311479558239,3.344962620196611
1.0,TEMPO,5,n-Bu4NClO4,0.2,1.0,1.5,MeCN:EtOAc=3:7,10.0,PENDING,PENDING,PENDING,0.0,54.087230935006815,14.258834711123958,1.435749519363637,64.82913611801462,6.345760839895658,0.6447675921786529,1.8754780416684695,0.3775821342847024,3.4054780416684696
1.0,TEMPO,5,n-Bu4NClO4,0.2,1.0,1.5,MeCN:EtOAc=2:8,10.0,PENDING,PENDING,PENDING,0.0,55.22118460279226,14.186985517492085,1.6367295473882755,65.33305331860224,6.3179537811429975,0.735901498533154,1.8224138942425376,0.37457402952947416,3.3524138942425377
1.0,TEMPO,5,n-Bu4NClO4,0.2,1.0,1.0,MeCN:EtOAc=7:3,10.0,PENDING,PENDING,PENDING,0.0,55.19956898192697,14.322263173692454,1.670831804730339,65.34314895410907,6.377523565766445,0.75507609901924,1.822711842198704,0.3781441985792832,3.352711842198704
1.0,TEMPO,5,n-Bu4NClO4,0.2,1.0,1.0,MeCN:EtOAc=6:4,10.0,PENDING,PENDING,PENDING,0.0,55.36578837901944,14.216996305287035,1.6752207679264286,65.56078256643224,6.331909736295878,0.7882677855236795,1.8233330956650189,0.3755339958840865,3.353333095665019
1.0,TEMPO,5,n-Bu4NClO4,0.2,1.0,1.0,MeCN:EtOAc=5:5,10.0,PENDING,PENDING,PENDING,0.0,55.707803843182965,14.203240045624174,1.7437285299760328,66.19300637176099,6.323649996986204,0.9328031606518705,1.8142878344439453,0.3750992463732911,3.3442878344439455
1.0,TEMPO,5,n-Bu4NClO4,0.2,1.0,1.0,MeCN:EtOAc=4:6,10.0,PENDING,PENDING,PENDING,0.0,55.16729332791907,14.247041116239044,1.642744500910359,64.973772351644,6.341777002113189,0.670991186878541,1.8150738311135612,0.37603588725482995,3.3450738311135613
1.0,TEMPO,5,n-Bu4NClO4,0.2,1.0,1.0,MeCN:EtOAc=3:7,10.0,PENDING,PENDING,PENDING,0.0,54.091046243932915,14.285615501484955,1.4435955054647645,64.83475968752887,6.357615297626497,0.6489900634579993,1.875154970293469,0.3782710205641906,3.405154970293469
1.0,TEMPO,5,n-Bu4NClO4,0.2,1.0,1.0,MeCN:EtOAc=2:8,10.0,PENDING,PENDING,PENDING,0.0,55.21681379175537,14.214844346655019,1.6437560126542903,65.33511949164925,6.3302193787859,0.7398343303235297,1.8224750183040515,0.3753092546092288,3.3524750183040517
1.0,TEMPO,5,n-Bu4NClO4,0.1,1.0,2.0,MeCN:EtOAc=7:3,10.0,PENDING,PENDING,PENDING,0.0,55.247005323270564,14.265849266006736,1.6645299233385717,65.14888578041162,6.349033721289374,0.7072661134221907,1.8153743001605436,0.3766287180441119,3.3453743001605436
1.0,TEMPO,5,n-Bu4NClO4,0.1,1.0,2.0,MeCN:EtOAc=6:4,10.0,PENDING,PENDING,PENDING,0.0,55.41704343994585,14.154015347480692,1.6678327000011084,65.36967210447112,6.300351356394243,0.7384566082641462,1.8159061206577158,0.37380389493382316,3.345906120657716
1.0,TEMPO,5,n-Bu4NClO4,0.1,1.0,2.0,MeCN:EtOAc=5:5,10.0,PENDING,PENDING,PENDING,0.0,55.76745771556116,14.152902540464993,1.7418570501563968,66.0032040696683,6.301845333357483,0.879895379142529,1.8064081988135585,0.373757852040302,3.3364081988135585
1.0,TEMPO,5,n-Bu4NClO4,0.1,1.0,2.0,MeCN:EtOAc=4:6,10.0,PENDING,PENDING,PENDING,0.0,55.21389377142641,14.185788642179741,1.6348939334115982,64.76996653309655,6.310087236189177,0.624405071251797,1.8074971730617444,0.37435541111135806,3.3374971730617444
1.0,TEMPO,5,n-Bu4NClO4,0.1,1.0,2.0,MeCN:EtOAc=3:7,10.0,PENDING,PENDING,PENDING,0.0,54.11643506559749,14.221146340189657,1.4310949522783836,64.63054107594786,6.326458600463338,0.6036873561556659,1.8692010363651896,0.3765685835964476,3.3992010363651897
1.0,TEMPO,5,n-Bu4NClO4,0.1,1.0,2.0,MeCN:EtOAc=2:8,10.0,PENDING,PENDING,PENDING,0.0,55.26555491415744,14.15491932313006,1.636721388568795,65.13510343668842,6.29992666894485,0.6908474865801837,1.8149162039208326,0.37369931066335665,3.3449162039208327
1.0,TEMPO,5,n-Bu4NClO4,0.1,1.0,1.5,MeCN:EtOAc=7:3,10.0,PENDING,PENDING,PENDING,0.0,55.251602556517604,14.238729763107296,1.6577346537537596,65.14549689964518,6.337027410136623,0.7032355930414669,1.8152617754199127,0.3759125514494028,3.345261775419913
1.0,TEMPO,5,n-Bu4NClO4,0.1,1.0,1.5,MeCN:EtOAc=6:4,10.0,PENDING,PENDING,PENDING,0.0,55.422898179147914,14.12513712687036,1.6607670851888088,65.36785250889442,6.287564848801699,0.7344203552739039,1.8157966958450231,0.37304315976303115,3.3457966958450234
1.0,TEMPO,5,n-Bu4NClO4,0.1,1.0,1.5,MeCN:EtOAc=5:5,10.0,PENDING,PENDING,PENDING,0.0,55.77605291456224,14.124016028924544,1.735255954582955,66.00614793564667,6.289081317266652,0.8766486329593222,1.806223940955527,0.37299676480673044,3.336223940955527
1.0,TEMPO,5,n-Bu4NClO4,0.1,1.0,1.5,MeCN:EtOAc=4:6,10.0,PENDING,PENDING,PENDING,0.0,55.218011772183736,14.157491484412605,1.6277013050392979,64.763701332793,6.297474728320203,0.6199402973145578,1.8073291567761538,0.37360510915368494,3.337329156776154
1.0,TEMPO,5,n-Bu4NClO4,0.1,1.0,1.5,MeCN:EtOAc=3:7,10.0,PENDING,PENDING,PENDING,0.0,54.112712463161635,14.193379783535699,1.423020903861174,64.62340025116569,6.314121848682395,0.599231811874398,1.8694839115606017,0.37585394294133284,3.3994839115606017
1.0,TEMPO,5,n-Bu4NClO4,0.1,1.0,1.5,MeCN:EtOAc=2:8,10.0,PENDING,PENDING,PENDING,0.0,55.27026014504448,14.126138116667734,1.6295015374722932,65.13156137858914,6.287187276218476,0.686616879964185,1.8147982738432604,0.37293926907978225,3.3447982738432604
1.0,TEMPO,5,n-Bu4NClO4,0.1,1.0,1.0,MeCN:EtOAc=7:3,10.0,PENDING,PENDING,PENDING,0.0,55.247005323270564,14.265849266006736,1.6645299233385717,65.14888578041162,6.349033721289374,0.7072661134221907,1.8153743001605436,0.3766287180441119,3.3453743001605436
1.0,TEMPO,5,n-Bu4NClO4,0.1,1.0,1.0,MeCN:EtOAc=6:4,10.0,PENDING,PENDING,PENDING,0.0,55.41704343994585,14.154015347480692,1.6678327000011084,65.36967210447114,6.300351356394243,0.7384566082641495,1.8159061206577163,0.37380389493382316,3.345906120657716
1.0,TEMPO,5,n-Bu4NClO4,0.1,1.0,1.0,MeCN:EtOAc=5:5,10.0,PENDING,PENDING,PENDING,0.0,55.767457715561164,14.152902540464993,1.7418570501563972,66.0032040696683,6.301845333357483,0.879895379142529,1.806408198813558,0.37375785204030204,3.336408198813558
1.0,TEMPO,5,n-Bu4NClO4,0.1,1.0,1.0,MeCN:EtOAc=4:6,10.0,PENDING,PENDING,PENDING,0.0,55.21389377142641,14.185788642179741,1.6348939334115982,64.76996653309655,6.310087236189177,0.624405071251797,1.8074971730617444,0.37435541111135806,3.3374971730617444
1.0,TEMPO,5,n-Bu4NClO4,0.1,1.0,1.0,MeCN:EtOAc=3:7,10.0,PENDING,PENDING,PENDING,0.0,54.11643506559749,14.221146340189657,1.4310949522783836,64.63054107594786,6.326458600463338,0.6036873561556659,1.8692010363651896,0.3765685835964476,3.3992010363651897
1.0,TEMPO,5,n-Bu4NClO4,0.1,1.0,1.0,MeCN:EtOAc=2:8,10.0,PENDING,PENDING,PENDING,0.0,55.26555491415744,14.154919323130063,1.6367213885687963,65.13510343668842,6.299926668944851,0.6908474865801837,1.8149162039208326,0.37369931066335665,3.3449162039208327
1.0,TEMPO,5,n-Bu4NClO4,0.05,1.0,2.0,MeCN:EtOAc=7:3,10.0,PENDING,PENDING,PENDING,0.0,55.26128021077178,14.283753326210965,1.6726098043418722,65.06101798438267,6.358602158066397,0.6925377633317535,1.8120084793795972,0.3771974657887628,3.342008479379597
1.0,TEMPO,5,n-Bu4NClO4,0.05,1.0,2.0,MeCN:EtOAc=6:4,10.0,PENDING,PENDING,PENDING,0.0,55.43072633535425,14.171804417235705,1.6758016697328388,65.27979860419877,6.3100542825620805,0.7227169527151269,1.8124898269944,0.37435316928588486,3.3424898269944
1.0,TEMPO,5,n-Bu4NClO4,0.05,1.0,2.0,MeCN:EtOAc=5:5,10.0,PENDING,PENDING,PENDING,0.0,55.77989320985434,14.176523976260285,1.7514661918455499,65.90322412159222,6.315849560125918,0.8606541622775556,1.802932549693149,0.37448603808036757,3.3329325496931492
1.0,TEMPO,5,n-Bu4NClO4,0.05,1.0,2.0,MeCN:EtOAc=4:6,10.0,PENDING,PENDING,PENDING,0.0,55.22868931674285,14.203362482167961,1.6429296389215295,64.68392518006664,6.319369654652274,0.6113298677595975,1.8041348179687855,0.3749088992971271,3.3341348179687857
1.0,TEMPO,5,n-Bu4NClO4,0.05,1.0,2.0,MeCN:EtOAc=3:7,10.0,PENDING,PENDING,PENDING,0.0,54.13620895957634,14.236299785683537,1.4387867574948192,64.54628321934648,6.335482512075865,0.5912519461428183,1.8656548870154348,0.37705572267670556,3.395654887015435
1.0,TEMPO,5,n-Bu4NClO4,0.05,1.0,2.0,MeCN:EtOAc=2:8,10.0,PENDING,PENDING,PENDING,0.0,55.2802573669556,14.173829262621107,1.6451342202847496,65.04476797828144,6.310016363005149,0.6759786794929641,1.811453839213091,0.374299884824633,3.341453839213091
1.0,TEMPO,5,n-Bu4NClO4,0.05,1.0,1.5,MeCN:EtOAc=7:3,10.0,PENDING,PENDING,PENDING,0.0,55.2659827508834,14.256878546951024,1.665896179064375,65.05702098064106,6.346722771668913,0.6884708371437862,1.811872172601014,0.3764890439019644,3.341872172601014
1.0,TEMPO,5,n-Bu4NClO4,0.05,1.0,1.5,MeCN:EtOAc=6:4,10.0,PENDING,PENDING,PENDING,0.0,55.436679902396264,14.143173688139218,1.6688177633235632,65.27735112488233,6.297399496501985,0.7186358230122327,1.8123561189629565,0.3735999698188952,3.3423561189629565
1.0,TEMPO,5,n-Bu4NClO4,0.05,1.0,1.5,MeCN:EtOAc=5:5,10.0,PENDING,PENDING,PENDING,0.0,55.78857240434663,14.147977098031324,1.7449737292264178,65.90543604889665,6.303284109813242,0.8573250468563969,1.8027234669220291,0.37373537772362125,3.332723466922029
1.0,TEMPO,5,n-Bu4NClO4,0.05,1.0,1.5,MeCN:EtOAc=4:6,10.0,PENDING,PENDING,PENDING,0.0,55.232919981780384,14.175306350111578,1.6358174083331676,64.67707213380145,6.3068810914061375,0.6068502200575006,1.8039430412306792,0.37416615303087736,3.333943041230679
1.0,TEMPO,5,n-Bu4NClO4,0.05,1.0,1.5,MeCN:EtOAc=3:7,10.0,PENDING,PENDING,PENDING,0.0,54.13264897405635,14.208734575000854,1.4307784005190038,64.53857071308538,6.32326500750139,0.5867857419828961,1.865912059500841,0.37634753642681207,3.3959120595008407
1.0,TEMPO,5,n-Bu4NClO4,0.05,1.0,1.5,MeCN:EtOAc=2:8,10.0,PENDING,PENDING,PENDING,0.0,55.28507217497258,14.145311143403617,1.6380003171979665,65.04059409083169,6.297413116684859,0.6717152390844663,1.8113111724147977,0.373548164628041,3.3413111724147977
1.0,TEMPO,5,n-Bu4NClO4,0.05,1.0,1.0,MeCN:EtOAc=7:3,10.0,PENDING,PENDING,PENDING,0.0,55.26128021077178,14.283753326210965,1.6726098043418722,65.06101798438269,6.358602158066397,0.6925377633317555,1.8120084793795974,0.37719746578876273,3.342008479379597
1.0,TEMPO,5,n-Bu4NClO4,0.05,1.0,1.0,MeCN:EtOAc=6:4,10.0,PENDING,PENDING,PENDING,0.0,55.43072633535425,14.171804417235705,1.6758016697328388,65.27979860419877,6.310054282562081,0.7227169527151265,1.8124898269944003,0.37435316928588486,3.3424898269944006
1.0,TEMPO,5,n-Bu4NClO4,0.05,1.0,1.0,MeCN:EtOAc=5:5,10.0,PENDING,PENDING,PENDING,0.0,55.77989320985435,14.176523976260285,1.7514661918455516,65.90322412159222,6.315849560125918,0.8606541622775556,1.802932549693149,0.37448603808036757,3.3329325496931492
1.0,TEMPO,5,n-Bu4NClO4,0.05,1.0,1.0,MeCN:EtOAc=4:6,10.0,PENDING,PENDING,PENDING,0.0,55.228689316742845,14.203362482167961,1.6429296389215273,64.68392518006664,6.319369654652274,0.6113298677595975,1.8041348179687855,0.3749088992971271,3.3341348179687857
1.0,TEMPO,5,n-Bu4NClO4,0.05,1.0,1.0,MeCN:EtOAc=3:7,10.0,PENDING,PENDING,PENDING,0.0,54.13620895957634,14.236299785683537,1.4387867574948192,64.54628321934648,6.335482512075865,0.5912519461428183,1.8656548870154348,0.37705572267670556,3.395654887015435
1.0,TEMPO,5,n-Bu4NClO4,0.05,1.0,1.0,MeCN:EtOAc=2:8,10.0,PENDING,PENDING,PENDING,0.0,55.280257366955574,14.173829262621105,1.645134220284743,65.04476797828146,6.310016363005148,0.6759786794929667,1.8114538392130906,0.374299884824633,3.3414538392130906
1.0,TEMPO,5,n-Bu4NBF4,0.2,1.0,2.0,MeCN:EtOAc=7:3,10.0,PENDING,PENDING,PENDING,0.0,57.57300938358059,14.45011137555593,2.2621064248534846,65.32906840913944,6.393844475726958,0.7568234741421935,1.7850238159848368,0.3805143316281466,3.315023815984837
1.0,TEMPO,5,n-Bu4NBF4,0.2,1.0,2.0,MeCN:EtOAc=6:4,10.0,PENDING,PENDING,PENDING,0.0,57.74641881467265,14.38707180068912,2.286852638017371,65.55008337519226,6.357970595665611,0.7936104626249709,1.7850784942346363,0.378646825024232,3.315078494234636
1.0,TEMPO,5,n-Bu4NBF4,0.2,1.0,2.0,MeCN:EtOAc=5:5,10.0,PENDING,PENDING,PENDING,0.0,57.996333800246184,14.380779645026971,2.3510454346844676,66.16325464517487,6.352381787574897,0.9345196178891464,1.7771705728425249,0.3782773156628145,3.3071705728425247
1.0,TEMPO,5,n-Bu4NBF4,0.2,1.0,2.0,MeCN:EtOAc=4:6,10.0,PENDING,PENDING,PENDING,0.0,57.711519710354786,14.312245828420222,2.2533940272627366,64.96215003922417,6.344591807872329,0.6695324023538696,1.7752300086278283,0.37719657124037664,3.305230008627828
1.0,TEMPO,5,n-Bu4NBF4,0.2,1.0,2.0,MeCN:EtOAc=3:7,10.0,PENDING,PENDING,PENDING,0.0,56.58529501559431,14.420120151230424,2.0074806505951877,64.82137927313198,6.371536944299264,0.6502294555809773,1.8365905079451406,0.3806704160798193,3.3665905079451406
1.0,TEMPO,5,n-Bu4NBF4,0.2,1.0,2.0,MeCN:EtOAc=2:8,10.0,PENDING,PENDING,PENDING,0.0,57.65665527914007,14.350686648429715,2.2515952868514497,65.32063732283433,6.347612780263671,0.7418068943310274,1.7837056181551738,0.37782883765438124,3.313705618155174
1.0,TEMPO,5,n-Bu4NBF4,0.2,1.0,1.5,MeCN:EtOAc=7:3,10.0,PENDING,PENDING,PENDING,0.0,57.59364985545578,14.425783967745907,2.2595788516619626,65.3269966372156,6.382535450155722,0.7531394283523123,1.7846993663420934,0.3798573445224573,3.3146993663420936
1.0,TEMPO,5,n-Bu4NBF4,0.2,1.0,1.5,MeCN:EtOAc=6:4,10.0,PENDING,PENDING,PENDING,0.0,57.76833053465768,14.361846518020787,2.2843812126919634,65.54958679169381,6.346111774096931,0.7900102497160812,1.784752465197909,0.3779623651991648,3.314752465197909
1.0,TEMPO,5,n-Bu4NBF4,0.2,1.0,1.5,MeCN:EtOAc=5:5,10.0,PENDING,PENDING,PENDING,0.0,58.01995175838813,14.355467120872794,2.3490367861770745,66.16729733697011,6.340432789769949,0.9317441742120949,1.7767867095454946,0.3775872523591752,3.3067867095454946
1.0,TEMPO,5,n-Bu4NBF4,0.2,1.0,1.5,MeCN:EtOAc=4:6,10.0,PENDING,PENDING,PENDING,0.0,57.73339398689044,14.285831309850058,2.2505157993113887,64.95733000057173,6.332511561178113,0.665322366370497,1.7748302733435701,0.37648868919256095,3.30483027334357
1.0,TEMPO,5,n-Bu4NBF4,0.2,1.0,1.5,MeCN:EtOAc=3:7,10.0,PENDING,PENDING,PENDING,0.0,56.59905213493261,14.395384057788673,2.003103401819955,64.81566378357364,6.359900061499787,0.6460487828013852,1.836637987083429,0.3800176720431792,3.366637987083429
1.0,TEMPO,5,n-Bu4NBF4,0.2,1.0,1.5,MeCN:EtOAc=2:8,10.0,PENDING,PENDING,PENDING,0.0,57.678026081012604,14.324927034190626,2.2487952518486765,65.31846827619118,6.335629439814576,0.7379335409932799,1.7833674024390889,0.3771328790716747,3.3133674024390887
1.0,TEMPO,5,n-Bu4NBF4,0.2,1.0,1.0,MeCN:EtOAc=7:3,10.0,PENDING,PENDING,PENDING,0.0,57.57300938358059,14.450111375555931,2.2621064248534846,65.32906840913942,6.39384447572696,0.7568234741421909,1.7850238159848366,0.38051433162814663,3.3150238159848366
1.0,TEMPO,5,n-Bu4NBF4,0.2,1.0,1.0,MeCN:EtOAc=6:4,10.0,PENDING,PENDING,PENDING,0.0,57.74641881467265,14.38707180068912,2.286852638017371,65.55008337519226,6.357970595665612,0.7936104626249711,1.785078494234636,0.378646825024232,3.315078494234636
1.0,TEMPO,5,n-Bu4NBF4,0.2,1.0,1.0,MeCN:EtOAc=5:5,10.0,PENDING,PENDING,PENDING,0.0,57.996333800246184,14.38077964502697,2.3510454346844667,66.16325464517487,6.352381787574896,0.9345196178891466,1.7771705728425247,0.37827731566281453,3.3071705728425247
1.0,TEMPO,5,n-Bu4NBF4,0.2,1.0,1.0,MeCN:EtOAc=4:6,10.0,PENDING,PENDING,PENDING,0.0,57.711519710354786,14.312245828420222,2.2533940272627366,64.96215003922417,6.34459180787233,0.6695324023538696,1.7752300086278283,0.3771965712403766,3.305230008627828
1.0,TEMPO,5,n-Bu4NBF4,0.2,1.0,1.0,MeCN:EtOAc=3:7,10.0,PENDING,PENDING,PENDING,0.0,56.585295015594326,14.420120151230423,2.00748065059519,64.82137927313198,6.371536944299264,0.6502294555809773,1.8365905079451406,0.38067041607981933,3.3665905079451406
1.0,TEMPO,5,n-Bu4NBF4,0.2,1.0,1.0,MeCN:EtOAc=2:8,10.0,PENDING,PENDING,PENDING,0.0,57.65665527914007,14.350686648429713,2.2515952868514493,65.32063732283433,6.34761278026367,0.7418068943310279,1.7837056181551738,0.37782883765438124,3.313705618155174
1.0,TEMPO,5,n-Bu4NBF4,0.1,1.0,2.0,MeCN:EtOAc=7:3,10.0,PENDING,PENDING,PENDING,0.0,57.66075056030177,14.394147231445364,2.2667608657342413,65.13470947923743,6.367162411350071,0.7095058554231919,1.7771714861214265,0.37896915082112287,3.3071714861214265
1.0,TEMPO,5,n-Bu4NBF4,0.1,1.0,2.0,MeCN:EtOAc=6:4,10.0,PENDING,PENDING,PENDING,0.0,57.83804525460432,14.326540521430807,2.2911956345622357,65.35899607531366,6.3287044943866935,0.7443617266063476,1.7771254149550288,0.3769268115060638,3.3071254149550287
1.0,TEMPO,5,n-Bu4NBF4,0.1,1.0,2.0,MeCN:EtOAc=5:5,10.0,PENDING,PENDING,PENDING,0.0,58.09360855380777,14.331506337803656,2.3609292381996188,65.97285708818532,6.3336043520120695,0.8825041454186222,1.7688151692811873,0.3769278612411058,3.2988151692811876
1.0,TEMPO,5,n-Bu4NBF4,0.1,1.0,2.0,MeCN:EtOAc=4:6,10.0,PENDING,PENDING,PENDING,0.0,57.80297522408367,14.248683494635037,2.256606369524618,64.75833050604824,6.31393233382354,0.6233053227344549,1.76707597728726,0.3754185077136505,3.29707597728726
1.0,TEMPO,5,n-Bu4NBF4,0.1,1.0,2.0,MeCN:EtOAc=3:7,10.0,PENDING,PENDING,PENDING,0.0,56.65429052764492,14.35785128787135,2.0046193271751878,64.61708467629401,6.3420514932390315,0.6053538460528751,1.8300808392360228,0.3789605328669606,3.360080839236023
1.0,TEMPO,5,n-Bu4NBF4,0.1,1.0,2.0,MeCN:EtOAc=2:8,10.0,PENDING,PENDING,PENDING,0.0,57.747267247690246,14.291336322666725,2.2559214635779408,65.12052193462587,6.319265301151182,0.6933403735789911,1.7756115365125977,0.3761889490323753,3.3056115365125978
1.0,TEMPO,5,n-Bu4NBF4,0.1,1.0,1.5,MeCN:EtOAc=7:3,10.0,PENDING,PENDING,PENDING,0.0,57.68209624946185,14.36899725263588,2.2641557453917973,65.13122076833673,6.355449186722691,0.7055366260950187,1.7767875762827292,0.3782891668501282,3.306787576282729
1.0,TEMPO,5,n-Bu4NBF4,0.1,1.0,1.5,MeCN:EtOAc=6:4,10.0,PENDING,PENDING,PENDING,0.0,57.86070241606727,14.30041405842392,2.288633499323789,65.35711528488225,6.31639347121093,0.7404420383922279,1.7767388218463476,0.37621626931759,3.3067388218463476
1.0,TEMPO,5,n-Bu4NBF4,0.1,1.0,1.5,MeCN:EtOAc=5:5,10.0,PENDING,PENDING,PENDING,0.0,58.11802532058109,14.305469713554075,2.3589090471732748,65.97552749126118,6.321373058835959,0.8793593832990478,1.7683665972056546,0.37621773852859036,3.2983665972056544
1.0,TEMPO,5,n-Bu4NBF4,0.1,1.0,1.5,MeCN:EtOAc=4:6,10.0,PENDING,PENDING,PENDING,0.0,57.8256016697644,14.221304041196033,2.253616689312922,64.75199225600635,6.301373357073699,0.6188474629305458,1.766613502314383,0.37468325711695577,3.2966135023143828
1.0,TEMPO,5,n-Bu4NBF4,0.1,1.0,1.5,MeCN:EtOAc=3:7,10.0,PENDING,PENDING,PENDING,0.0,56.668570794537565,14.33219263959427,2.000079082035915,64.60985133362364,6.329962543833344,0.6009453478755529,1.8300825003050636,0.3782823501146108,3.3600825003050634
1.0,TEMPO,5,n-Bu4NBF4,0.1,1.0,1.5,MeCN:EtOAc=2:8,10.0,PENDING,PENDING,PENDING,0.0,57.76937702040526,14.26468884776329,2.2530315026932386,65.11687608231931,6.30684463989947,0.6891764798866085,1.7752112191253562,0.3754681408946611,3.305211219125356
1.0,TEMPO,5,n-Bu4NBF4,0.1,1.0,1.0,MeCN:EtOAc=7:3,10.0,PENDING,PENDING,PENDING,0.0,57.66075056030177,14.394147231445368,2.2667608657342435,65.13470947923743,6.367162411350071,0.7095058554231919,1.777171486121426,0.378969150821123,3.307171486121426
1.0,TEMPO,5,n-Bu4NBF4,0.1,1.0,1.0,MeCN:EtOAc=6:4,10.0,PENDING,PENDING,PENDING,0.0,57.83804525460432,14.326540521430807,2.2911956345622357,65.35899607531366,6.3287044943866935,0.7443617266063476,1.7771254149550288,0.3769268115060638,3.3071254149550287
1.0,TEMPO,5,n-Bu4NBF4,0.1,1.0,1.0,MeCN:EtOAc=5:5,10.0,PENDING,PENDING,PENDING,0.0,58.09360855380777,14.331506337803656,2.3609292381996188,65.97285708818532,6.3336043520120695,0.8825041454186222,1.7688151692811873,0.3769278612411058,3.2988151692811876
1.0,TEMPO,5,n-Bu4NBF4,0.1,1.0,1.0,MeCN:EtOAc=4:6,10.0,PENDING,PENDING,PENDING,0.0,57.80297522408367,14.248683494635037,2.256606369524618,64.75833050604824,6.31393233382354,0.6233053227344549,1.76707597728726,0.3754185077136505,3.29707597728726
1.0,TEMPO,5,n-Bu4NBF4,0.1,1.0,1.0,MeCN:EtOAc=3:7,10.0,PENDING,PENDING,PENDING,0.0,56.65429052764492,14.35785128787135,2.0046193271751878,64.61708467629401,6.3420514932390315,0.6053538460528751,1.8300808392360228,0.3789605328669606,3.360080839236023
1.0,TEMPO,5,n-Bu4NBF4,0.1,1.0,1.0,MeCN:EtOAc=2:8,10.0,PENDING,PENDING,PENDING,0.0,57.747267247690246,14.291336322666725,2.2559214635779408,65.12052193462587,6.319265301151182,0.6933403735789911,1.7756115365125977,0.3761889490323753,3.3056115365125978
1.0,TEMPO,5,n-Bu4NBF4,0.05,1.0,2.0,MeCN:EtOAc=7:3,10.0,PENDING,PENDING,PENDING,0.0,57.66191460251724,14.410036205531807,2.2722242279910296,65.04702055548005,6.376993309728361,0.6948810128383887,1.7741425168886225,0.3794644047346466,3.3041425168886223
1.0,TEMPO,5,n-Bu4NBF4,0.05,1.0,2.0,MeCN:EtOAc=6:4,10.0,PENDING,PENDING,PENDING,0.0,57.83854396629995,14.341872416735677,2.29633580662345,65.26927307998979,6.338508365894647,0.7286350720147137,1.7740528771860746,0.37739351882509425,3.3040528771860744
1.0,TEMPO,5,n-Bu4NBF4,0.05,1.0,2.0,MeCN:EtOAc=5:5,10.0,PENDING,PENDING,PENDING,0.0,58.09342280739906,14.351926137620982,2.367625769240732,65.87320074147135,6.347954320367809,0.8634766082528067,1.7656801935131392,0.37756454557105645,3.2956801935131392
1.0,TEMPO,5,n-Bu4NBF4,0.05,1.0,2.0,MeCN:EtOAc=4:6,10.0,PENDING,PENDING,PENDING,0.0,57.80345964922313,14.264946816082217,2.2620262820706896,64.67244808820756,6.323620543397999,0.6103905056773726,1.764069515160741,0.3759101012619732,3.294069515160741
1.0,TEMPO,5,n-Bu4NBF4,0.05,1.0,2.0,MeCN:EtOAc=3:7,10.0,PENDING,PENDING,PENDING,0.0,56.66012707658874,14.3715947301279,2.0102599343704997,64.53299895545858,6.351370190155318,0.5930205785926694,1.8268727104092464,0.3793832104541901,3.356872710409246
1.0,TEMPO,5,n-Bu4NBF4,0.05,1.0,2.0,MeCN:EtOAc=2:8,10.0,PENDING,PENDING,PENDING,0.0,57.748346632199414,14.308102616543824,2.2616532651088654,65.03037246997503,6.329631226530641,0.6785762894303102,1.7724996680202487,0.37671100785796097,3.302499668020249
1.0,TEMPO,5,n-Bu4NBF4,0.05,1.0,1.5,MeCN:EtOAc=7:3,10.0,PENDING,PENDING,PENDING,0.0,57.683240064096076,14.385099803293379,2.2696845618779404,65.04292546623219,6.365410385303206,0.6908757178213476,1.7737381657864375,0.3787909504387027,3.3037381657864375
1.0,TEMPO,5,n-Bu4NBF4,0.05,1.0,1.5,MeCN:EtOAc=6:4,10.0,PENDING,PENDING,PENDING,0.0,57.86117365454037,14.315952180380139,2.2938352545739833,65.266765697372,6.326328866062691,0.724668849005683,1.773645438144625,0.37668908787541905,3.303645438144625
1.0,TEMPO,5,n-Bu4NBF4,0.05,1.0,1.5,MeCN:EtOAc=5:5,10.0,PENDING,PENDING,PENDING,0.0,58.1178056033331,14.326173950525769,2.365692846610076,65.87514315488795,6.335925911739872,0.8602511393818819,1.7652101780878495,0.3768632434508288,3.2952101780878493
1.0,TEMPO,5,n-Bu4NBF4,0.05,1.0,1.5,MeCN:EtOAc=4:6,10.0,PENDING,PENDING,PENDING,0.0,57.82605635637843,14.23779172223854,2.259103148304368,64.66552343751566,6.311192071333216,0.6059195068752676,1.763586899203091,0.3751814386345978,3.293586899203091
1.0,TEMPO,5,n-Bu4NBF4,0.05,1.0,1.5,MeCN:EtOAc=3:7,10.0,PENDING,PENDING,PENDING,0.0,56.67443269524463,14.346117561359929,2.0057805262380652,64.52519558070358,6.339404648436891,0.5886018310090806,1.826852036314206,0.3787104442899865,3.356852036314206
1.0,TEMPO,5,n-Bu4NBF4,0.05,1.0,1.5,MeCN:EtOAc=2:8,10.0,PENDING,PENDING,PENDING,0.0,57.77043362290687,14.281684369546111,2.258833258884327,65.02609662971857,6.317350266710026,0.6743798003129531,1.772078145402454,0.37599719586531155,3.302078145402454
1.0,TEMPO,5,n-Bu4NBF4,0.05,1.0,1.0,MeCN:EtOAc=7:3,10.0,PENDING,PENDING,PENDING,0.0,57.66191460251725,14.410036205531807,2.2722242279910314,65.04702055548006,6.376993309728363,0.6948810128383918,1.774142516888623,0.3794644047346466,3.304142516888623
1.0,TEMPO,5,n-Bu4NBF4,0.05,1.0,1.0,MeCN:EtOAc=6:4,10.0,PENDING,PENDING,PENDING,0.0,57.83854396629995,14.341872416735677,2.29633580662345,65.26927307998979,6.338508365894647,0.7286350720147137,1.7740528771860746,0.3773935188250943,3.3040528771860744
1.0,TEMPO,5,n-Bu4NBF4,0.05,1.0,1.0,MeCN:EtOAc=5:5,10.0,PENDING,PENDING,PENDING,0.0,58.093422807399065,14.351926137620982,2.367625769240734,65.87320074147135,6.347954320367809,0.8634766082528067,1.7656801935131392,0.37756454557105645,3.2956801935131392
1.0,TEMPO,5,n-Bu4NBF4,0.05,1.0,1.0,MeCN:EtOAc=4:6,10.0,PENDING,PENDING,PENDING,0.0,57.80345964922315,14.26494681608222,2.2620262820706953,64.67244808820756,6.323620543397999,0.6103905056773726,1.7640695151607404,0.3759101012619733,3.29406951516074
1.0,TEMPO,5,n-Bu4NBF4,0.05,1.0,1.0,MeCN:EtOAc=3:7,10.0,PENDING,PENDING,PENDING,0.0,56.66012707658874,14.3715947301279,2.0102599343704997,64.53299895545858,6.351370190155318,0.5930205785926694,1.8268727104092464,0.3793832104541901,3.356872710409246
1.0,TEMPO,5,n-Bu4NBF4,0.05,1.0,1.0,MeCN:EtOAc=2:8,10.0,PENDING,PENDING,PENDING,0.0,57.74834663219942,14.308102616543822,2.2616532651088668,65.03037246997505,6.329631226530641,0.6785762894303127,1.772499668020249,0.37671100785796097,3.302499668020249
1.0,TEMPO,5,Et4NOAc,0.2,1.0,2.0,MeCN:EtOAc=7:3,10.0,PENDING,PENDING,PENDING,0.0,53.00389807161543,14.317098564430104,1.2611415469502387,65.27314787646412,6.378540243900051,0.7408198477984307,1.8485410518341365,0.37830561179562794,3.3785410518341363
1.0,TEMPO,5,Et4NOAc,0.2,1.0,2.0,MeCN:EtOAc=6:4,10.0,PENDING,PENDING,PENDING,0.0,53.13774633771808,14.225903057218478,1.2606463165394697,65.50465099354746,6.337140141564067,0.7776511021612114,1.8495339469505128,0.3759062927855497,3.379533946950513
1.0,TEMPO,5,Et4NOAc,0.2,1.0,2.0,MeCN:EtOAc=5:5,10.0,PENDING,PENDING,PENDING,0.0,53.446810639333485,14.223590538867645,1.3124128971759763,66.11145612537264,6.337799490081039,0.9171913737558006,1.8410586814303063,0.37578722684884674,3.3710586814303065
1.0,TEMPO,5,Et4NOAc,0.2,1.0,2.0,MeCN:EtOAc=4:6,10.0,PENDING,PENDING,PENDING,0.0,52.92617899142087,14.205452010530554,1.2207428307815675,64.88880160075674,6.331962358983647,0.6522056905920828,1.8414360712711886,0.37546441810148323,3.3714360712711886
1.0,TEMPO,5,Et4NOAc,0.2,1.0,2.0,MeCN:EtOAc=3:7,10.0,PENDING,PENDING,PENDING,0.0,51.856156694449425,14.270871128852608,1.0713221766158898,64.76424076410642,6.357966780832852,0.6360404774990145,1.9004524974843806,0.37831918379963614,3.4304524974843806
1.0,TEMPO,5,Et4NOAc,0.2,1.0,2.0,MeCN:EtOAc=2:8,10.0,PENDING,PENDING,PENDING,0.0,52.95432581126593,14.209552636089898,1.2263378077090685,65.26284986101325,6.331306532728468,0.7252802036344905,1.8490847292038395,0.3754823757305893,3.3790847292038393
1.0,TEMPO,5,Et4NOAc,0.2,1.0,1.5,MeCN:EtOAc=7:3,10.0,PENDING,PENDING,PENDING,0.0,52.99173576944068,14.290798990891924,1.252585693832149,65.27061769360353,6.3669883281443935,0.7370069573669169,1.8486750097559146,0.37761519550127426,3.3786750097559146
1.0,TEMPO,5,Et4NOAc,0.2,1.0,1.5,MeCN:EtOAc=6:4,10.0,PENDING,PENDING,PENDING,0.0,53.12645287538284,14.198219541661267,1.251859936618151,65.50380352426977,6.324945303359607,0.7739053787351386,1.849675897948797,0.37517916129439566,3.379675897948797
1.0,TEMPO,5,Et4NOAc,0.2,1.0,1.5,MeCN:EtOAc=5:5,10.0,PENDING,PENDING,PENDING,0.0,53.43781507384313,14.195883734147639,1.303808738209038,66.11508490116891,6.325619487862637,0.9142552422634227,1.8411368530921077,0.37505860859966794,3.371136853092108
1.0,TEMPO,5,Et4NOAc,0.2,1.0,1.5,MeCN:EtOAc=4:6,10.0,PENDING,PENDING,PENDING,0.0,52.91305029324511,14.177430929675957,1.2117311906408976,64.88333623136012,6.31967254300196,0.6478744166788915,1.8415226655667023,0.37473009717400707,3.3715226655667023
1.0,TEMPO,5,Et4NOAc,0.2,1.0,1.5,MeCN:EtOAc=3:7,10.0,PENDING,PENDING,PENDING,0.0,51.835495162870245,14.243891826471692,1.062151980305671,64.75805545720074,6.34611665190681,0.6317643998950813,1.9009619516132115,0.37763111427133056,3.4309619516132113
1.0,TEMPO,5,Et4NOAc,0.2,1.0,1.5,MeCN:EtOAc=2:8,10.0,PENDING,PENDING,PENDING,0.0,52.94153974909389,14.181662493886144,1.2173913361763038,65.26019988921921,6.319059540128263,0.7212728456104718,1.8492239787684082,0.37475024554750114,3.379223978768408
1.0,TEMPO,5,Et4NOAc,0.2,1.0,1.0,MeCN:EtOAc=7:3,10.0,PENDING,PENDING,PENDING,0.0,53.00389807161544,14.317098564430104,1.2611415469502405,65.27314787646414,6.378540243900051,0.7408198477984334,1.8485410518341365,0.37830561179562794,3.3785410518341363
1.0,TEMPO,5,Et4NOAc,0.2,1.0,1.0,MeCN:EtOAc=6:4,10.0,PENDING,PENDING,PENDING,0.0,53.13774633771808,14.225903057218478,1.2606463165394697,65.50465099354746,6.337140141564067,0.7776511021612114,1.8495339469505128,0.3759062927855497,3.379533946950513
1.0,TEMPO,5,Et4NOAc,0.2,1.0,1.0,MeCN:EtOAc=5:5,10.0,PENDING,PENDING,PENDING,0.0,53.446810639333485,14.223590538867645,1.3124128971759763,66.11145612537264,6.337799490081039,0.9171913737558006,1.8410586814303063,0.37578722684884674,3.3710586814303065
1.0,TEMPO,5,Et4NOAc,0.2,1.0,1.0,MeCN:EtOAc=4:6,10.0,PENDING,PENDING,PENDING,0.0,52.92617899142087,14.205452010530554,1.2207428307815675,64.88880160075674,6.331962358983647,0.6522056905920828,1.8414360712711886,0.37546441810148323,3.3714360712711886
1.0,TEMPO,5,Et4NOAc,0.2,1.0,1.0,MeCN:EtOAc=3:7,10.0,PENDING,PENDING,PENDING,0.0,51.856156694449425,14.270871128852608,1.0713221766158898,64.76424076410642,6.357966780832852,0.6360404774990145,1.9004524974843806,0.37831918379963614,3.4304524974843806
1.0,TEMPO,5,Et4NOAc,0.2,1.0,1.0,MeCN:EtOAc=2:8,10.0,PENDING,PENDING,PENDING,0.0,52.95432581126592,14.209552636089896,1.2263378077090654,65.26284986101325,6.331306532728468,0.7252802036344905,1.8490847292038393,0.3754823757305893,3.3790847292038393
1.0,TEMPO,5,Et4NOAc,0.1,1.0,2.0,MeCN:EtOAc=7:3,10.0,PENDING,PENDING,PENDING,0.0,53.008175148297,14.26614967989951,1.2491782594820786,65.07671122838522,6.351619888300679,0.6936863074379493,1.8417359790410515,0.37684420106714306,3.3717359790410515
1.0,TEMPO,5,Et4NOAc,0.1,1.0,2.0,MeCN:EtOAc=6:4,10.0,PENDING,PENDING,PENDING,0.0,53.1449223141483,14.168223889226335,1.2474517777773118,65.31181752898561,6.307251976096116,0.7284758967478069,1.84265045368004,0.3742307780219386,3.3726504536800403
1.0,TEMPO,5,Et4NOAc,0.1,1.0,2.0,MeCN:EtOAc=5:5,10.0,PENDING,PENDING,PENDING,0.0,53.46150451513313,14.182404794160528,1.3044422481115072,65.91904776903412,6.318941538759021,0.8653012354371188,1.8337389008562315,0.3745479470667928,3.3637389008562315
1.0,TEMPO,5,Et4NOAc,0.1,1.0,2.0,MeCN:EtOAc=4:6,10.0,PENDING,PENDING,PENDING,0.0,52.92827100263196,14.147934597510408,1.2069643842854614,64.68230975293817,6.301306552708065,0.6063299994366103,1.834408617937153,0.3738010635327494,3.364408617937153
1.0,TEMPO,5,Et4NOAc,0.1,1.0,2.0,MeCN:EtOAc=3:7,10.0,PENDING,PENDING,PENDING,0.0,51.83726954937347,14.210861183427644,1.0548857947319479,64.55783964405809,6.328313084085195,0.5914202805596682,1.8950160330722756,0.3766596746731126,3.425016033072276
1.0,TEMPO,5,Et4NOAc,0.1,1.0,2.0,MeCN:EtOAc=2:8,10.0,PENDING,PENDING,PENDING,0.0,52.958010033915535,14.155479701505879,1.213633228357072,65.06055950491998,6.302692072957415,0.6770277811422916,1.842081667419435,0.3739305573971481,3.372081667419435
1.0,TEMPO,5,Et4NOAc,0.1,1.0,1.5,MeCN:EtOAc=7:3,10.0,PENDING,PENDING,PENDING,0.0,52.99587062854876,14.239091780055531,1.240440982119312,65.0727403911387,6.3396569474522835,0.6895954057735989,1.84182118209532,0.3761318432650155,3.37182118209532
1.0,TEMPO,5,Et4NOAc,0.1,1.0,1.5,MeCN:EtOAc=6:4,10.0,PENDING,PENDING,PENDING,0.0,53.1335125495409,14.13965811862303,1.2384597795861345,65.30956697728149,6.2945899786539306,0.7244158045212203,1.842742870322935,0.3734777747513104,3.372742870322935
1.0,TEMPO,5,Et4NOAc,0.1,1.0,1.5,MeCN:EtOAc=5:5,10.0,PENDING,PENDING,PENDING,0.0,53.452472426387295,14.154096474048742,1.295694431782036,65.92128166591024,6.306475875486451,0.8620017729825065,1.8337628888164978,0.373800829962865,3.363762888816498
1.0,TEMPO,5,Et4NOAc,0.1,1.0,1.5,MeCN:EtOAc=4:6,10.0,PENDING,PENDING,PENDING,0.0,52.91496168917838,14.11903071127728,1.1977466196796125,64.67529325394568,6.288535224560644,0.6017618283419419,1.834444357691996,0.373041011412432,3.364444357691996
1.0,TEMPO,5,Et4NOAc,0.1,1.0,1.5,MeCN:EtOAc=3:7,10.0,PENDING,PENDING,PENDING,0.0,51.816220548308856,14.18296918192035,1.0455179926727403,64.55011241005865,6.316005581808427,0.5869247459253648,1.8954907480903385,0.37594659227687,3.4254907480903385
1.0,TEMPO,5,Et4NOAc,0.1,1.0,1.5,MeCN:EtOAc=2:8,10.0,PENDING,PENDING,PENDING,0.0,52.94506541172448,14.126769400439,1.2044948402602222,65.05640738879441,6.289999979241066,0.6727379679696683,1.8421701588984472,0.373174685665056,3.372170158898447
1.0,TEMPO,5,Et4NOAc,0.1,1.0,1.0,MeCN:EtOAc=7:3,10.0,PENDING,PENDING,PENDING,0.0,53.008175148297,14.26614967989951,1.2491782594820786,65.07671122838522,6.351619888300679,0.6936863074379493,1.8417359790410515,0.37684420106714306,3.3717359790410515
1.0,TEMPO,5,Et4NOAc,0.1,1.0,1.0,MeCN:EtOAc=6:4,10.0,PENDING,PENDING,PENDING,0.0,53.1449223141483,14.168223889226335,1.2474517777773118,65.31181752898561,6.307251976096117,0.7284758967478071,1.84265045368004,0.3742307780219386,3.3726504536800403
1.0,TEMPO,5,Et4NOAc,0.1,1.0,1.0,MeCN:EtOAc=5:5,10.0,PENDING,PENDING,PENDING,0.0,53.46150451513313,14.182404794160528,1.3044422481115072,65.91904776903412,6.31894153875902,0.865301235437119,1.833738900856232,0.3745479470667928,3.363738900856232
1.0,TEMPO,5,Et4NOAc,0.1,1.0,1.0,MeCN:EtOAc=4:6,10.0,PENDING,PENDING,PENDING,0.0,52.92827100263195,14.147934597510408,1.20696438428546,64.68230975293817,6.301306552708064,0.6063299994366096,1.834408617937153,0.37380106353274933,3.364408617937153
1.0,TEMPO,5,Et4NOAc,0.1,1.0,1.0,MeCN:EtOAc=3:7,10.0,PENDING,PENDING,PENDING,0.0,51.837269549373474,14.210861183427644,1.0548857947319492,64.55783964405809,6.328313084085196,0.591420280559668,1.8950160330722754,0.3766596746731126,3.4250160330722754
1.0,TEMPO,5,Et4NOAc,0.1,1.0,1.0,MeCN:EtOAc=2:8,10.0,PENDING,PENDING,PENDING,0.0,52.958010033915535,14.155479701505879,1.213633228357072,65.06055950491998,6.302692072957415,0.6770277811422916,1.842081667419435,0.3739305573971481,3.372081667419435
1.0,TEMPO,5,Et4NOAc,0.05,1.0,2.0,MeCN:EtOAc=7:3,10.0,PENDING,PENDING,PENDING,0.0,53.03440294088079,14.286071146907487,1.2584731161179254,64.98909257527747,6.361863798977897,0.679434172287015,1.838202242808878,0.37742893080146106,3.368202242808878
1.0,TEMPO,5,Et4NOAc,0.05,1.0,2.0,MeCN:EtOAc=6:4,10.0,PENDING,PENDING,PENDING,0.0,53.170812723195006,14.18743937350172,1.2565473304509625,65.22207489409087,6.317500229198275,0.7131082651454286,1.8390627882303214,0.3747878185038387,3.3690627882303215
1.0,TEMPO,5,Et4NOAc,0.05,1.0,2.0,MeCN:EtOAc=5:5,10.0,PENDING,PENDING,PENDING,0.0,53.48642132822749,14.208821475791897,1.3154693835098157,65.81939259104564,6.3337426876523155,0.8466891489895838,1.8300861328650748,0.375294266996632,3.360086132865075
1.0,TEMPO,5,Et4NOAc,0.05,1.0,2.0,MeCN:EtOAc=4:6,10.0,PENDING,PENDING,PENDING,0.0,52.95537953429483,14.167923638560728,1.2162634943687047,64.59664618900402,6.311445324413483,0.5938480904095995,1.830873579488819,0.37438075149077044,3.360873579488819
1.0,TEMPO,5,Et4NOAc,0.05,1.0,2.0,MeCN:EtOAc=3:7,10.0,PENDING,PENDING,PENDING,0.0,51.86927572953698,14.227891522912532,1.0634075702611878,64.47383655065241,6.338011062230836,0.5794174458142787,1.891307284819579,0.37716223673849647,3.421307284819579
1.0,TEMPO,5,Et4NOAc,0.05,1.0,2.0,MeCN:EtOAc=2:8,10.0,PENDING,PENDING,PENDING,0.0,52.98519015681048,14.176535659089302,1.2232371089836311,64.97048675832667,6.31350221251468,0.6626614342347619,1.8384440910901716,0.37454815675564845,3.3684440910901716
1.0,TEMPO,5,Et4NOAc,0.05,1.0,1.5,MeCN:EtOAc=7:3,10.0,PENDING,PENDING,PENDING,0.0,53.022331927615454,14.259289188349998,1.2498122687326334,64.9845169121451,6.350038683380061,0.6753132791218632,1.8382618809859437,0.3767245708418511,3.3682618809859437
1.0,TEMPO,5,Et4NOAc,0.05,1.0,1.5,MeCN:EtOAc=6:4,10.0,PENDING,PENDING,PENDING,0.0,53.15963392849392,14.159140189524415,1.2476294101210712,65.21919798698617,6.304978089755835,0.709007939802154,1.8391290862411724,0.3740424314100342,3.3691290862411725
1.0,TEMPO,5,Et4NOAc,0.05,1.0,1.5,MeCN:EtOAc=5:5,10.0,PENDING,PENDING,PENDING,0.0,53.477609541416555,14.180898232900239,1.3068254474021668,65.82089902644356,6.3214882727370805,0.843316308562075,1.8300833716517102,0.37455785044456563,3.3600833716517102
1.0,TEMPO,5,Et4NOAc,0.05,1.0,1.5,MeCN:EtOAc=4:6,10.0,PENDING,PENDING,PENDING,0.0,52.94231685492851,14.139301199886166,1.2071206431292367,64.58904716266744,6.298812950279619,0.5892734069744343,1.8308837014356487,0.3736287402563407,3.3608837014356485
1.0,TEMPO,5,Et4NOAc,0.05,1.0,1.5,MeCN:EtOAc=3:7,10.0,PENDING,PENDING,PENDING,0.0,51.848521724289526,14.200229883795105,1.0540942495087045,64.4655409975046,6.325833775001374,0.5749166307597031,1.891754594658119,0.37645585753301786,3.421754594658119
1.0,TEMPO,5,Et4NOAc,0.05,1.0,1.5,MeCN:EtOAc=2:8,10.0,PENDING,PENDING,PENDING,0.0,52.97249143313193,14.148122209857735,1.214177333435977,64.96570636919142,6.300958099190479,0.6583455982326087,1.838505951163682,0.3738008804216388,3.368505951163682
1.0,TEMPO,5,Et4NOAc,0.05,1.0,1.0,MeCN:EtOAc=7:3,10.0,PENDING,PENDING,PENDING,0.0,53.03440294088079,14.286071146907489,1.258473116117926,64.98909257527747,6.3618637989778986,0.6794341722870154,1.838202242808878,0.37742893080146106,3.368202242808878
1.0,TEMPO,5,Et4NOAc,0.05,1.0,1.0,MeCN:EtOAc=6:4,10.0,PENDING,PENDING,PENDING,0.0,53.170812723195006,14.18743937350172,1.2565473304509625,65.22207489409087,6.317500229198275,0.7131082651454286,1.8390627882303214,0.3747878185038387,3.3690627882303215
1.0,TEMPO,5,Et4NOAc,0.05,1.0,1.0,MeCN:EtOAc=5:5,10.0,PENDING,PENDING,PENDING,0.0,53.48642132822749,14.208821475791897,1.3154693835098157,65.81939259104564,6.3337426876523155,0.8466891489895838,1.8300861328650748,0.375294266996632,3.360086132865075
1.0,TEMPO,5,Et4NOAc,0.05,1.0,1.0,MeCN:EtOAc=4:6,10.0,PENDING,PENDING,PENDING,0.0,52.95537953429483,14.167923638560728,1.2162634943687047,64.59664618900402,6.311445324413483,0.5938480904095995,1.830873579488819,0.37438075149077044,3.360873579488819
1.0,TEMPO,5,Et4NOAc,0.05,1.0,1.0,MeCN:EtOAc=3:7,10.0,PENDING,PENDING,PENDING,0.0,51.86927572953698,14.227891522912532,1.0634075702611878,64.47383655065241,6.338011062230836,0.5794174458142787,1.891307284819579,0.37716223673849647,3.421307284819579
1.0,TEMPO,5,Et4NOAc,0.05,1.0,1.0,MeCN:EtOAc=2:8,10.0,PENDING,PENDING,PENDING,0.0,52.985190156810475,14.176535659089302,1.2232371089836303,64.97048675832667,6.31350221251468,0.6626614342347619,1.8384440910901716,0.37454815675564845,3.3684440910901716
1.0,TEMPO,5,Et4NClO4,0.2,1.0,2.0,MeCN:EtOAc=7:3,10.0,PENDING,PENDING,PENDING,0.0,52.21108723887217,14.340357299453958,1.1404901405761652,64.78895540246576,6.3924450643616275,0.6497968174551609,1.8921273516146069,0.3800943422476368,3.422127351614607
1.0,TEMPO,5,Et4NClO4,0.2,1.0,2.0,MeCN:EtOAc=6:4,10.0,PENDING,PENDING,PENDING,0.0,52.32828353008295,14.26502822211273,1.140631848154257,65.00117154947021,6.3606086266472355,0.6814260914387467,1.8936842901627355,0.37819242075358694,3.4236842901627353
1.0,TEMPO,5,Et4NClO4,0.2,1.0,2.0,MeCN:EtOAc=5:5,10.0,PENDING,PENDING,PENDING,0.0,52.63880508367839,14.251110155076773,1.1857388118139944,65.61877494451998,6.357670095406991,0.8086142511557279,1.8854950819382439,0.3778158292452848,3.4154950819382437
1.0,TEMPO,5,Et4NClO4,0.2,1.0,2.0,MeCN:EtOAc=4:6,10.0,PENDING,PENDING,PENDING,0.0,52.14048369623577,14.255497631933371,1.1098688523979168,64.42444679516771,6.359721971190845,0.576507171123428,1.885525498733888,0.3780442753861493,3.415525498733888
1.0,TEMPO,5,Et4NClO4,0.2,1.0,2.0,MeCN:EtOAc=3:7,10.0,PENDING,PENDING,PENDING,0.0,51.005840583323995,14.213510025996571,0.9406579232297458,64.25614380398007,6.333459605828194,0.5420453126735558,1.9470640521029794,0.3758158521324015,3.477064052102979
1.0,TEMPO,5,Et4NClO4,0.2,1.0,2.0,MeCN:EtOAc=2:8,10.0,PENDING,PENDING,PENDING,0.0,52.138296478577345,14.234432402782522,1.1046279116867175,64.7648932261044,6.346100188942169,0.6330108627268844,1.89394031647812,0.37739099834374473,3.42394031647812
1.0,TEMPO,5,Et4NClO4,0.2,1.0,1.5,MeCN:EtOAc=7:3,10.0,PENDING,PENDING,PENDING,0.0,52.19320834694203,14.314450077392225,1.1316572349852523,64.78303407203984,6.381108749245591,0.6456675970452974,1.8925738626030868,0.3794329744679072,3.4225738626030866
1.0,TEMPO,5,Et4NClO4,0.2,1.0,1.5,MeCN:EtOAc=6:4,10.0,PENDING,PENDING,PENDING,0.0,52.31110235378182,14.238007933566083,1.131613465148348,64.99673742335453,6.34879083327966,0.6773274978492712,1.8941444733545985,0.3775030080023652,3.4241444733545983
1.0,TEMPO,5,Et4NClO4,0.2,1.0,1.5,MeCN:EtOAc=5:5,10.0,PENDING,PENDING,PENDING,0.0,52.6239368595297,14.223871733803216,1.1768112671696689,65.61891950882223,6.345807666223681,0.8051237514827614,1.8858945610150863,0.3771206932072645,3.4158945610150866
1.0,TEMPO,5,Et4NClO4,0.2,1.0,1.5,MeCN:EtOAc=4:6,10.0,PENDING,PENDING,PENDING,0.0,52.12172740428322,14.228342627237438,1.1007301975430144,64.41580503818612,6.347890723342641,0.5720578550046345,1.8859292888756547,0.37735304419153515,3.4159292888756547
1.0,TEMPO,5,Et4NClO4,0.2,1.0,1.5,MeCN:EtOAc=3:7,10.0,PENDING,PENDING,PENDING,0.0,50.97884429081806,14.185559222132365,0.9311599786712232,64.24631914425184,6.321179990272294,0.5374486912058418,1.9479185130725838,0.3750852462318458,3.477918513072584
1.0,TEMPO,5,Et4NClO4,0.2,1.0,1.5,MeCN:EtOAc=2:8,10.0,PENDING,PENDING,PENDING,0.0,52.119556223427004,14.20696983351208,1.095438695407203,64.75871755221783,6.334086809754297,0.6287004679452617,1.8944049877452527,0.37669043817472014,3.4244049877452527
1.0,TEMPO,5,Et4NClO4,0.2,1.0,1.0,MeCN:EtOAc=7:3,10.0,PENDING,PENDING,PENDING,0.0,52.21108723887217,14.340357299453958,1.1404901405761652,64.78895540246576,6.3924450643616275,0.6497968174551609,1.8921273516146073,0.3800943422476368,3.4221273516146073
1.0,TEMPO,5,Et4NClO4,0.2,1.0,1.0,MeCN:EtOAc=6:4,10.0,PENDING,PENDING,PENDING,0.0,52.32828353008295,14.26502822211273,1.140631848154257,65.00117154947021,6.360608626647236,0.6814260914387473,1.8936842901627355,0.37819242075358694,3.4236842901627353
1.0,TEMPO,5,Et4NClO4,0.2,1.0,1.0,MeCN:EtOAc=5:5,10.0,PENDING,PENDING,PENDING,0.0,52.638805083678385,14.251110155076772,1.1857388118139935,65.61877494451998,6.357670095406991,0.8086142511557279,1.8854950819382439,0.3778158292452848,3.4154950819382437
1.0,TEMPO,5,Et4NClO4,0.2,1.0,1.0,MeCN:EtOAc=4:6,10.0,PENDING,PENDING,PENDING,0.0,52.14048369623577,14.255497631933371,1.1098688523979168,64.42444679516771,6.359721971190845,0.576507171123428,1.885525498733888,0.3780442753861493,3.415525498733888
1.0,TEMPO,5,Et4NClO4,0.2,1.0,1.0,MeCN:EtOAc=3:7,10.0,PENDING,PENDING,PENDING,0.0,51.005840583323995,14.213510025996571,0.9406579232297458,64.25614380398007,6.333459605828194,0.5420453126735558,1.9470640521029794,0.3758158521324015,3.477064052102979
1.0,TEMPO,5,Et4NClO4,0.2,1.0,1.0,MeCN:EtOAc=2:8,10.0,PENDING,PENDING,PENDING,0.0,52.138296478577345,14.234432402782522,1.1046279116867175,64.7648932261044,6.346100188942169,0.6330108627268844,1.89394031647812,0.37739099834374473,3.42394031647812
1.0,TEMPO,5,Et4NClO4,0.1,1.0,2.0,MeCN:EtOAc=7:3,10.0,PENDING,PENDING,PENDING,0.0,52.19932163849453,14.29253985924313,1.1274330088024218,64.58583136761355,6.365773456657297,0.6059846377959075,1.8865806329751866,0.3786975323174568,3.4165806329751867
1.0,TEMPO,5,Et4NClO4,0.1,1.0,2.0,MeCN:EtOAc=6:4,10.0,PENDING,PENDING,PENDING,0.0,52.31893988273963,14.211656184009142,1.1265945757966156,64.8010829724355,6.331603223357233,0.6358028482358791,1.8880826270142632,0.37662402811438644,3.4180826270142632
1.0,TEMPO,5,Et4NClO4,0.1,1.0,2.0,MeCN:EtOAc=5:5,10.0,PENDING,PENDING,PENDING,0.0,52.63699398083226,14.213010159290391,1.1762527763143678,65.41984344443009,6.338919462967102,0.7600746889149166,1.8794816454300485,0.3766249503564604,3.4094816454300485
1.0,TEMPO,5,Et4NClO4,0.1,1.0,2.0,MeCN:EtOAc=4:6,10.0,PENDING,PENDING,PENDING,0.0,52.126766911396224,14.202547292025319,1.0954868042059855,64.21197045521974,6.330093664935443,0.5341023190050409,1.8797753221466138,0.3764937696449526,3.409775322146614
1.0,TEMPO,5,Et4NClO4,0.1,1.0,2.0,MeCN:EtOAc=3:7,10.0,PENDING,PENDING,PENDING,0.0,50.96922860785775,14.152742266989033,0.922943991527144,64.04222696934264,6.302006138719142,0.500803338941261,1.942969764897799,0.37400400047960536,3.4729697648977993
1.0,TEMPO,5,Et4NClO4,0.1,1.0,2.0,MeCN:EtOAc=2:8,10.0,PENDING,PENDING,PENDING,0.0,52.125268629415515,14.183729695901341,1.0908965582694772,64.55565245051311,6.317764855814158,0.5883350499171629,1.8882477371251687,0.37590989637536554,3.418247737125169
1.0,TEMPO,5,Et4NClO4,0.1,1.0,1.5,MeCN:EtOAc=7:3,10.0,PENDING,PENDING,PENDING,0.0,52.1811367778226,14.265931903942878,1.1184342783973529,64.57840492305523,6.35403335049094,0.6016392903676027,1.8869911440725737,0.37801568828903204,3.4169911440725738
1.0,TEMPO,5,Et4NClO4,0.1,1.0,1.5,MeCN:EtOAc=6:4,10.0,PENDING,PENDING,PENDING,0.0,52.30147166927158,14.183836366169919,1.1173925140196692,64.79517312658577,6.319338963284455,0.631458122621134,1.8885063663919641,0.3759111269073692,3.418506366391964
1.0,TEMPO,5,Et4NClO4,0.1,1.0,1.5,MeCN:EtOAc=5:5,10.0,PENDING,PENDING,PENDING,0.0,52.621918713827036,14.185227268944116,1.1671904828220039,65.41853059240661,6.326776277114972,0.7562861111773709,1.8798403990345869,0.3759124896190341,3.4098403990345867
1.0,TEMPO,5,Et4NClO4,0.1,1.0,1.5,MeCN:EtOAc=4:6,10.0,PENDING,PENDING,PENDING,0.0,52.10767050648407,14.17459938344023,1.0861669994741963,64.20172407342801,6.317805608694766,0.5294767455076461,1.8801412576918666,0.375779355283981,3.4101412576918664
1.0,TEMPO,5,Et4NClO4,0.1,1.0,1.5,MeCN:EtOAc=3:7,10.0,PENDING,PENDING,PENDING,0.0,50.94165500749777,14.123853145550113,0.9132654306142394,64.0307836689207,6.2892325001237905,0.49605220466601907,1.9438035551615624,0.37324524831655953,3.4738035551615623
1.0,TEMPO,5,Et4NClO4,0.1,1.0,1.5,MeCN:EtOAc=2:8,10.0,PENDING,PENDING,PENDING,0.0,52.10619630749951,14.155510314883536,1.0815342314277356,64.54790665827983,6.305314602423326,0.58380932687251,1.8886751564929547,0.3751872346725767,3.418675156492955
1.0,TEMPO,5,Et4NClO4,0.1,1.0,1.0,MeCN:EtOAc=7:3,10.0,PENDING,PENDING,PENDING,0.0,52.19932163849453,14.29253985924313,1.1274330088024218,64.58583136761355,6.365773456657297,0.6059846377959075,1.886580632975186,0.3786975323174568,3.4165806329751858
1.0,TEMPO,5,Et4NClO4,0.1,1.0,1.0,MeCN:EtOAc=6:4,10.0,PENDING,PENDING,PENDING,0.0,52.318939882739635,14.211656184009142,1.126594575796617,64.8010829724355,6.331603223357233,0.6358028482358791,1.8880826270142639,0.3766240281143864,3.4180826270142637
1.0,TEMPO,5,Et4NClO4,0.1,1.0,1.0,MeCN:EtOAc=5:5,10.0,PENDING,PENDING,PENDING,0.0,52.63699398083226,14.213010159290391,1.1762527763143678,65.41984344443009,6.338919462967102,0.7600746889149166,1.8794816454300485,0.3766249503564604,3.4094816454300485
1.0,TEMPO,5,Et4NClO4,0.1,1.0,1.0,MeCN:EtOAc=4:6,10.0,PENDING,PENDING,PENDING,0.0,52.126766911396196,14.202547292025315,1.0954868042059807,64.21197045521974,6.330093664935443,0.5341023190050409,1.8797753221466138,0.3764937696449527,3.409775322146614
1.0,TEMPO,5,Et4NClO4,0.1,1.0,1.0,MeCN:EtOAc=3:7,10.0,PENDING,PENDING,PENDING,0.0,50.96922860785775,14.152742266989033,0.922943991527144,64.04222696934264,6.302006138719142,0.500803338941261,1.942969764897799,0.37400400047960536,3.4729697648977993
1.0,TEMPO,5,Et4NClO4,0.1,1.0,1.0,MeCN:EtOAc=2:8,10.0,PENDING,PENDING,PENDING,0.0,52.12526862941553,14.18372969590134,1.090896558269478,64.55565245051311,6.317764855814158,0.5883350499171629,1.8882477371251687,0.3759098963753655,3.418247737125169
1.0,TEMPO,5,Et4NClO4,0.05,1.0,2.0,MeCN:EtOAc=7:3,10.0,PENDING,PENDING,PENDING,0.0,52.229213616957914,14.313391922022568,1.136895146447256,64.50275572060332,6.375792251167152,0.594033748579663,1.88295700305985,0.37927020103185105,3.4129570030598497
1.0,TEMPO,5,Et4NClO4,0.05,1.0,2.0,MeCN:EtOAc=6:4,10.0,PENDING,PENDING,PENDING,0.0,52.34860760498615,14.231833926137703,1.1358939194991668,64.71606261664661,6.341560029388081,0.6229257844534346,1.8844035676253095,0.37717084312857435,3.4144035676253095
1.0,TEMPO,5,Et4NClO4,0.05,1.0,2.0,MeCN:EtOAc=5:5,10.0,PENDING,PENDING,PENDING,0.0,52.66566566387658,14.2402183677844,1.187364321309389,65.32501348249615,6.3532358808377465,0.7443238209285379,1.8757420038898214,0.3773449567759773,3.4057420038898214
1.0,TEMPO,5,Et4NClO4,0.05,1.0,2.0,MeCN:EtOAc=4:6,10.0,PENDING,PENDING,PENDING,0.0,52.15747361511332,14.223223356391713,1.1048903901706595,64.13068801590255,6.339821770641725,0.5235430275386037,1.8761490660737863,0.37705415960422445,3.4061490660737865
1.0,TEMPO,5,Et4NClO4,0.05,1.0,2.0,MeCN:EtOAc=3:7,10.0,PENDING,PENDING,PENDING,0.0,51.0053275246372,14.171538602659549,0.9316468571491376,63.96294607206381,6.311982225626512,0.49113639866427194,1.9391395821981892,0.3745466105500699,3.4691395821981894
1.0,TEMPO,5,Et4NClO4,0.05,1.0,2.0,MeCN:EtOAc=2:8,10.0,PENDING,PENDING,PENDING,0.0,52.15626670023207,14.205777049738556,1.100644994196129,64.47030360685024,6.328335059441315,0.5763606650723827,1.884516375018523,0.3765145112049036,3.414516375018523
1.0,TEMPO,5,Et4NClO4,0.05,1.0,1.5,MeCN:EtOAc=7:3,10.0,PENDING,PENDING,PENDING,0.0,52.211299870854276,14.287074666301292,1.1279675021492666,64.49476876229998,6.364186384908241,0.5896808003466409,1.8833409980538232,0.37859613293012234,3.4133409980538234
1.0,TEMPO,5,Et4NClO4,0.05,1.0,1.5,MeCN:EtOAc=6:4,10.0,PENDING,PENDING,PENDING,0.0,52.33140963852816,14.20429579374592,1.12676104300674,64.70957329771947,6.3294304348311945,0.6185660779901554,1.884800214453277,0.37646535804768017,3.414800214453277
1.0,TEMPO,5,Et4NClO4,0.05,1.0,1.5,MeCN:EtOAc=5:5,10.0,PENDING,PENDING,PENDING,0.0,52.65084964829466,14.21283239102112,1.1783980020150078,65.32302153835758,6.341295139534272,0.7404945010866353,1.8760730948407556,0.37664268346368934,3.406073094840756
1.0,TEMPO,5,Et4NClO4,0.05,1.0,1.5,MeCN:EtOAc=4:6,10.0,PENDING,PENDING,PENDING,0.0,52.1386602697788,14.195565906455455,1.0956391606776732,64.11990084105958,6.327664810535486,0.5189258093079787,1.8764884192145372,0.3763473878188848,3.4064884192145373
1.0,TEMPO,5,Et4NClO4,0.05,1.0,1.5,MeCN:EtOAc=3:7,10.0,PENDING,PENDING,PENDING,0.0,50.97809321264578,14.14291326673477,0.9220167952238962,63.95098147306738,6.299346215830827,0.48640258708055595,1.9399445377354672,0.37379546538667996,3.469944537735467
1.0,TEMPO,5,Et4NClO4,0.05,1.0,1.5,MeCN:EtOAc=2:8,10.0,PENDING,PENDING,PENDING,0.0,52.13748014258789,14.17787048105116,1.0913550102088543,64.46197632365477,6.316028873953751,0.5718320727348118,1.884916152602139,0.3758001983514669,3.4149161526021388
1.0,TEMPO,5,Et4NClO4,0.05,1.0,1.0,MeCN:EtOAc=7:3,10.0,PENDING,PENDING,PENDING,0.0,52.229213616957914,14.313391922022564,1.1368951464472543,64.50275572060332,6.375792251167152,0.594033748579663,1.88295700305985,0.379270201031851,3.4129570030598497
1.0,TEMPO,5,Et4NClO4,0.05,1.0,1.0,MeCN:EtOAc=6:4,10.0,PENDING,PENDING,PENDING,0.0,52.34860760498615,14.231833926137703,1.1358939194991668,64.71606261664661,6.341560029388081,0.6229257844534346,1.8844035676253095,0.37717084312857435,3.4144035676253095
1.0,TEMPO,5,Et4NClO4,0.05,1.0,1.0,MeCN:EtOAc=5:5,10.0,PENDING,PENDING,PENDING,0.0,52.66566566387658,14.2402183677844,1.187364321309389,65.32501348249615,6.3532358808377465,0.7443238209285379,1.8757420038898214,0.3773449567759773,3.4057420038898214
1.0,TEMPO,5,Et4NClO4,0.05,1.0,1.0,MeCN:EtOAc=4:6,10.0,PENDING,PENDING,PENDING,0.0,52.15747361511332,14.223223356391713,1.1048903901706595,64.13068801590255,6.339821770641725,0.5235430275386037,1.8761490660737863,0.37705415960422445,3.4061490660737865
1.0,TEMPO,5,Et4NClO4,0.05,1.0,1.0,MeCN:EtOAc=3:7,10.0,PENDING,PENDING,PENDING,0.0,51.0053275246372,14.171538602659549,0.9316468571491376,63.96294607206381,6.311982225626512,0.49113639866427194,1.9391395821981892,0.3745466105500699,3.4691395821981894
1.0,TEMPO,5,Et4NClO4,0.05,1.0,1.0,MeCN:EtOAc=2:8,10.0,PENDING,PENDING,PENDING,0.0,52.15626670023207,14.205777049738554,1.100644994196128,64.47030360685024,6.328335059441314,0.5763606650723827,1.8845163750185228,0.3765145112049036,3.414516375018523
1.0,TEMPO,5,Et4NBF4,0.2,1.0,2.0,MeCN:EtOAc=7:3,10.0,PENDING,PENDING,PENDING,0.0,53.30737622121242,14.298706353642013,1.3076149710792953,65.28184528968258,6.372049058834307,0.7407630222518733,1.8408512463159012,0.37778953983391333,3.370851246315901
1.0,TEMPO,5,Et4NBF4,0.2,1.0,2.0,MeCN:EtOAc=6:4,10.0,PENDING,PENDING,PENDING,0.0,53.44528572497443,14.21156977967202,1.3090858666981449,65.50663277683637,6.331896681672409,0.7765446216846192,1.8417340234827275,0.37544875686809276,3.3717340234827278
1.0,TEMPO,5,Et4NBF4,0.2,1.0,2.0,MeCN:EtOAc=5:5,10.0,PENDING,PENDING,PENDING,0.0,53.76163045347937,14.19513219429442,1.3600891814052698,66.13299371715568,6.324782358485882,0.9183714592928953,1.8331375652998527,0.374981695663347,3.3631375652998527
1.0,TEMPO,5,Et4NBF4,0.2,1.0,2.0,MeCN:EtOAc=4:6,10.0,PENDING,PENDING,PENDING,0.0,53.24735587309478,14.198932297122,1.2722376707400387,64.90535949092495,6.32945907945872,0.6546446620021245,1.8332456518147924,0.375217698129418,3.3632456518147924
1.0,TEMPO,5,Et4NBF4,0.2,1.0,2.0,MeCN:EtOAc=3:7,10.0,PENDING,PENDING,PENDING,0.0,52.13829647857735,14.234432402782522,1.1046279116867184,64.7648932261044,6.346100188942169,0.6330108627268844,1.89394031647812,0.37739099834374473,3.42394031647812
1.0,TEMPO,5,Et4NBF4,0.2,1.0,2.0,MeCN:EtOAc=2:8,10.0,PENDING,PENDING,PENDING,0.0,53.266522247028085,14.190441559772136,1.273327935207528,65.27192343571622,6.324519820526493,0.725209036328091,1.8411635603126346,0.3749434990508851,3.3711635603126346
1.0,TEMPO,5,Et4NBF4,0.2,1.0,1.5,MeCN:EtOAc=7:3,10.0,PENDING,PENDING,PENDING,0.0,53.297361207722616,14.272229718677238,1.2991917472246208,65.2794070654544,6.36042474715086,0.7369466301677046,1.8409282737925552,0.37709353162233505,3.370928273792555
1.0,TEMPO,5,Et4NBF4,0.2,1.0,1.5,MeCN:EtOAc=6:4,10.0,PENDING,PENDING,PENDING,0.0,53.43617973349969,14.183778188381533,1.3004494024957451,65.50580737091882,6.319647212517006,0.7727887285927046,1.8418178803464482,0.37471695248399045,3.3718178803464482
1.0,TEMPO,5,Et4NBF4,0.2,1.0,1.5,MeCN:EtOAc=5:5,10.0,PENDING,PENDING,PENDING,0.0,53.754899374538915,14.167075812333971,1.3516120330367558,66.13684674416413,6.31241672518592,0.9154289012485313,1.8331563282750194,0.37424249626407685,3.3631563282750196
1.0,TEMPO,5,Et4NBF4,0.2,1.0,1.5,MeCN:EtOAc=4:6,10.0,PENDING,PENDING,PENDING,0.0,53.23655533764193,14.170947542763953,1.2634023359342996,64.90007086824306,6.317168982787081,0.6503364947421668,1.8332700923221825,0.37448262329101945,3.3632700923221828
1.0,TEMPO,5,Et4NBF4,0.2,1.0,1.5,MeCN:EtOAc=3:7,10.0,PENDING,PENDING,PENDING,0.0,52.119556223427,14.20696983351208,1.0954386954072017,64.75871755221783,6.334086809754297,0.6287004679452617,1.8944049877452525,0.37669043817472014,3.4244049877452527
1.0,TEMPO,5,Et4NBF4,0.2,1.0,1.5,MeCN:EtOAc=2:8,10.0,PENDING,PENDING,PENDING,0.0,53.25597057668474,14.162367235786007,1.2645045174554728,65.26937107006748,6.312196413109642,0.7211979503926083,1.841243420839048,0.3742054817484178,3.371243420839048
1.0,TEMPO,5,Et4NBF4,0.2,1.0,1.0,MeCN:EtOAc=7:3,10.0,PENDING,PENDING,PENDING,0.0,53.30737622121242,14.298706353642013,1.3076149710792953,65.28184528968258,6.372049058834307,0.7407630222518733,1.840851246315901,0.37778953983391333,3.370851246315901
1.0,TEMPO,5,Et4NBF4,0.2,1.0,1.0,MeCN:EtOAc=6:4,10.0,PENDING,PENDING,PENDING,0.0,53.44528572497443,14.21156977967202,1.3090858666981449,65.50663277683637,6.331896681672409,0.7765446216846192,1.8417340234827275,0.37544875686809276,3.3717340234827278
1.0,TEMPO,5,Et4NBF4,0.2,1.0,1.0,MeCN:EtOAc=5:5,10.0,PENDING,PENDING,PENDING,0.0,53.76163045347937,14.19513219429442,1.3600891814052698,66.13299371715568,6.324782358485882,0.9183714592928953,1.8331375652998527,0.374981695663347,3.3631375652998527
1.0,TEMPO,5,Et4NBF4,0.2,1.0,1.0,MeCN:EtOAc=4:6,10.0,PENDING,PENDING,PENDING,0.0,53.24735587309478,14.198932297122,1.2722376707400387,64.90535949092495,6.32945907945872,0.6546446620021245,1.8332456518147924,0.375217698129418,3.3632456518147924
1.0,TEMPO,5,Et4NBF4,0.2,1.0,1.0,MeCN:EtOAc=3:7,10.0,PENDING,PENDING,PENDING,0.0,52.13829647857735,14.234432402782522,1.1046279116867184,64.7648932261044,6.346100188942169,0.6330108627268844,1.89394031647812,0.37739099834374473,3.42394031647812
1.0,TEMPO,5,Et4NBF4,0.2,1.0,1.0,MeCN:EtOAc=2:8,10.0,PENDING,PENDING,PENDING,0.0,53.26652224702808,14.190441559772134,1.2733279352075262,65.27192343571622,6.3245198205264925,0.7252090363280905,1.8411635603126348,0.37494349905088503,3.3711635603126346
1.0,TEMPO,5,Et4NBF4,0.1,1.0,2.0,MeCN:EtOAc=7:3,10.0,PENDING,PENDING,PENDING,0.0,53.31813077213651,14.258151880957879,1.2991626167564343,65.08279605727581,6.346805045214134,0.6935485664669019,1.833747423739648,0.37654839076068297,3.363747423739648
1.0,TEMPO,5,Et4NBF4,0.1,1.0,2.0,MeCN:EtOAc=6:4,10.0,PENDING,PENDING,PENDING,0.0,53.45906211528589,14.165023107067997,1.2995998861233735,65.31092941348166,6.303853363394181,0.7273271236855037,1.834545682925339,0.37400761625188783,3.364545682925339
1.0,TEMPO,5,Et4NBF4,0.1,1.0,2.0,MeCN:EtOAc=5:5,10.0,PENDING,PENDING,PENDING,0.0,53.783166964457116,14.165097067714413,1.3561011540223138,65.93805115014825,6.307695671915797,0.8663057631960753,1.8255027383015487,0.37397576858176995,3.3555027383015488
1.0,TEMPO,5,Et4NBF4,0.1,1.0,2.0,MeCN:EtOAc=4:6,10.0,PENDING,PENDING,PENDING,0.0,53.25642899734781,14.152676967969406,1.2621515406233468,64.69650525769647,6.300645301179907,0.6086874793041437,1.8259016383296278,0.3737924714402186,3.3559016383296276
1.0,TEMPO,5,Et4NBF4,0.1,1.0,2.0,MeCN:EtOAc=3:7,10.0,PENDING,PENDING,PENDING,0.0,52.125268629415515,14.183729695901338,1.0908965582694754,64.55565245051311,6.317764855814158,0.5883350499171629,1.8882477371251687,0.3759098963753655,3.418247737125169
1.0,TEMPO,5,Et4NBF4,0.1,1.0,2.0,MeCN:EtOAc=2:8,10.0,PENDING,PENDING,PENDING,0.0,53.27694874986599,14.147499811120536,1.264293301411449,65.06691905868381,6.297697113730063,0.6768888954752237,1.8338489069639092,0.3736275050656291,3.3638489069639093
1.0,TEMPO,5,Et4NBF4,0.1,1.0,1.5,MeCN:EtOAc=7:3,10.0,PENDING,PENDING,PENDING,0.0,53.30803834923889,14.23109511838712,1.2905970304243253,65.07889231099237,6.334797649967322,0.6894573017805754,1.8337725574897732,0.37583420557460917,3.3637725574897734
1.0,TEMPO,5,Et4NBF4,0.1,1.0,1.5,MeCN:EtOAc=6:4,10.0,PENDING,PENDING,PENDING,0.0,53.44990636233284,14.1365435948238,1.2907997408124685,65.30867225237016,6.291168043841875,0.7232611693214257,1.8345767749622934,0.37325400934891373,3.3645767749622935
1.0,TEMPO,5,Et4NBF4,0.1,1.0,1.5,MeCN:EtOAc=5:5,10.0,PENDING,PENDING,PENDING,0.0,53.776469571631296,14.13663325387414,1.3475280968123786,65.94048563195199,6.295073668841549,0.8630017555446889,1.825463931018478,0.3732221035595334,3.3554639310184777
1.0,TEMPO,5,Et4NBF4,0.1,1.0,1.5,MeCN:EtOAc=4:6,10.0,PENDING,PENDING,PENDING,0.0,53.24552001820984,14.124007844241987,1.2531507615009554,64.6896445674963,6.287905856056994,0.6041447260712876,1.8258718195120027,0.37303585444796694,3.3558718195120028
1.0,TEMPO,5,Et4NBF4,0.1,1.0,1.5,MeCN:EtOAc=3:7,10.0,PENDING,PENDING,PENDING,0.0,52.1061963074995,14.155510314883536,1.081534231427733,64.54790665827983,6.3053146024233255,0.5838093268725097,1.8886751564929547,0.3751872346725767,3.418675156492955
1.0,TEMPO,5,Et4NBF4,0.1,1.0,1.5,MeCN:EtOAc=2:8,10.0,PENDING,PENDING,PENDING,0.0,53.26630710484286,14.118799896857977,1.2553188801854054,65.06283835135606,6.284959033197586,0.6725989318130698,1.8338746762774758,0.3728698551563631,3.363874676277476
1.0,TEMPO,5,Et4NBF4,0.1,1.0,1.0,MeCN:EtOAc=7:3,10.0,PENDING,PENDING,PENDING,0.0,53.31813077213651,14.258151880957879,1.2991626167564343,65.08279605727583,6.346805045214134,0.6935485664669052,1.8337474237396478,0.3765483907606829,3.363747423739648
1.0,TEMPO,5,Et4NBF4,0.1,1.0,1.0,MeCN:EtOAc=6:4,10.0,PENDING,PENDING,PENDING,0.0,53.45906211528588,14.165023107067997,1.299599886123373,65.31092941348167,6.303853363394182,0.727327123685507,1.8345456829253388,0.37400761625188783,3.364545682925339
1.0,TEMPO,5,Et4NBF4,0.1,1.0,1.0,MeCN:EtOAc=5:5,10.0,PENDING,PENDING,PENDING,0.0,53.78316696445711,14.165097067714413,1.356101154022313,65.93805115014825,6.307695671915797,0.8663057631960753,1.8255027383015487,0.37397576858176995,3.3555027383015488
1.0,TEMPO,5,Et4NBF4,0.1,1.0,1.0,MeCN:EtOAc=4:6,10.0,PENDING,PENDING,PENDING,0.0,53.25642899734781,14.152676967969407,1.2621515406233472,64.69650525769647,6.300645301179908,0.6086874793041441,1.8259016383296278,0.3737924714402186,3.3559016383296276
1.0,TEMPO,5,Et4NBF4,0.1,1.0,1.0,MeCN:EtOAc=3:7,10.0,PENDING,PENDING,PENDING,0.0,52.125268629415515,14.183729695901338,1.0908965582694754,64.55565245051311,6.317764855814158,0.5883350499171629,1.8882477371251687,0.3759098963753655,3.418247737125169
1.0,TEMPO,5,Et4NBF4,0.1,1.0,1.0,MeCN:EtOAc=2:8,10.0,PENDING,PENDING,PENDING,0.0,53.27694874986599,14.147499811120536,1.264293301411449,65.06691905868381,6.297697113730063,0.6768888954752237,1.8338489069639092,0.3736275050656291,3.3638489069639093
1.0,TEMPO,5,Et4NBF4,0.05,1.0,2.0,MeCN:EtOAc=7:3,10.0,PENDING,PENDING,PENDING,0.0,53.343195366859774,14.28299818950979,1.3097518482911203,64.99375068842177,6.357879984631803,0.6792419402383598,1.8301977407221643,0.3772388970343499,3.3601977407221644
1.0,TEMPO,5,Et4NBF4,0.05,1.0,2.0,MeCN:EtOAc=6:4,10.0,PENDING,PENDING,PENDING,0.0,53.483767825462394,14.189361160711222,1.3100433362120465,65.21979965338267,6.314967619698215,0.7119369865940075,1.8309417999173863,0.37467463938501516,3.360941799917386
1.0,TEMPO,5,Et4NBF4,0.05,1.0,2.0,MeCN:EtOAc=5:5,10.0,PENDING,PENDING,PENDING,0.0,53.80686065274942,14.197073738272328,1.368635221546688,65.83670979634864,6.3235971556009,0.84759330731161,1.8218319546610273,0.3748431961431147,3.3518319546610273
1.0,TEMPO,5,Et4NBF4,0.05,1.0,2.0,MeCN:EtOAc=4:6,10.0,PENDING,PENDING,PENDING,0.0,53.282254544094535,14.177568818039791,1.2727393730034446,64.60933871088382,6.311527149515746,0.5960912300740073,1.8223537618962433,0.3744754750903,3.3523537618962433
1.0,TEMPO,5,Et4NBF4,0.05,1.0,2.0,MeCN:EtOAc=3:7,10.0,PENDING,PENDING,PENDING,0.0,52.156266700232074,14.205777049738556,1.100644994196129,64.47030360685024,6.328335059441315,0.5763606650723827,1.884516375018523,0.3765145112049036,3.414516375018523
1.0,TEMPO,5,Et4NBF4,0.05,1.0,2.0,MeCN:EtOAc=2:8,10.0,PENDING,PENDING,PENDING,0.0,53.3029182502756,14.173809771016986,1.2752762133736062,64.97536098880765,6.309390991287369,0.6624726449011955,1.8301948324723174,0.374357894661919,3.3601948324723176
1.0,TEMPO,5,Et4NBF4,0.05,1.0,1.5,MeCN:EtOAc=7:3,10.0,PENDING,PENDING,PENDING,0.0,53.33332484363375,14.256297138239951,1.3012832910794243,64.98922777378606,6.346023209486373,0.6751217740332847,1.8301971738886982,0.37653440983634423,3.3601971738886984
1.0,TEMPO,5,Et4NBF4,0.05,1.0,1.5,MeCN:EtOAc=6:4,10.0,PENDING,PENDING,PENDING,0.0,53.4748311338978,14.161232219233426,1.3013389527272534,65.21690241000383,6.3024357287411785,0.7078324517169519,1.830946634743954,0.3739304403798681,3.360946634743954
1.0,TEMPO,5,Et4NBF4,0.05,1.0,1.5,MeCN:EtOAc=5:5,10.0,PENDING,PENDING,PENDING,0.0,53.800371056522195,14.169087954087791,1.3601911446663548,65.83839875894026,6.3112046993360496,0.8442169773807162,1.821766234987719,0.37410225104325046,3.351766234987719
1.0,TEMPO,5,Et4NBF4,0.05,1.0,1.5,MeCN:EtOAc=4:6,10.0,PENDING,PENDING,PENDING,0.0,53.27157882894107,14.149260425785895,1.263834197294849,64.60187996924726,6.298937574606948,0.5915419192222877,1.822298237119057,0.37372854654433235,3.352298237119057
1.0,TEMPO,5,Et4NBF4,0.05,1.0,1.5,MeCN:EtOAc=3:7,10.0,PENDING,PENDING,PENDING,0.0,52.13748014258789,14.17787048105116,1.0913550102088543,64.46197632365477,6.316028873953751,0.5718320727348118,1.8849161526021385,0.3758001983514669,3.4149161526021388
1.0,TEMPO,5,Et4NBF4,0.05,1.0,1.5,MeCN:EtOAc=2:8,10.0,PENDING,PENDING,PENDING,0.0,53.29251022096478,14.145493350455089,1.2664025355604216,64.97063682719327,6.296814727698123,0.6581579034737086,1.830193828925578,0.37361068555085825,3.3601938289255777
1.0,TEMPO,5,Et4NBF4,0.05,1.0,1.0,MeCN:EtOAc=7:3,10.0,PENDING,PENDING,PENDING,0.0,53.343195366859774,14.282998189509792,1.3097518482911217,64.99375068842177,6.357879984631803,0.6792419402383598,1.8301977407221641,0.37723889703434993,3.360197740722164
1.0,TEMPO,5,Et4NBF4,0.05,1.0,1.0,MeCN:EtOAc=6:4,10.0,PENDING,PENDING,PENDING,0.0,53.4837678254624,14.189361160711222,1.3100433362120483,65.21979965338267,6.314967619698215,0.7119369865940075,1.8309417999173865,0.37467463938501516,3.3609417999173865
1.0,TEMPO,5,Et4NBF4,0.05,1.0,1.0,MeCN:EtOAc=5:5,10.0,PENDING,PENDING,PENDING,0.0,53.806860652749414,14.197073738272326,1.3686352215466875,65.83670979634864,6.3235971556009,0.84759330731161,1.8218319546610273,0.3748431961431147,3.3518319546610273
1.0,TEMPO,5,Et4NBF4,0.05,1.0,1.0,MeCN:EtOAc=4:6,10.0,PENDING,PENDING,PENDING,0.0,53.28225454409453,14.177568818039791,1.2727393730034446,64.60933871088382,6.311527149515747,0.5960912300740069,1.822353761896243,0.3744754750903,3.352353761896243
1.0,TEMPO,5,Et4NBF4,0.05,1.0,1.0,MeCN:EtOAc=3:7,10.0,PENDING,PENDING,PENDING,0.0,52.156266700232074,14.205777049738556,1.100644994196129,64.47030360685024,6.328335059441315,0.5763606650723827,1.884516375018523,0.3765145112049036,3.414516375018523
1.0,TEMPO,5,Et4NBF4,0.05,1.0,1.0,MeCN:EtOAc=2:8,10.0,PENDING,PENDING,PENDING,0.0,53.302918250275596,14.173809771016984,1.2752762133736053,64.97536098880765,6.309390991287369,0.6624726449011955,1.8301948324723174,0.374357894661919,3.3601948324723176
1.0,4-hydroxy-TEMPO,15,n-Bu4NOAc,0.2,1.0,2.0,MeCN:EtOAc=7:3,10.0,PENDING,PENDING,PENDING,0.0,54.828012269094536,14.283712966997793,1.5845231458389777,66.55798494544723,6.369914075564545,1.041877807338692,1.8126775122252858,0.37739127677953477,3.342677512225286
1.0,4-hydroxy-TEMPO,15,n-Bu4NOAc,0.2,1.0,2.0,MeCN:EtOAc=6:4,10.0,PENDING,PENDING,PENDING,0.0,54.98566069896394,14.19082926531559,1.5900322329833503,66.8184924441491,6.329747905973381,1.099920387238094,1.8131659899813997,0.3750060754774438,3.3431659899814
1.0,4-hydroxy-TEMPO,15,n-Bu4NOAc,0.2,1.0,2.0,MeCN:EtOAc=5:5,10.0,PENDING,PENDING,PENDING,0.0,55.26325144598616,14.155822496436205,1.6365049484541543,67.38911900079562,6.3067666549814305,1.2606207739937485,1.8060027602806485,0.37406967053359425,3.336002760280649
1.0,4-hydroxy-TEMPO,15,n-Bu4NOAc,0.2,1.0,2.0,MeCN:EtOAc=4:6,10.0,PENDING,PENDING,PENDING,0.0,54.82522132159519,14.2062365617709,1.5623875944267867,66.22686151821236,6.334286204630105,0.9446031533310688,1.8038765973811692,0.3753034251485064,3.3338765973811695
1.0,4-hydroxy-TEMPO,15,n-Bu4NOAc,0.2,1.0,2.0,MeCN:EtOAc=3:7,10.0,PENDING,PENDING,PENDING,0.0,53.74918339468054,14.232957763117813,1.3677192609560849,66.02094666010615,6.348764805480829,0.8986886232012561,1.8615082308028088,0.37740491687104005,3.391508230802809
1.0,4-hydroxy-TEMPO,15,n-Bu4NOAc,0.2,1.0,2.0,MeCN:EtOAc=2:8,10.0,PENDING,PENDING,PENDING,0.0,54.83195533330838,14.174105334005446,1.5547906004525873,66.58612567675596,6.322140666246631,1.0336823427655555,1.8122033643749853,0.3745099680210322,3.3422033643749853
1.0,4-hydroxy-TEMPO,15,n-Bu4NOAc,0.2,1.0,1.5,MeCN:EtOAc=7:3,10.0,PENDING,PENDING,PENDING,0.0,54.82902531652047,14.25691315438523,1.577248751855565,66.56491456526689,6.35823117284966,1.0398864355903332,1.812560699679717,0.37668677743430107,3.342560699679717
1.0,4-hydroxy-TEMPO,15,n-Bu4NOAc,0.2,1.0,1.5,MeCN:EtOAc=6:4,10.0,PENDING,PENDING,PENDING,0.0,54.98778589562403,14.162611374328998,1.582549590097512,66.82740895844341,6.3174431639079955,1.0982757512094823,1.813052251149216,0.3742649735023187,3.3430522511492162
1.0,4-hydroxy-TEMPO,15,n-Bu4NOAc,0.2,1.0,1.5,MeCN:EtOAc=5:5,10.0,PENDING,PENDING,PENDING,0.0,55.26734904132089,14.127001300984622,1.6291496777858079,67.40214346330298,6.294059405662087,1.2601827647570665,1.8058391045997595,0.3733126744801812,3.3358391045997595
1.0,4-hydroxy-TEMPO,15,n-Bu4NOAc,0.2,1.0,1.5,MeCN:EtOAc=4:6,10.0,PENDING,PENDING,PENDING,0.0,54.82603957815485,14.178317054551073,1.5547930420481486,66.23141561913263,6.322058645292899,0.941856524449731,1.8036949887563654,0.37456825216122985,3.333694988756365
1.0,4-hydroxy-TEMPO,15,n-Bu4NOAc,0.2,1.0,1.5,MeCN:EtOAc=3:7,10.0,PENDING,PENDING,PENDING,0.0,53.742412401562845,14.205405006290182,1.35935236080042,66.0239316280954,6.336775713547001,0.8956772961037942,1.8617356451199176,0.3767029625580157,3.3917356451199177
1.0,4-hydroxy-TEMPO,15,n-Bu4NOAc,0.2,1.0,1.5,MeCN:EtOAc=2:8,10.0,PENDING,PENDING,PENDING,0.0,54.83289383788051,14.14567354239199,1.5470869491986847,66.59334020957425,6.309751957130598,1.0315348608195982,1.8120819030851323,0.3737625681798968,3.3420819030851323
1.0,4-hydroxy-TEMPO,15,n-Bu4NOAc,0.2,1.0,1.0,MeCN:EtOAc=7:3,10.0,PENDING,PENDING,PENDING,0.0,54.82801226909455,14.283712966997795,1.5845231458389808,66.55798494544723,6.369914075564545,1.041877807338692,1.8126775122252856,0.37739127677953477,3.3426775122252854
1.0,4-hydroxy-TEMPO,15,n-Bu4NOAc,0.2,1.0,1.0,MeCN:EtOAc=6:4,10.0,PENDING,PENDING,PENDING,0.0,54.98566069896395,14.190829265315593,1.5900322329833525,66.81849244414911,6.329747905973382,1.0999203872380983,1.8131659899813997,0.37500607547744386,3.3431659899814
1.0,4-hydroxy-TEMPO,15,n-Bu4NOAc,0.2,1.0,1.0,MeCN:EtOAc=5:5,10.0,PENDING,PENDING,PENDING,0.0,55.263251445986164,14.155822496436205,1.636504948454157,67.38911900079562,6.3067666549814305,1.2606207739937485,1.8060027602806485,0.37406967053359425,3.336002760280649
1.0,4-hydroxy-TEMPO,15,n-Bu4NOAc,0.2,1.0,1.0,MeCN:EtOAc=4:6,10.0,PENDING,PENDING,PENDING,0.0,54.825221321595194,14.2062365617709,1.5623875944267893,66.22686151821236,6.334286204630105,0.9446031533310688,1.8038765973811692,0.3753034251485065,3.3338765973811695
1.0,4-hydroxy-TEMPO,15,n-Bu4NOAc,0.2,1.0,1.0,MeCN:EtOAc=3:7,10.0,PENDING,PENDING,PENDING,0.0,53.74918339468054,14.232957763117813,1.3677192609560849,66.02094666010615,6.348764805480829,0.8986886232012561,1.8615082308028088,0.37740491687104005,3.391508230802809
1.0,4-hydroxy-TEMPO,15,n-Bu4NOAc,0.2,1.0,1.0,MeCN:EtOAc=2:8,10.0,PENDING,PENDING,PENDING,0.0,54.83195533330838,14.174105334005446,1.5547906004525873,66.58612567675596,6.322140666246631,1.0336823427655555,1.8122033643749853,0.3745099680210322,3.3422033643749853
1.0,4-hydroxy-TEMPO,15,n-Bu4NOAc,0.1,1.0,2.0,MeCN:EtOAc=7:3,10.0,PENDING,PENDING,PENDING,0.0,54.87137419788022,14.280452971021685,1.5922588368824444,66.3703968952735,6.363303056352019,0.9903699906436094,1.8044706116328944,0.3772962230643823,3.334470611632894
1.0,4-hydroxy-TEMPO,15,n-Bu4NOAc,0.1,1.0,2.0,MeCN:EtOAc=6:4,10.0,PENDING,PENDING,PENDING,0.0,55.03265495823061,14.181924647161942,1.5969761790206127,66.63519820474274,6.320361436272426,1.0463045538128262,1.8048524265999077,0.3747317963821459,3.334852426599908
1.0,4-hydroxy-TEMPO,15,n-Bu4NOAc,0.1,1.0,2.0,MeCN:EtOAc=5:5,10.0,PENDING,PENDING,PENDING,0.0,55.31704709637032,14.168233228119746,1.6511340572417166,67.20284237490709,6.31391864069292,1.2061608852384982,1.7972625236269055,0.37435937033357114,3.3272625236269056
1.0,4-hydroxy-TEMPO,15,n-Bu4NOAc,0.1,1.0,2.0,MeCN:EtOAc=4:6,10.0,PENDING,PENDING,PENDING,0.0,54.868557603697795,14.19932673096072,1.5690468575747722,66.03085478753323,6.324353782234996,0.8934773283136557,1.7953841691682406,0.3750731737834016,3.325384169168241
1.0,4-hydroxy-TEMPO,15,n-Bu4NOAc,0.1,1.0,2.0,MeCN:EtOAc=3:7,10.0,PENDING,PENDING,PENDING,0.0,53.77131520859244,14.218942374948588,1.368005336445476,65.82272263979793,6.3385355164718025,0.8489112146186724,1.8546059091119278,0.3769756907482002,3.3846059091119276
1.0,4-hydroxy-TEMPO,15,n-Bu4NOAc,0.1,1.0,2.0,MeCN:EtOAc=2:8,10.0,PENDING,PENDING,PENDING,0.0,54.87636472381241,14.171071935188825,1.5627261449377277,66.39307931724996,6.315230425886705,0.9806914514858738,1.8037403779295007,0.374420483943824,3.3337403779295007
1.0,4-hydroxy-TEMPO,15,n-Bu4NOAc,0.1,1.0,1.5,MeCN:EtOAc=7:3,10.0,PENDING,PENDING,PENDING,0.0,54.87264622047367,14.253705453697247,1.5850335085889369,66.3759824085664,6.351546845654895,0.9880126875903581,1.8042908294623399,0.37659300217261776,3.33429082946234
1.0,4-hydroxy-TEMPO,15,n-Bu4NOAc,0.1,1.0,1.5,MeCN:EtOAc=6:4,10.0,PENDING,PENDING,PENDING,0.0,55.03507577314847,14.153661786483912,1.5895234481184866,66.642818662659,6.307933194920482,1.0442527406437812,1.804674532765193,0.3739888874939201,3.334674532765193
1.0,4-hydroxy-TEMPO,15,n-Bu4NOAc,0.1,1.0,1.5,MeCN:EtOAc=5:5,10.0,PENDING,PENDING,PENDING,0.0,55.3215096387693,14.139746408215004,1.6439243283481786,67.21452818854188,6.301379918525576,1.2053116520725138,1.7970301999102907,0.373610556270128,3.3270301999102907
1.0,4-hydroxy-TEMPO,15,n-Bu4NOAc,0.1,1.0,1.5,MeCN:EtOAc=4:6,10.0,PENDING,PENDING,PENDING,0.0,54.86962823445265,14.171401853610602,1.561483955301016,66.03397906547353,6.311994095199575,0.8903862510291494,1.7951365602435356,0.37433705091881975,3.3251365602435357
1.0,4-hydroxy-TEMPO,15,n-Bu4NOAc,0.1,1.0,1.5,MeCN:EtOAc=3:7,10.0,PENDING,PENDING,PENDING,0.0,53.764586577050366,14.191256156787647,1.3596058425600352,65.82425235702583,6.326410444873614,0.845580506379848,1.8547834628484074,0.3762692369988874,3.3847834628484073
1.0,4-hydroxy-TEMPO,15,n-Bu4NOAc,0.1,1.0,1.5,MeCN:EtOAc=2:8,10.0,PENDING,PENDING,PENDING,0.0,54.87756996264675,14.14270443054244,1.555073997587947,66.39889450525841,6.302764358918716,0.9781650511883402,1.8035531047769269,0.3736746765967479,3.333553104776927
1.0,4-hydroxy-TEMPO,15,n-Bu4NOAc,0.1,1.0,1.0,MeCN:EtOAc=7:3,10.0,PENDING,PENDING,PENDING,0.0,54.87137419788022,14.280452971021685,1.5922588368824444,66.3703968952735,6.363303056352019,0.9903699906436094,1.8044706116328944,0.3772962230643823,3.334470611632894
1.0,4-hydroxy-TEMPO,15,n-Bu4NOAc,0.1,1.0,1.0,MeCN:EtOAc=6:4,10.0,PENDING,PENDING,PENDING,0.0,55.03265495823061,14.181924647161944,1.596976179020614,66.63519820474274,6.320361436272426,1.0463045538128262,1.8048524265999075,0.3747317963821459,3.3348524265999075
1.0,4-hydroxy-TEMPO,15,n-Bu4NOAc,0.1,1.0,1.0,MeCN:EtOAc=5:5,10.0,PENDING,PENDING,PENDING,0.0,55.31704709637032,14.168233228119746,1.6511340572417166,67.20284237490709,6.31391864069292,1.2061608852384982,1.7972625236269055,0.37435937033357114,3.3272625236269056
1.0,4-hydroxy-TEMPO,15,n-Bu4NOAc,0.1,1.0,1.0,MeCN:EtOAc=4:6,10.0,PENDING,PENDING,PENDING,0.0,54.86855760369779,14.19932673096072,1.5690468575747705,66.03085478753323,6.324353782234996,0.8934773283136557,1.7953841691682406,0.3750731737834016,3.325384169168241
1.0,4-hydroxy-TEMPO,15,n-Bu4NOAc,0.1,1.0,1.0,MeCN:EtOAc=3:7,10.0,PENDING,PENDING,PENDING,0.0,53.77131520859244,14.218942374948588,1.368005336445476,65.82272263979793,6.3385355164718025,0.8489112146186724,1.8546059091119278,0.3769756907482002,3.3846059091119276
1.0,4-hydroxy-TEMPO,15,n-Bu4NOAc,0.1,1.0,1.0,MeCN:EtOAc=2:8,10.0,PENDING,PENDING,PENDING,0.0,54.87636472381241,14.171071935188825,1.5627261449377277,66.39307931724996,6.315230425886705,0.9806914514858738,1.8037403779295005,0.374420483943824,3.3337403779295007
1.0,4-hydroxy-TEMPO,15,n-Bu4NOAc,0.05,1.0,2.0,MeCN:EtOAc=7:3,10.0,PENDING,PENDING,PENDING,0.0,54.890144729525815,14.322127954965008,1.6076982892453016,66.26553438359522,6.382425735928833,0.9696927120731129,1.8008263860236908,0.3784997709546319,3.330826386023691
1.0,4-hydroxy-TEMPO,15,n-Bu4NOAc,0.05,1.0,2.0,MeCN:EtOAc=6:4,10.0,PENDING,PENDING,PENDING,0.0,55.05095249772737,14.22339800864621,1.6123463521518127,66.52784538856595,6.339505372147232,1.0238451459205178,1.8011520047823135,0.37592160216550674,3.3311520047823135
1.0,4-hydroxy-TEMPO,15,n-Bu4NOAc,0.05,1.0,2.0,MeCN:EtOAc=5:5,10.0,PENDING,PENDING,PENDING,0.0,55.33467318648333,14.220057409925172,1.6696172294260911,67.08486312085019,6.340858309861188,1.180349999724446,1.7934717589220963,0.37582193066326075,3.3234717589220963
1.0,4-hydroxy-TEMPO,15,n-Bu4NOAc,0.05,1.0,2.0,MeCN:EtOAc=4:6,10.0,PENDING,PENDING,PENDING,0.0,54.88770261705342,14.241201292100616,1.5845415372235814,65.92743828469993,6.343115553518318,0.8746982860679475,1.7917473362428091,0.3762724911624633,3.321747336242809
1.0,4-hydroxy-TEMPO,15,n-Bu4NOAc,0.05,1.0,2.0,MeCN:EtOAc=3:7,10.0,PENDING,PENDING,PENDING,0.0,53.79536396520251,14.257104693592371,1.3822570171099375,65.72181771823688,6.356741770191878,0.8313887671984499,1.8508245053310117,0.3780384133883287,3.3808245053310118
1.0,4-hydroxy-TEMPO,15,n-Bu4NOAc,0.05,1.0,2.0,MeCN:EtOAc=2:8,10.0,PENDING,PENDING,PENDING,0.0,54.89577440281756,14.215371730972672,1.578933603395515,66.28503939413919,6.335509171427603,0.9596215838905686,1.7999872754962911,0.3756992404680324,3.329987275496291
1.0,4-hydroxy-TEMPO,15,n-Bu4NOAc,0.05,1.0,1.5,MeCN:EtOAc=7:3,10.0,PENDING,PENDING,PENDING,0.0,54.89157366221704,14.296017254933425,1.600660543719591,66.27033815038332,6.370950326789359,0.9672371263832598,1.800619809658823,0.3778148007560245,3.330619809658823
1.0,4-hydroxy-TEMPO,15,n-Bu4NOAc,0.05,1.0,1.5,MeCN:EtOAc=6:4,10.0,PENDING,PENDING,PENDING,0.0,55.05352569949154,14.195774812167993,1.6050822905686175,66.53465715270879,6.3273609960935016,1.0216720891124493,1.8009467265989334,0.37519689896978714,3.3309467265989334
1.0,4-hydroxy-TEMPO,15,n-Bu4NOAc,0.05,1.0,1.5,MeCN:EtOAc=5:5,10.0,PENDING,PENDING,PENDING,0.0,55.339281937376285,14.192393070502057,1.6626506362260556,67.09562876680017,6.328739627627903,1.1793453473213789,1.7932110407898092,0.3750961053052624,3.3232110407898094
1.0,4-hydroxy-TEMPO,15,n-Bu4NOAc,0.05,1.0,1.5,MeCN:EtOAc=4:6,10.0,PENDING,PENDING,PENDING,0.0,54.88893579049341,14.213921733402472,1.577166960450517,65.92979544544737,6.331032998906354,0.8715370664061068,1.7914730092740139,0.37555469625059934,3.3214730092740137
1.0,4-hydroxy-TEMPO,15,n-Bu4NOAc,0.05,1.0,1.5,MeCN:EtOAc=3:7,10.0,PENDING,PENDING,PENDING,0.0,53.7888462865539,14.229998998148595,1.374011609135915,65.72260716302186,6.344883277731211,0.8280022869055723,1.8509739705959933,0.37734778751064846,3.3809739705959934
1.0,4-hydroxy-TEMPO,15,n-Bu4NOAc,0.05,1.0,1.5,MeCN:EtOAc=2:8,10.0,PENDING,PENDING,PENDING,0.0,54.89714433448532,14.187693887093898,1.5714810073690013,66.29003878767456,6.32334628264254,0.9569973618765917,1.7997720604878102,0.37497318684720415,3.3297720604878105
1.0,4-hydroxy-TEMPO,15,n-Bu4NOAc,0.05,1.0,1.0,MeCN:EtOAc=7:3,10.0,PENDING,PENDING,PENDING,0.0,54.89014472952583,14.322127954965007,1.6076982892453056,66.26553438359522,6.382425735928832,0.9696927120731129,1.8008263860236908,0.3784997709546318,3.330826386023691
1.0,4-hydroxy-TEMPO,15,n-Bu4NOAc,0.05,1.0,1.0,MeCN:EtOAc=6:4,10.0,PENDING,PENDING,PENDING,0.0,55.05095249772737,14.22339800864621,1.6123463521518127,66.52784538856595,6.339505372147232,1.0238451459205178,1.8011520047823133,0.3759216021655067,3.3311520047823135
1.0,4-hydroxy-TEMPO,15,n-Bu4NOAc,0.05,1.0,1.0,MeCN:EtOAc=5:5,10.0,PENDING,PENDING,PENDING,0.0,55.33467318648333,14.220057409925172,1.6696172294260911,67.08486312085019,6.340858309861187,1.1803499997244455,1.7934717589220963,0.37582193066326075,3.3234717589220963
1.0,4-hydroxy-TEMPO,15,n-Bu4NOAc,0.05,1.0,1.0,MeCN:EtOAc=4:6,10.0,PENDING,PENDING,PENDING,0.0,54.88770261705342,14.241201292100616,1.5845415372235814,65.92743828469992,6.343115553518319,0.874698286067944,1.7917473362428091,0.3762724911624633,3.321747336242809
1.0,4-hydroxy-TEMPO,15,n-Bu4NOAc,0.05,1.0,1.0,MeCN:EtOAc=3:7,10.0,PENDING,PENDING,PENDING,0.0,53.795363965202505,14.257104693592371,1.3822570171099366,65.72181771823688,6.356741770191878,0.8313887671984499,1.8508245053310113,0.3780384133883287,3.3808245053310113
1.0,4-hydroxy-TEMPO,15,n-Bu4NOAc,0.05,1.0,1.0,MeCN:EtOAc=2:8,10.0,PENDING,PENDING,PENDING,0.0,54.89577440281755,14.215371730972668,1.5789336033955137,66.28503939413919,6.335509171427602,0.959621583890568,1.7999872754962913,0.3756992404680324,3.3299872754962916
1.0,4-hydroxy-TEMPO,15,n-Bu4NClO4,0.2,1.0,2.0,MeCN:EtOAc=7:3,10.0,PENDING,PENDING,PENDING,0.0,56.594758017458794,14.35313319379741,1.9890495874535299,66.40886687205497,6.381506401478816,1.0062493458845494,1.7879548110975203,0.37847401325240376,3.31795481109752
1.0,4-hydroxy-TEMPO,15,n-Bu4NClO4,0.2,1.0,2.0,MeCN:EtOAc=6:4,10.0,PENDING,PENDING,PENDING,0.0,56.780297309455904,14.243256023214034,1.9991566353138284,66.6658074099676,6.335022607508294,1.0594750429626614,1.7881058737677205,0.37573820498618693,3.3181058737677205
1.0,4-hydroxy-TEMPO,15,n-Bu4NClO4,0.2,1.0,2.0,MeCN:EtOAc=5:5,10.0,PENDING,PENDING,PENDING,0.0,57.08997641116798,14.23170117889211,2.070490185516453,67.23921756652737,6.327756839334764,1.2219705547979378,1.7800750754194945,0.37538952285636396,3.3100750754194945
1.0,4-hydroxy-TEMPO,15,n-Bu4NClO4,0.2,1.0,2.0,MeCN:EtOAc=4:6,10.0,PENDING,PENDING,PENDING,0.0,56.613947864001744,14.294183207251322,1.9754173311451977,66.07548195693622,6.348732184957987,0.9118535002989543,1.77889710989042,0.3766877805393278,3.3088971098904203
1.0,4-hydroxy-TEMPO,15,n-Bu4NClO4,0.2,1.0,2.0,MeCN:EtOAc=3:7,10.0,PENDING,PENDING,PENDING,0.0,55.55022974587099,14.315197506548651,1.74258796780392,65.87055627696941,6.361382082654324,0.8669688555970623,1.8375035935419364,0.3785430934746275,3.3675035935419366
1.0,4-hydroxy-TEMPO,15,n-Bu4NClO4,0.2,1.0,2.0,MeCN:EtOAc=2:8,10.0,PENDING,PENDING,PENDING,0.0,56.65086358861364,14.248017355381043,1.9699090636971914,66.43247788229635,6.334541656485558,0.9971507698451476,1.7867423877703104,0.37566730879839405,3.3167423877703106
1.0,4-hydroxy-TEMPO,15,n-Bu4NClO4,0.2,1.0,1.5,MeCN:EtOAc=7:3,10.0,PENDING,PENDING,PENDING,0.0,56.60861211506562,14.327422232273323,1.9843980559452175,66.41468208319966,6.370019224637798,1.0040341788228428,1.7876563029427408,0.37778757097694815,3.3176563029427406
1.0,4-hydroxy-TEMPO,15,n-Bu4NClO4,0.2,1.0,1.5,MeCN:EtOAc=6:4,10.0,PENDING,PENDING,PENDING,0.0,56.79555000617141,14.21585255224212,1.9943038799851633,66.67357272067254,6.322807913441268,1.0575337658224486,1.7878069102981327,0.3750093806056649,3.317806910298133
1.0,4-hydroxy-TEMPO,15,n-Bu4NClO4,0.2,1.0,1.5,MeCN:EtOAc=5:5,10.0,PENDING,PENDING,PENDING,0.0,57.107536692776655,14.204117228261987,2.0661205971071532,67.25111016118497,6.315421170672432,1.2212675134376947,1.7797169751942414,0.3746552760729511,3.3097169751942417
1.0,4-hydroxy-TEMPO,15,n-Bu4NClO4,0.2,1.0,1.5,MeCN:EtOAc=4:6,10.0,PENDING,PENDING,PENDING,0.0,56.6278419457615,14.267665570342668,1.9705291927390611,66.07889835650141,6.336747270275987,0.9089336295690127,1.7785311199331895,0.37597584827605574,3.3085311199331895
1.0,4-hydroxy-TEMPO,15,n-Bu4NClO4,0.2,1.0,1.5,MeCN:EtOAc=3:7,10.0,PENDING,PENDING,PENDING,0.0,55.55664380722078,14.288943505548495,1.7363132532659091,65.87241403254427,6.34960285526467,0.8637975308824719,1.837556774874008,0.3778596696796097,3.367556774874008
1.0,4-hydroxy-TEMPO,15,n-Bu4NClO4,0.2,1.0,1.5,MeCN:EtOAc=2:8,10.0,PENDING,PENDING,PENDING,0.0,56.665181848539696,14.220767414539633,1.9648950667392184,66.43852933104561,6.3223662484695256,0.9947742411008478,1.7864314729226434,0.3749395874066951,3.3164314729226434
1.0,4-hydroxy-TEMPO,15,n-Bu4NClO4,0.2,1.0,1.0,MeCN:EtOAc=7:3,10.0,PENDING,PENDING,PENDING,0.0,56.594758017458794,14.35313319379741,1.9890495874535299,66.40886687205497,6.381506401478816,1.0062493458845494,1.78795481109752,0.37847401325240376,3.31795481109752
1.0,4-hydroxy-TEMPO,15,n-Bu4NClO4,0.2,1.0,1.0,MeCN:EtOAc=6:4,10.0,PENDING,PENDING,PENDING,0.0,56.7802973094559,14.243256023214034,1.9991566353138266,66.6658074099676,6.335022607508294,1.0594750429626614,1.7881058737677205,0.37573820498618693,3.3181058737677205
1.0,4-hydroxy-TEMPO,15,n-Bu4NClO4,0.2,1.0,1.0,MeCN:EtOAc=5:5,10.0,PENDING,PENDING,PENDING,0.0,57.08997641116798,14.231701178892113,2.070490185516454,67.23921756652737,6.327756839334765,1.221970554797938,1.780075075419494,0.37538952285636407,3.310075075419494
1.0,4-hydroxy-TEMPO,15,n-Bu4NClO4,0.2,1.0,1.0,MeCN:EtOAc=4:6,10.0,PENDING,PENDING,PENDING,0.0,56.61394786400173,14.294183207251322,1.9754173311451946,66.07548195693622,6.348732184957987,0.9118535002989543,1.77889710989042,0.3766877805393278,3.3088971098904203
1.0,4-hydroxy-TEMPO,15,n-Bu4NClO4,0.2,1.0,1.0,MeCN:EtOAc=3:7,10.0,PENDING,PENDING,PENDING,0.0,55.55022974587099,14.315197506548651,1.74258796780392,65.87055627696941,6.361382082654324,0.8669688555970623,1.8375035935419366,0.3785430934746275,3.3675035935419366
1.0,4-hydroxy-TEMPO,15,n-Bu4NClO4,0.2,1.0,1.0,MeCN:EtOAc=2:8,10.0,PENDING,PENDING,PENDING,0.0,56.65086358861364,14.248017355381043,1.9699090636971914,66.43247788229637,6.334541656485558,0.9971507698451507,1.7867423877703108,0.37566730879839405,3.3167423877703106
1.0,4-hydroxy-TEMPO,15,n-Bu4NClO4,0.1,1.0,2.0,MeCN:EtOAc=7:3,10.0,PENDING,PENDING,PENDING,0.0,56.66989219101613,14.308815982020576,1.9931674725403634,66.22618264782395,6.359789755283489,0.9525440902489009,1.7795592925868058,0.37734047809173,3.3095592925868056
1.0,4-hydroxy-TEMPO,15,n-Bu4NClO4,0.1,1.0,2.0,MeCN:EtOAc=6:4,10.0,PENDING,PENDING,PENDING,0.0,56.8597785086171,14.191909320517857,2.002233971620845,66.48741156581687,6.309938083542931,1.0035080163412886,1.779600518528811,0.3743796217028102,3.309600518528811
1.0,4-hydroxy-TEMPO,15,n-Bu4NClO4,0.1,1.0,2.0,MeCN:EtOAc=5:5,10.0,PENDING,PENDING,PENDING,0.0,57.177016093532835,14.19623777296508,2.080729619324911,67.058821650557,6.316737253819965,1.1643834531545627,1.7711332975492968,0.37451103028381694,3.301133297549297
1.0,4-hydroxy-TEMPO,15,n-Bu4NClO4,0.1,1.0,2.0,MeCN:EtOAc=4:6,10.0,PENDING,PENDING,PENDING,0.0,56.68964222694115,14.245978269307408,1.978446544837242,65.88435939104019,6.323672055166778,0.8586506044694637,1.7702137796969386,0.3754072096763935,3.3002137796969384
1.0,4-hydroxy-TEMPO,15,n-Bu4NClO4,0.1,1.0,2.0,MeCN:EtOAc=3:7,10.0,PENDING,PENDING,PENDING,0.0,55.605082214236106,14.261729150882266,1.7387465087760625,65.67709622456603,6.33637706755519,0.8152365868271698,1.830418112851408,0.3771597937093882,3.3604181128514083
1.0,4-hydroxy-TEMPO,15,n-Bu4NClO4,0.1,1.0,2.0,MeCN:EtOAc=2:8,10.0,PENDING,PENDING,PENDING,0.0,56.728378939839125,14.20106343222922,1.9737591306811773,66.24454363564703,6.311488213205939,0.9417790645101709,1.778083051148468,0.37446685770382804,3.308083051148468
1.0,4-hydroxy-TEMPO,15,n-Bu4NClO4,0.1,1.0,1.5,MeCN:EtOAc=7:3,10.0,PENDING,PENDING,PENDING,0.0,56.68433149452014,14.282464388554823,1.9884526012448007,66.23070468084944,6.34797805065835,0.949918698394743,1.7791959222161569,0.3766377736035503,3.3091959222161567
1.0,4-hydroxy-TEMPO,15,n-Bu4NClO4,0.1,1.0,1.5,MeCN:EtOAc=6:4,10.0,PENDING,PENDING,PENDING,0.0,56.87566344138826,14.163735461147294,1.9972894883075072,66.49393170493488,6.297334942278312,1.0011115666408594,1.7792354631517464,0.37363040464272684,3.3092354631517464
1.0,4-hydroxy-TEMPO,15,n-Bu4NClO4,0.1,1.0,1.5,MeCN:EtOAc=5:5,10.0,PENDING,PENDING,PENDING,0.0,57.1952891649734,14.16815106187068,2.076375292041479,67.06944108809576,6.304254959052039,1.163201876785525,1.770704450960041,0.37376464303536827,3.300704450960041
1.0,4-hydroxy-TEMPO,15,n-Bu4NClO4,0.1,1.0,1.5,MeCN:EtOAc=4:6,10.0,PENDING,PENDING,PENDING,0.0,56.704123863851734,14.218754796493423,1.9734751335307283,65.88639662456292,6.31130214083647,0.8553450408774501,1.769779865035157,0.3746764758723897,3.2997798650351573
1.0,4-hydroxy-TEMPO,15,n-Bu4NClO4,0.1,1.0,1.5,MeCN:EtOAc=3:7,10.0,PENDING,PENDING,PENDING,0.0,55.61187830888524,14.234679452383627,1.7323180492938168,65.67754759802656,6.324216328814959,0.8117078567839358,1.8304196173970795,0.37645600940007024,3.3604196173970795
1.0,4-hydroxy-TEMPO,15,n-Bu4NClO4,0.1,1.0,1.5,MeCN:EtOAc=2:8,10.0,PENDING,PENDING,PENDING,0.0,56.7433096849279,14.173122346582844,1.9686718999431378,66.24924976966689,6.298961923948011,0.9389750922978217,1.7777043221617408,0.3737216029648034,3.307704322161741
1.0,4-hydroxy-TEMPO,15,n-Bu4NClO4,0.1,1.0,1.0,MeCN:EtOAc=7:3,10.0,PENDING,PENDING,PENDING,0.0,56.66989219101613,14.308815982020576,1.9931674725403634,66.22618264782395,6.359789755283489,0.9525440902489009,1.7795592925868058,0.37734047809173,3.3095592925868056
1.0,4-hydroxy-TEMPO,15,n-Bu4NClO4,0.1,1.0,1.0,MeCN:EtOAc=6:4,10.0,PENDING,PENDING,PENDING,0.0,56.8597785086171,14.191909320517857,2.002233971620845,66.48741156581687,6.309938083542931,1.0035080163412886,1.779600518528811,0.3743796217028102,3.309600518528811
1.0,4-hydroxy-TEMPO,15,n-Bu4NClO4,0.1,1.0,1.0,MeCN:EtOAc=5:5,10.0,PENDING,PENDING,PENDING,0.0,57.177016093532835,14.19623777296508,2.080729619324911,67.058821650557,6.316737253819965,1.1643834531545627,1.7711332975492968,0.37451103028381694,3.301133297549297
1.0,4-hydroxy-TEMPO,15,n-Bu4NClO4,0.1,1.0,1.0,MeCN:EtOAc=4:6,10.0,PENDING,PENDING,PENDING,0.0,56.68964222694115,14.245978269307408,1.978446544837242,65.88435939104019,6.323672055166778,0.8586506044694637,1.7702137796969386,0.3754072096763935,3.3002137796969384
1.0,4-hydroxy-TEMPO,15,n-Bu4NClO4,0.1,1.0,1.0,MeCN:EtOAc=3:7,10.0,PENDING,PENDING,PENDING,0.0,55.605082214236106,14.261729150882266,1.7387465087760625,65.67709622456603,6.33637706755519,0.8152365868271698,1.830418112851408,0.3771597937093882,3.3604181128514083
1.0,4-hydroxy-TEMPO,15,n-Bu4NClO4,0.1,1.0,1.0,MeCN:EtOAc=2:8,10.0,PENDING,PENDING,PENDING,0.0,56.728378939839125,14.20106343222922,1.9737591306811773,66.24454363564703,6.311488213205939,0.9417790645101709,1.778083051148468,0.37446685770382804,3.308083051148468
1.0,4-hydroxy-TEMPO,15,n-Bu4NClO4,0.05,1.0,2.0,MeCN:EtOAc=7:3,10.0,PENDING,PENDING,PENDING,0.0,56.678428422355,14.330579732827244,2.001923860015841,66.12611295323512,6.371825197196477,0.931489245285773,1.7762204516543212,0.3780495187523276,3.306220451654321
1.0,4-hydroxy-TEMPO,15,n-Bu4NClO4,0.05,1.0,2.0,MeCN:EtOAc=6:4,10.0,PENDING,PENDING,PENDING,0.0,56.86761422218021,14.213420635097352,2.010799349656032,66.38493095839584,6.321969434479673,0.9807676937624958,1.7762115790170903,0.37506726873580254,3.3062115790170905
1.0,4-hydroxy-TEMPO,15,n-Bu4NClO4,0.05,1.0,2.0,MeCN:EtOAc=5:5,10.0,PENDING,PENDING,PENDING,0.0,57.183877860852206,14.224955261084991,2.0914916635886778,66.94611286701274,6.334914430944755,1.1379024836334517,1.7676692805121568,0.3754144665161926,3.2976692805121566
1.0,4-hydroxy-TEMPO,15,n-Bu4NClO4,0.05,1.0,2.0,MeCN:EtOAc=4:6,10.0,PENDING,PENDING,PENDING,0.0,56.69836612326884,14.267278748561626,1.9870912167610073,65.78577866509177,6.335236102193973,0.8394381802176383,1.7668870315748375,0.376096392047029,3.2968870315748378
1.0,4-hydroxy-TEMPO,15,n-Bu4NClO4,0.05,1.0,2.0,MeCN:EtOAc=3:7,10.0,PENDING,PENDING,PENDING,0.0,55.61866486787443,14.280296634873643,1.7470772387540272,65.58094960072202,6.347606151315133,0.7973014807568999,1.8269286224071368,0.3777630532836556,3.356928622407137
1.0,4-hydroxy-TEMPO,15,n-Bu4NClO4,0.05,1.0,2.0,MeCN:EtOAc=2:8,10.0,PENDING,PENDING,PENDING,0.0,56.737121606844624,14.224077902898786,1.9829414177689957,66.14149851846722,6.324199281280182,0.9202730847839939,1.7746483950493803,0.3752169713300206,3.30464839504938
1.0,4-hydroxy-TEMPO,15,n-Bu4NClO4,0.05,1.0,1.5,MeCN:EtOAc=7:3,10.0,PENDING,PENDING,PENDING,0.0,56.692918815529104,14.304532323011681,1.9973129310192497,66.12990264003189,6.360177914669293,0.9287515161981139,1.7758334802203444,0.3773568013110145,3.305833480220344
1.0,4-hydroxy-TEMPO,15,n-Bu4NClO4,0.05,1.0,1.5,MeCN:EtOAc=6:4,10.0,PENDING,PENDING,PENDING,0.0,56.88354238299057,14.185551199980662,2.0059578610138136,66.39069295933339,6.309532841358632,0.9782375548228075,1.7758224234045992,0.3743278037818455,3.3058224234045994
1.0,4-hydroxy-TEMPO,15,n-Bu4NClO4,0.05,1.0,1.5,MeCN:EtOAc=5:5,10.0,PENDING,PENDING,PENDING,0.0,57.20218344031451,14.197291608799935,2.0872784776988076,66.9558687657447,6.32270124720645,1.1365436233683452,1.7672155559868927,0.37468144157494915,3.2972155559868925
1.0,4-hydroxy-TEMPO,15,n-Bu4NClO4,0.05,1.0,1.5,MeCN:EtOAc=4:6,10.0,PENDING,PENDING,PENDING,0.0,56.71290162988662,14.240352862527992,1.9822218949428847,65.7870988069388,6.323024106430477,0.8360474837617942,1.766429662075533,0.375375362878606,3.296429662075533
1.0,4-hydroxy-TEMPO,15,n-Bu4NClO4,0.05,1.0,1.5,MeCN:EtOAc=3:7,10.0,PENDING,PENDING,PENDING,0.0,55.625562797485415,14.253499701249583,1.7407359158075804,65.5807096079357,6.335597375923453,0.7937028435407003,1.8269050335084491,0.3770675175498317,3.356905033508449
1.0,4-hydroxy-TEMPO,15,n-Bu4NClO4,0.05,1.0,1.5,MeCN:EtOAc=2:8,10.0,PENDING,PENDING,PENDING,0.0,56.75210483001798,14.196464127316359,1.9779650043777735,66.1454412334,6.311849615605203,0.9173556451129303,1.7742451134629669,0.37448246914417593,3.304245113462967
1.0,4-hydroxy-TEMPO,15,n-Bu4NClO4,0.05,1.0,1.0,MeCN:EtOAc=7:3,10.0,PENDING,PENDING,PENDING,0.0,56.67842842235498,14.330579732827244,2.0019238600158373,66.12611295323514,6.371825197196477,0.9314892452857764,1.7762204516543212,0.3780495187523276,3.306220451654321
1.0,4-hydroxy-TEMPO,15,n-Bu4NClO4,0.05,1.0,1.0,MeCN:EtOAc=6:4,10.0,PENDING,PENDING,PENDING,0.0,56.86761422218021,14.213420635097352,2.010799349656032,66.38493095839586,6.321969434479673,0.9807676937624994,1.77621157901709,0.37506726873580254,3.30621157901709
1.0,4-hydroxy-TEMPO,15,n-Bu4NClO4,0.05,1.0,1.0,MeCN:EtOAc=5:5,10.0,PENDING,PENDING,PENDING,0.0,57.18387786085221,14.224955261084995,2.091491663588681,66.94611286701274,6.334914430944756,1.1379024836334517,1.7676692805121565,0.3754144665161926,3.2976692805121566
1.0,4-hydroxy-TEMPO,15,n-Bu4NClO4,0.05,1.0,1.0,MeCN:EtOAc=4:6,10.0,PENDING,PENDING,PENDING,0.0,56.69836612326884,14.267278748561626,1.9870912167610073,65.78577866509177,6.335236102193973,0.8394381802176383,1.7668870315748375,0.376096392047029,3.2968870315748378
1.0,4-hydroxy-TEMPO,15,n-Bu4NClO4,0.05,1.0,1.0,MeCN:EtOAc=3:7,10.0,PENDING,PENDING,PENDING,0.0,55.61866486787443,14.280296634873643,1.7470772387540272,65.58094960072202,6.347606151315133,0.7973014807568999,1.8269286224071368,0.3777630532836556,3.356928622407137
1.0,4-hydroxy-TEMPO,15,n-Bu4NClO4,0.05,1.0,1.0,MeCN:EtOAc=2:8,10.0,PENDING,PENDING,PENDING,0.0,56.737121606844624,14.224077902898786,1.9829414177689957,66.14149851846722,6.324199281280182,0.9202730847839939,1.7746483950493803,0.3752169713300206,3.30464839504938
1.0,4-hydroxy-TEMPO,15,n-Bu4NBF4,0.2,1.0,2.0,MeCN:EtOAc=7:3,10.0,PENDING,PENDING,PENDING,0.0,59.07501897733341,14.367600512291688,2.64903248041702,66.39986705771354,6.376343301560758,1.0022295142626758,1.7483078655978357,0.3789773206439187,3.278307865597836
1.0,4-hydroxy-TEMPO,15,n-Bu4NBF4,0.2,1.0,2.0,MeCN:EtOAc=6:4,10.0,PENDING,PENDING,PENDING,0.0,59.27039370305399,14.295173325596856,2.6816597416776005,66.65985790093902,6.337954390510208,1.0588280589143717,1.7478527411109237,0.37690042767087084,3.277852741110924
1.0,4-hydroxy-TEMPO,15,n-Bu4NBF4,0.2,1.0,2.0,MeCN:EtOAc=5:5,10.0,PENDING,PENDING,PENDING,0.0,59.49441422179558,14.291747515256299,2.7475558083808025,67.21575651720649,6.333821683624226,1.2169880282407903,1.740871193994921,0.3766217705725055,3.270871193994921
1.0,4-hydroxy-TEMPO,15,n-Bu4NBF4,0.2,1.0,2.0,MeCN:EtOAc=4:6,10.0,PENDING,PENDING,PENDING,0.0,59.27040836737958,14.23128657865961,2.6595744998348625,66.06912914194207,6.327946257723082,0.9038164560033131,1.7369864761321856,0.3757549753102948,3.2669864761321854
1.0,4-hydroxy-TEMPO,15,n-Bu4NBF4,0.2,1.0,2.0,MeCN:EtOAc=3:7,10.0,PENDING,PENDING,PENDING,0.0,58.14046699258093,14.34268677921749,2.3772814916149407,65.86223368778903,6.356192378100275,0.8634412762508519,1.7972896030425434,0.3793642921851181,3.3272896030425434
1.0,4-hydroxy-TEMPO,15,n-Bu4NBF4,0.2,1.0,2.0,MeCN:EtOAc=2:8,10.0,PENDING,PENDING,PENDING,0.0,59.20203736027143,14.262768848213009,2.6502512646332583,66.42328500478025,6.3289613620915715,0.9929496619848011,1.7459282956067537,0.37619036183283017,3.2759282956067537
1.0,4-hydroxy-TEMPO,15,n-Bu4NBF4,0.2,1.0,1.5,MeCN:EtOAc=7:3,10.0,PENDING,PENDING,PENDING,0.0,59.106341009666984,14.341962293999643,2.649395245094902,66.40563436224902,6.364755477287552,0.9999702220613225,1.747722032634057,0.3782957431893654,3.277722032634057
1.0,4-hydroxy-TEMPO,15,n-Bu4NBF4,0.2,1.0,1.5,MeCN:EtOAc=6:4,10.0,PENDING,PENDING,PENDING,0.0,59.303207124477225,14.268474683735507,2.682164625223771,66.66760704326803,6.325774678480536,1.0568939140852864,1.7472602188753978,0.3761877169343654,3.277260218875398
1.0,4-hydroxy-TEMPO,15,n-Bu4NBF4,0.2,1.0,1.5,MeCN:EtOAc=5:5,10.0,PENDING,PENDING,PENDING,0.0,59.52868530382648,14.265006559249771,2.7485886972871754,67.22745311205757,6.321573320027774,1.2162499932843631,1.7402303179492347,0.3759048751456033,3.2702303179492347
1.0,4-hydroxy-TEMPO,15,n-Bu4NBF4,0.2,1.0,1.5,MeCN:EtOAc=4:6,10.0,PENDING,PENDING,PENDING,0.0,59.303545302061266,14.203544068177708,2.6597989592832074,66.07252600559114,6.315592108077462,0.9007817628917847,1.736309381139862,0.3750234027702045,3.266309381139862
1.0,4-hydroxy-TEMPO,15,n-Bu4NBF4,0.2,1.0,1.5,MeCN:EtOAc=3:7,10.0,PENDING,PENDING,PENDING,0.0,58.16540826150127,14.316727073146062,2.3754393673209164,65.86405025950585,6.344315549178019,0.8602344863927434,1.7970506162250004,0.3786912237521399,3.3270506162250006
1.0,4-hydroxy-TEMPO,15,n-Bu4NBF4,0.2,1.0,1.5,MeCN:EtOAc=2:8,10.0,PENDING,PENDING,PENDING,0.0,59.23452566453324,14.235586849154835,2.650454968299525,66.42928759354776,6.316675328171901,0.9905257558297762,1.7453180117609302,0.3754676970154253,3.2753180117609304
1.0,4-hydroxy-TEMPO,15,n-Bu4NBF4,0.2,1.0,1.0,MeCN:EtOAc=7:3,10.0,PENDING,PENDING,PENDING,0.0,59.075018977333414,14.36760051229169,2.6490324804170218,66.39986705771354,6.37634330156076,1.0022295142626758,1.7483078655978357,0.3789773206439187,3.278307865597836
1.0,4-hydroxy-TEMPO,15,n-Bu4NBF4,0.2,1.0,1.0,MeCN:EtOAc=6:4,10.0,PENDING,PENDING,PENDING,0.0,59.27039370305398,14.295173325596854,2.6816597416775987,66.65985790093902,6.337954390510208,1.0588280589143717,1.7478527411109237,0.37690042767087084,3.277852741110924
1.0,4-hydroxy-TEMPO,15,n-Bu4NBF4,0.2,1.0,1.0,MeCN:EtOAc=4:6,10.0,PENDING,PENDING,PENDING,0.0,59.270408367379574,14.231286578659613,2.6595744998348607,66.06912914194207,6.327946257723082,0.9038164560033131,1.7369864761321856,0.3757549753102948,3.2669864761321854
1.0,4-hydroxy-TEMPO,15,n-Bu4NBF4,0.2,1.0,1.0,MeCN:EtOAc=3:7,10.0,PENDING,PENDING,PENDING,0.0,58.14046699258094,14.34268677921749,2.377281491614942,65.86223368778903,6.356192378100274,0.8634412762508512,1.7972896030425436,0.3793642921851181,3.3272896030425434
1.0,4-hydroxy-TEMPO,15,n-Bu4NBF4,0.2,1.0,1.0,MeCN:EtOAc=2:8,10.0,PENDING,PENDING,PENDING,0.0,59.20203736027143,14.262768848213007,2.6502512646332574,66.42328500478025,6.3289613620915715,0.9929496619848011,1.7459282956067537,0.37619036183283017,3.2759282956067537
1.0,4-hydroxy-TEMPO,15,n-Bu4NBF4,0.1,1.0,2.0,MeCN:EtOAc=7:3,10.0,PENDING,PENDING,PENDING,0.0,59.1931930599721,14.315200949312583,2.665731689764693,66.2172691970474,6.355012597196699,0.948791756734338,1.7393530286933163,0.3776604506592757,3.2693530286933163
1.0,4-hydroxy-TEMPO,15,n-Bu4NBF4,0.1,1.0,2.0,MeCN:EtOAc=6:4,10.0,PENDING,PENDING,PENDING,0.0,59.39308022085874,14.237459298680681,2.69820381412943,66.48165173053918,6.313612354209096,1.003194330468627,1.738775442663579,0.37539090844934087,3.2687754426635793
1.0,4-hydroxy-TEMPO,15,n-Bu4NBF4,0.1,1.0,2.0,MeCN:EtOAc=4:6,10.0,PENDING,PENDING,PENDING,0.0,59.39390190225566,14.171316880884367,2.6755010867400455,65.8781840931899,6.3023394432643824,0.8507045967062732,1.7276767171225762,0.37420724851074966,3.2576767171225764
1.0,4-hydroxy-TEMPO,15,n-Bu4NBF4,0.1,1.0,2.0,MeCN:EtOAc=3:7,10.0,PENDING,PENDING,PENDING,0.0,58.241256732215156,14.283416484244523,2.3849900955996692,65.66887845394503,6.33157862666324,0.8119721289272728,1.7896159635737747,0.37784359535041695,3.3196159635737748
1.0,4-hydroxy-TEMPO,15,n-Bu4NBF4,0.1,1.0,2.0,MeCN:EtOAc=2:8,10.0,PENDING,PENDING,PENDING,0.0,59.32432588208903,14.207140632636516,2.6672078848211846,66.23544421349979,6.306307551482417,0.9378609096522068,1.7366862739615756,0.3747930588361999,3.2666862739615756
1.0,4-hydroxy-TEMPO,15,n-Bu4NBF4,0.1,1.0,1.5,MeCN:EtOAc=7:3,10.0,PENDING,PENDING,PENDING,0.0,59.22552469105,14.288779074640598,2.6661599616959317,66.22174503458818,6.343103672297222,0.9461260040776813,1.7386966180941208,0.376959345828076,3.268696618094121
1.0,4-hydroxy-TEMPO,15,n-Bu4NBF4,0.1,1.0,1.5,MeCN:EtOAc=6:4,10.0,PENDING,PENDING,PENDING,0.0,59.42695235435419,14.209882950649746,2.6987626465406787,66.48815894813745,6.301055223012215,1.0008097460758945,1.738110928731418,0.3746552188485266,3.268110928731418
1.0,4-hydroxy-TEMPO,15,n-Bu4NBF4,0.1,1.0,1.5,MeCN:EtOAc=5:5,10.0,PENDING,PENDING,PENDING,0.0,59.657514552022676,14.22039209617405,2.772144655198111,67.04542674793306,6.311935128173634,1.1588147461095364,1.7306883300195994,0.37483433059149407,3.2606883300195992
1.0,4-hydroxy-TEMPO,15,n-Bu4NBF4,0.1,1.0,1.5,MeCN:EtOAc=4:6,10.0,PENDING,PENDING,PENDING,0.0,59.42811876878278,14.142646290342299,2.6757670880039868,65.88020491080024,6.289583516222603,0.8472850492192174,1.7269249688081836,0.3734517942369086,3.2569249688081836
1.0,4-hydroxy-TEMPO,15,n-Bu4NBF4,0.1,1.0,1.5,MeCN:EtOAc=3:7,10.0,PENDING,PENDING,PENDING,0.0,58.267043375091134,14.25656313936102,2.383095211282594,65.66929061094059,6.319324083001427,0.808411679684339,1.7893192170358545,0.3771478511699546,3.3193192170358543
1.0,4-hydroxy-TEMPO,15,n-Bu4NBF4,0.1,1.0,1.5,MeCN:EtOAc=2:8,10.0,PENDING,PENDING,PENDING,0.0,59.35787524054444,14.179110909230257,2.667473831664569,66.24010336763071,6.293674043550314,0.9350135943474858,1.73600211816399,0.3740492836724907,3.26600211816399
1.0,4-hydroxy-TEMPO,15,n-Bu4NBF4,0.1,1.0,1.0,MeCN:EtOAc=7:3,10.0,PENDING,PENDING,PENDING,0.0,59.1931930599721,14.315200949312583,2.665731689764693,66.2172691970474,6.355012597196699,0.948791756734338,1.7393530286933165,0.3776604506592757,3.269353028693317
1.0,4-hydroxy-TEMPO,15,n-Bu4NBF4,0.1,1.0,1.0,MeCN:EtOAc=6:4,10.0,PENDING,PENDING,PENDING,0.0,59.39308022085875,14.237459298680681,2.698203814129432,66.48165173053918,6.313612354209096,1.003194330468627,1.7387754426635793,0.3753909084493409,3.2687754426635793
1.0,4-hydroxy-TEMPO,15,n-Bu4NBF4,0.1,1.0,1.0,MeCN:EtOAc=5:5,10.0,PENDING,PENDING,PENDING,0.0,59.62213955740231,14.247785660291502,2.7709505264259753,67.03500797921363,6.324303981604384,1.1600200485634784,1.7314051463707512,0.3755664994284391,3.261405146370751
1.0,4-hydroxy-TEMPO,15,n-Bu4NBF4,0.1,1.0,1.0,MeCN:EtOAc=4:6,10.0,PENDING,PENDING,PENDING,0.0,59.39390190225566,14.171316880884367,2.6755010867400455,65.87818409318989,6.3023394432643824,0.8507045967062699,1.7276767171225762,0.3742072485107496,3.2576767171225764
1.0,4-hydroxy-TEMPO,15,n-Bu4NBF4,0.1,1.0,1.0,MeCN:EtOAc=3:7,10.0,PENDING,PENDING,PENDING,0.0,58.241256732215156,14.283416484244523,2.3849900955996692,65.66887845394503,6.33157862666324,0.8119721289272728,1.7896159635737747,0.37784359535041695,3.3196159635737748
1.0,4-hydroxy-TEMPO,15,n-Bu4NBF4,0.1,1.0,1.0,MeCN:EtOAc=2:8,10.0,PENDING,PENDING,PENDING,0.0,59.32432588208903,14.207140632636516,2.6672078848211846,66.23544421349979,6.306307551482417,0.9378609096522068,1.7366862739615756,0.3747930588361999,3.2666862739615756
1.0,4-hydroxy-TEMPO,15,n-Bu4NBF4,0.05,1.0,2.0,MeCN:EtOAc=7:3,10.0,PENDING,PENDING,PENDING,0.0,59.18773258603656,14.334793953646582,2.6708822526346183,66.11734693685277,6.36746502949329,0.9279599853794533,1.73637574145157,0.37829481494848266,3.26637574145157
1.0,4-hydroxy-TEMPO,15,n-Bu4NBF4,0.05,1.0,2.0,MeCN:EtOAc=6:4,10.0,PENDING,PENDING,PENDING,0.0,59.38681543165788,14.25644230290664,2.702921098622196,66.37929444999301,6.3259216044331446,0.9805919295389265,1.7357556687377942,0.3759955692790942,3.2657556687377944
1.0,4-hydroxy-TEMPO,15,n-Bu4NBF4,0.05,1.0,2.0,MeCN:EtOAc=5:5,10.0,PENDING,PENDING,PENDING,0.0,59.61539228040817,14.272880048943389,2.7776815342390777,66.92257835629539,6.342991860964452,1.1339016215100652,1.7283088072373056,0.3763745714569683,3.258308807237306
1.0,4-hydroxy-TEMPO,15,n-Bu4NBF4,0.05,1.0,2.0,MeCN:EtOAc=4:6,10.0,PENDING,PENDING,PENDING,0.0,59.3873711891638,14.191313064517189,2.6804872688764627,65.77972865850323,6.3144932833674465,0.8317935015488391,1.7247320116859213,0.37483629464077745,3.2547320116859213
1.0,4-hydroxy-TEMPO,15,n-Bu4NBF4,0.05,1.0,2.0,MeCN:EtOAc=3:7,10.0,PENDING,PENDING,PENDING,0.0,58.240120193021426,14.300433699864024,2.3903310800742728,65.57287263076486,6.343220018055176,0.7942382453889545,1.786485264843478,0.3783798175421782,3.316485264843478
1.0,4-hydroxy-TEMPO,15,n-Bu4NBF4,0.05,1.0,2.0,MeCN:EtOAc=2:8,10.0,PENDING,PENDING,PENDING,0.0,59.31850621884189,14.227859295182554,2.6726503117019704,66.1325517829702,6.319464919522098,0.9165921861921908,1.7336283406585988,0.3754636465894796,3.263628340658599
1.0,4-hydroxy-TEMPO,15,n-Bu4NBF4,0.05,1.0,1.5,MeCN:EtOAc=7:3,10.0,PENDING,PENDING,PENDING,0.0,59.21997682328023,14.308645791875387,2.6713814451926265,66.12109171926221,6.355727612804633,0.925185331308604,1.7356994399502903,0.3776025206650772,3.26569943995029
1.0,4-hydroxy-TEMPO,15,n-Bu4NBF4,0.05,1.0,1.5,MeCN:EtOAc=6:4,10.0,PENDING,PENDING,PENDING,0.0,59.4205909215842,14.229131827257918,2.7035451224012927,66.38504445865888,6.313535135901339,0.9780752412828233,1.7350708759782836,0.3752682635935464,3.2650708759782834
1.0,4-hydroxy-TEMPO,15,n-Bu4NBF4,0.05,1.0,1.5,MeCN:EtOAc=5:5,10.0,PENDING,PENDING,PENDING,0.0,59.650666843922075,14.245849650255392,2.778975459414256,66.93213680821127,6.330900568414466,1.1325247235740556,1.72757091135309,0.3756541453477043,3.25757091135309
1.0,4-hydroxy-TEMPO,15,n-Bu4NBF4,0.05,1.0,1.5,MeCN:EtOAc=4:6,10.0,PENDING,PENDING,PENDING,0.0,59.42148540251933,14.162928523598644,2.6808237579344154,65.78103332967869,6.301906408036274,0.8282943221178576,1.7239608277878533,0.37408970016337895,3.2539608277878536
1.0,4-hydroxy-TEMPO,15,n-Bu4NBF4,0.05,1.0,1.5,MeCN:EtOAc=3:7,10.0,PENDING,PENDING,PENDING,0.0,58.26586043182888,14.273813849946027,2.388503153280534,65.572594619223,6.3311243780077575,0.7906108264716603,1.7861670845323105,0.3776912767375506,3.3161670845323106
1.0,4-hydroxy-TEMPO,15,n-Bu4NBF4,0.05,1.0,1.5,MeCN:EtOAc=2:8,10.0,PENDING,PENDING,PENDING,0.0,59.351961652057796,14.200124254650085,2.6729927529824504,66.13644886832441,6.3070157807203815,0.9136351391506226,1.7329235651339296,0.3747293497436019,3.2629235651339297
1.0,4-hydroxy-TEMPO,15,n-Bu4NBF4,0.05,1.0,1.0,MeCN:EtOAc=7:3,10.0,PENDING,PENDING,PENDING,0.0,59.18773258603656,14.334793953646582,2.6708822526346183,66.11734693685277,6.36746502949329,0.9279599853794533,1.73637574145157,0.37829481494848266,3.26637574145157
1.0,4-hydroxy-TEMPO,15,n-Bu4NBF4,0.05,1.0,1.0,MeCN:EtOAc=6:4,10.0,PENDING,PENDING,PENDING,0.0,59.38681543165788,14.25644230290664,2.702921098622196,66.37929444999301,6.3259216044331446,0.9805919295389265,1.7357556687377942,0.3759955692790942,3.2657556687377944
1.0,4-hydroxy-TEMPO,15,n-Bu4NBF4,0.05,1.0,1.0,MeCN:EtOAc=5:5,10.0,PENDING,PENDING,PENDING,0.0,59.61539228040817,14.272880048943389,2.7776815342390777,66.92257835629539,6.342991860964452,1.1339016215100652,1.7283088072373056,0.3763745714569683,3.258308807237306
1.0,4-hydroxy-TEMPO,15,n-Bu4NBF4,0.05,1.0,1.0,MeCN:EtOAc=4:6,10.0,PENDING,PENDING,PENDING,0.0,59.3873711891638,14.191313064517189,2.6804872688764627,65.77972865850323,6.3144932833674465,0.8317935015488391,1.7247320116859213,0.37483629464077745,3.2547320116859213
1.0,4-hydroxy-TEMPO,15,n-Bu4NBF4,0.05,1.0,1.0,MeCN:EtOAc=3:7,10.0,PENDING,PENDING,PENDING,0.0,58.240120193021426,14.300433699864023,2.390331080074272,65.57287263076488,6.343220018055175,0.7942382453889574,1.786485264843478,0.3783798175421782,3.316485264843478
1.0,4-hydroxy-TEMPO,15,n-Bu4NBF4,0.05,1.0,1.0,MeCN:EtOAc=2:8,10.0,PENDING,PENDING,PENDING,0.0,59.31850621884189,14.227859295182556,2.6726503117019713,66.1325517829702,6.319464919522099,0.9165921861921911,1.7336283406585986,0.37546364658947956,3.263628340658599
1.0,4-hydroxy-TEMPO,15,Et4NOAc,0.2,1.0,2.0,MeCN:EtOAc=7:3,10.0,PENDING,PENDING,PENDING,0.0,54.56612921889133,14.299888434146194,1.5375188012288432,66.37925196593663,6.370704592694135,0.9950530012577101,1.8124499342195695,0.3778007478866019,3.3424499342195695
1.0,4-hydroxy-TEMPO,15,Et4NOAc,0.2,1.0,2.0,MeCN:EtOAc=6:4,10.0,PENDING,PENDING,PENDING,0.0,54.723522435602305,14.194398652801363,1.5391156698074582,66.65137873719812,6.324408760954399,1.0520288380364746,1.8129478242997006,0.3750990452705337,3.3429478242997006
1.0,4-hydroxy-TEMPO,15,Et4NOAc,0.2,1.0,2.0,MeCN:EtOAc=5:5,10.0,PENDING,PENDING,PENDING,0.0,55.00106283612361,14.198473777297599,1.5952700203609194,67.19827697999771,6.328029354861232,1.2096998273562471,1.8054544789297189,0.3751599770389155,3.335454478929719
1.0,4-hydroxy-TEMPO,15,Et4NOAc,0.2,1.0,2.0,MeCN:EtOAc=4:6,10.0,PENDING,PENDING,PENDING,0.0,54.54571625212461,14.209766685570692,1.5088621405180778,66.03251819097031,6.330376635794503,0.8957490982403282,1.8038764057750363,0.37539147887933455,3.3338764057750363
1.0,4-hydroxy-TEMPO,15,Et4NOAc,0.2,1.0,2.0,MeCN:EtOAc=3:7,10.0,PENDING,PENDING,PENDING,0.0,53.4856280505523,14.256367342896246,1.3274978445333385,65.83988707460388,6.351275241438965,0.8567518767906295,1.8614932858980637,0.37789734020916005,3.391493285898064
1.0,4-hydroxy-TEMPO,15,Et4NOAc,0.2,1.0,2.0,MeCN:EtOAc=2:8,10.0,PENDING,PENDING,PENDING,0.0,54.56236627007967,14.191302882242654,1.5070164103331938,66.40230127285427,6.3229897183333446,0.9855790601844001,1.8119617228880736,0.37494697648437497,3.3419617228880734
1.0,4-hydroxy-TEMPO,15,Et4NOAc,0.2,1.0,1.5,MeCN:EtOAc=7:3,10.0,PENDING,PENDING,PENDING,0.0,54.565245093767814,14.273336477161502,1.53005018204701,66.38492722170331,6.359035846652655,0.9927458112750365,1.8123296995689082,0.3771029164345684,3.342329699568908
1.0,4-hydroxy-TEMPO,15,Et4NOAc,0.2,1.0,1.5,MeCN:EtOAc=6:4,10.0,PENDING,PENDING,PENDING,0.0,54.72374988365459,14.166203537319879,1.5313801854946498,66.65916800642898,6.312007682320121,1.0500318875259858,1.8128307161094213,0.37435900403210676,3.3428307161094213
1.0,4-hydroxy-TEMPO,15,Et4NOAc,0.2,1.0,1.5,MeCN:EtOAc=5:5,10.0,PENDING,PENDING,PENDING,0.0,55.00326113631975,14.17037109083697,1.5878250430603966,67.20991166236452,6.3156955480410115,1.2089073626486952,1.8052838856416642,0.37442169200203473,3.3352838856416644
1.0,4-hydroxy-TEMPO,15,Et4NOAc,0.2,1.0,1.5,MeCN:EtOAc=4:6,10.0,PENDING,PENDING,PENDING,0.0,54.544452502511646,14.181881863609144,1.5010021754115903,66.03565749805581,6.318084815982368,0.8926810875812767,1.8036937295128406,0.3746575768669246,3.3336937295128406
1.0,4-hydroxy-TEMPO,15,Et4NOAc,0.2,1.0,1.5,MeCN:EtOAc=3:7,10.0,PENDING,PENDING,PENDING,0.0,53.47694289499363,14.229181945830858,1.3190365601756415,65.84159268949654,6.339327849726623,0.8535065225210186,1.8617194768276923,0.37720327744594273,3.391719476827692
1.0,4-hydroxy-TEMPO,15,Et4NOAc,0.2,1.0,1.5,MeCN:EtOAc=2:8,10.0,PENDING,PENDING,PENDING,0.0,54.56132843909318,14.163139851404386,1.4991235561449727,66.40821157031301,6.310616467781158,0.9831055763756011,1.811836584604644,0.37420683530150295,3.341836584604644
1.0,4-hydroxy-TEMPO,15,Et4NOAc,0.2,1.0,1.0,MeCN:EtOAc=7:3,10.0,PENDING,PENDING,PENDING,0.0,54.566129218891334,14.299888434146194,1.5375188012288445,66.37925196593663,6.370704592694135,0.9950530012577101,1.81244993421957,0.3778007478866019,3.34244993421957
1.0,4-hydroxy-TEMPO,15,Et4NOAc,0.2,1.0,1.0,MeCN:EtOAc=6:4,10.0,PENDING,PENDING,PENDING,0.0,54.72352243560232,14.194398652801363,1.5391156698074617,66.65137873719813,6.324408760954398,1.052028838036478,1.8129478242997001,0.3750990452705337,3.3429478242997
1.0,4-hydroxy-TEMPO,15,Et4NOAc,0.2,1.0,1.0,MeCN:EtOAc=5:5,10.0,PENDING,PENDING,PENDING,0.0,55.00106283612361,14.198473777297599,1.5952700203609194,67.19827697999771,6.328029354861234,1.2096998273562471,1.8054544789297189,0.3751599770389155,3.335454478929719
1.0,4-hydroxy-TEMPO,15,Et4NOAc,0.2,1.0,1.0,MeCN:EtOAc=4:6,10.0,PENDING,PENDING,PENDING,0.0,54.545716252124606,14.209766685570692,1.5088621405180769,66.03251819097031,6.330376635794503,0.8957490982403282,1.803876405775036,0.37539147887933455,3.333876405775036
1.0,4-hydroxy-TEMPO,15,Et4NOAc,0.2,1.0,1.0,MeCN:EtOAc=3:7,10.0,PENDING,PENDING,PENDING,0.0,53.4856280505523,14.256367342896246,1.3274978445333385,65.83988707460388,6.351275241438965,0.8567518767906295,1.8614932858980642,0.37789734020916005,3.391493285898064
1.0,4-hydroxy-TEMPO,15,Et4NOAc,0.2,1.0,1.0,MeCN:EtOAc=2:8,10.0,PENDING,PENDING,PENDING,0.0,54.562366270079686,14.191302882242654,1.507016410333196,66.40230127285427,6.322989718333345,0.985579060184401,1.8119617228880742,0.37494697648437497,3.3419617228880742
1.0,4-hydroxy-TEMPO,15,Et4NOAc,0.1,1.0,2.0,MeCN:EtOAc=7:3,10.0,PENDING,PENDING,PENDING,0.0,54.60283215546641,14.258921034400439,1.5333796746662003,66.19567141548183,6.349644742522419,0.9416978187940781,1.8045421589288584,0.37666343405327213,3.3345421589288584
1.0,4-hydroxy-TEMPO,15,Et4NOAc,0.1,1.0,2.0,MeCN:EtOAc=6:4,10.0,PENDING,PENDING,PENDING,0.0,54.76382365088915,14.145588069976068,1.5335161240477029,66.47259866431224,6.299793752476698,0.996326423135127,1.8049400305200467,0.3737241314636861,3.3349400305200465
1.0,4-hydroxy-TEMPO,15,Et4NOAc,0.1,1.0,2.0,MeCN:EtOAc=5:5,10.0,PENDING,PENDING,PENDING,0.0,55.04808325956858,14.16997482921381,1.5967239506580406,67.01655639724558,6.318911026786886,1.152795113560338,1.7970249060953853,0.37432034754850885,3.327024906095385
1.0,4-hydroxy-TEMPO,15,Et4NOAc,0.1,1.0,2.0,MeCN:EtOAc=4:6,10.0,PENDING,PENDING,PENDING,0.0,54.58186331792627,14.163462814630414,1.5031550432310032,65.8400633696798,6.305635104524689,0.8429086190024204,1.7956952765259313,0.37407633154150893,3.3256952765259316
1.0,4-hydroxy-TEMPO,15,Et4NOAc,0.1,1.0,2.0,MeCN:EtOAc=3:7,10.0,PENDING,PENDING,PENDING,0.0,53.50106072911964,14.205323001433927,1.317103102311505,65.64549751411015,6.326939347386929,0.8053982845890781,1.85488194452032,0.37650756398500473,3.3848819445203198
1.0,4-hydroxy-TEMPO,15,Et4NOAc,0.1,1.0,2.0,MeCN:EtOAc=2:8,10.0,PENDING,PENDING,PENDING,0.0,54.59983461989516,14.147900198395426,1.502356373150699,66.21344764369016,6.30062330090895,0.9305865816326735,1.8038106952333224,0.37374175843493374,3.333810695233322
1.0,4-hydroxy-TEMPO,15,Et4NOAc,0.1,1.0,1.5,MeCN:EtOAc=7:3,10.0,PENDING,PENDING,PENDING,0.0,54.60213803348958,14.231777500225043,1.5257847850600874,66.20004775157634,6.33765892105733,0.9389874589234339,1.8043620916557332,0.37594910784065616,3.3343620916557333
1.0,4-hydroxy-TEMPO,15,Et4NOAc,0.1,1.0,1.5,MeCN:EtOAc=6:4,10.0,PENDING,PENDING,PENDING,0.0,54.76427733671976,14.116653869186056,1.525621743148974,66.47914501719579,6.287007267825129,0.9938788747470901,1.804762004280424,0.3729631743872268,3.334762004280424
1.0,4-hydroxy-TEMPO,15,Et4NOAc,0.1,1.0,1.5,MeCN:EtOAc=5:5,10.0,PENDING,PENDING,PENDING,0.0,55.05057577736173,14.141492663262186,1.5892217609238921,67.02690578156893,6.306463459715635,1.15153842577279,1.7967889601768487,0.37357056854438914,3.3267889601768488
1.0,4-hydroxy-TEMPO,15,Et4NOAc,0.1,1.0,1.5,MeCN:EtOAc=4:6,10.0,PENDING,PENDING,PENDING,0.0,54.580775001025,14.134890771966136,1.4951432320768991,65.84181139104615,6.2929586062083995,0.839463250599148,1.7954499202100453,0.3733227354199047,3.3254499202100454
1.0,4-hydroxy-TEMPO,15,Et4NOAc,0.1,1.0,1.5,MeCN:EtOAc=3:7,10.0,PENDING,PENDING,PENDING,0.0,53.49234839036248,14.177372052929352,1.3084620433048766,65.64579043714677,6.314618312304606,0.8018031126982816,1.8550612859782423,0.3757928721742715,3.3850612859782423
1.0,4-hydroxy-TEMPO,15,Et4NOAc,0.1,1.0,1.5,MeCN:EtOAc=2:8,10.0,PENDING,PENDING,PENDING,0.0,54.59899037370381,14.119098608025258,1.4943265043158958,66.21800682966105,6.287906898802393,0.9276933458338641,1.8036230757606397,0.37298381123768976,3.3336230757606398
1.0,4-hydroxy-TEMPO,15,Et4NOAc,0.1,1.0,1.0,MeCN:EtOAc=7:3,10.0,PENDING,PENDING,PENDING,0.0,54.60283215546641,14.258921034400439,1.5333796746662003,66.19567141548183,6.349644742522419,0.9416978187940781,1.8045421589288584,0.37666343405327213,3.3345421589288584
1.0,4-hydroxy-TEMPO,15,Et4NOAc,0.1,1.0,1.0,MeCN:EtOAc=6:4,10.0,PENDING,PENDING,PENDING,0.0,54.76382365088914,14.145588069976066,1.5335161240477007,66.47259866431224,6.299793752476698,0.996326423135127,1.8049400305200465,0.3737241314636861,3.3349400305200465
1.0,4-hydroxy-TEMPO,15,Et4NOAc,0.1,1.0,1.0,MeCN:EtOAc=5:5,10.0,PENDING,PENDING,PENDING,0.0,55.04808325956858,14.169974829213809,1.5967239506580402,67.01655639724558,6.318911026786886,1.152795113560338,1.7970249060953853,0.3743203475485089,3.327024906095385
1.0,4-hydroxy-TEMPO,15,Et4NOAc,0.1,1.0,1.0,MeCN:EtOAc=4:6,10.0,PENDING,PENDING,PENDING,0.0,54.58186331792626,14.163462814630414,1.5031550432310024,65.8400633696798,6.305635104524689,0.8429086190024204,1.7956952765259313,0.37407633154150893,3.3256952765259316
1.0,4-hydroxy-TEMPO,15,Et4NOAc,0.1,1.0,1.0,MeCN:EtOAc=3:7,10.0,PENDING,PENDING,PENDING,0.0,53.50106072911964,14.205323001433927,1.317103102311505,65.64549751411015,6.326939347386929,0.8053982845890781,1.85488194452032,0.37650756398500473,3.3848819445203198
1.0,4-hydroxy-TEMPO,15,Et4NOAc,0.1,1.0,1.0,MeCN:EtOAc=2:8,10.0,PENDING,PENDING,PENDING,0.0,54.599834619895155,14.147900198395426,1.5023563731506981,66.21344764369015,6.300623300908949,0.9305865816326697,1.8038106952333224,0.37374175843493374,3.333810695233322
1.0,4-hydroxy-TEMPO,15,Et4NOAc,0.05,1.0,2.0,MeCN:EtOAc=7:3,10.0,PENDING,PENDING,PENDING,0.0,54.622193628083686,14.283205938445327,1.5438353087255146,66.09549715961118,6.362375959172079,0.9210067366653627,1.8010445888706208,0.37739182606302724,3.331044588870621
1.0,4-hydroxy-TEMPO,15,Et4NOAc,0.05,1.0,2.0,MeCN:EtOAc=6:4,10.0,PENDING,PENDING,PENDING,0.0,54.782697639031916,14.169118456569409,1.543716970277491,66.36987892884288,6.312445785466303,0.9738285305871683,1.801389149152245,0.3744248653446562,3.331389149152245
1.0,4-hydroxy-TEMPO,15,Et4NOAc,0.05,1.0,2.0,MeCN:EtOAc=5:5,10.0,PENDING,PENDING,PENDING,0.0,55.06625147441666,14.202169013748046,1.6094569408882031,66.90381272943999,6.337938534366793,1.1268205354323075,1.793393491182422,0.37524655412849467,3.323393491182422
1.0,4-hydroxy-TEMPO,15,Et4NOAc,0.05,1.0,2.0,MeCN:EtOAc=4:6,10.0,PENDING,PENDING,PENDING,0.0,54.60171478265754,14.187604014562428,1.5135852519463318,65.74148685951411,6.3180193401306175,0.8241924099187972,1.792205565936789,0.3747931763395884,3.3222055659367893
1.0,4-hydroxy-TEMPO,15,Et4NOAc,0.05,1.0,2.0,MeCN:EtOAc=3:7,10.0,PENDING,PENDING,PENDING,0.0,53.52571493715088,14.226161662234185,1.326708804397689,65.54925858386788,6.338840439934624,0.7877997698271297,1.851238823251589,0.37712761775843984,3.3812388232515893
1.0,4-hydroxy-TEMPO,15,Et4NOAc,0.05,1.0,2.0,MeCN:EtOAc=2:8,10.0,PENDING,PENDING,PENDING,0.0,54.61985962671432,14.173610398289187,1.5132536520864548,66.11028994782379,6.314078510999316,0.9094680688539123,1.8002105786717306,0.3745126708115181,3.3302105786717306
1.0,4-hydroxy-TEMPO,15,Et4NOAc,0.05,1.0,1.5,MeCN:EtOAc=7:3,10.0,PENDING,PENDING,PENDING,0.0,54.621662384604804,14.25640881972465,1.5363487488620509,66.09913921422313,6.35056625878748,0.9181897862788657,1.8008392745667472,0.3766878359243917,3.330839274566747
1.0,4-hydroxy-TEMPO,15,Et4NOAc,0.05,1.0,1.5,MeCN:EtOAc=6:4,10.0,PENDING,PENDING,PENDING,0.0,54.783309434043304,14.14052129456418,1.535928106226947,66.37566309737731,6.299836261186687,0.9712509521178594,1.8011853291856155,0.3736738901451934,3.3311853291856153
1.0,4-hydroxy-TEMPO,15,Et4NOAc,0.05,1.0,1.5,MeCN:EtOAc=5:5,10.0,PENDING,PENDING,PENDING,0.0,55.06889541627434,14.174170977092645,1.6021025882001116,66.91329769460263,6.325774461221487,1.1253947852964872,1.7931308914157906,0.37451054400142053,3.323130891415791
1.0,4-hydroxy-TEMPO,15,Et4NOAc,0.05,1.0,1.5,MeCN:EtOAc=4:6,10.0,PENDING,PENDING,PENDING,0.0,54.600796723053215,14.159379062857079,1.5056807322502168,65.74251745625605,6.305515146971619,0.8206701321628771,1.7919350455409804,0.3740498195320146,3.3219350455409806
1.0,4-hydroxy-TEMPO,15,Et4NOAc,0.05,1.0,1.5,MeCN:EtOAc=3:7,10.0,PENDING,PENDING,PENDING,0.0,53.51721973077815,14.198500817949755,1.3181515427043942,65.54885840586934,6.326682564443779,0.784139762391775,1.8513915009100226,0.3764214667257007,3.3813915009100226
1.0,4-hydroxy-TEMPO,15,Et4NOAc,0.05,1.0,1.5,MeCN:EtOAc=2:8,10.0,PENDING,PENDING,PENDING,0.0,54.61918638949042,14.14518220752111,1.5053377258790341,66.11408359056097,6.3015515046861905,0.9064676013363855,1.7999966606227755,0.37376586031290465,3.3299966606227756
1.0,4-hydroxy-TEMPO,15,Et4NOAc,0.05,1.0,1.0,MeCN:EtOAc=7:3,10.0,PENDING,PENDING,PENDING,0.0,54.622193628083686,14.283205938445327,1.5438353087255146,66.09549715961118,6.362375959172079,0.9210067366653627,1.8010445888706208,0.37739182606302724,3.331044588870621
1.0,4-hydroxy-TEMPO,15,Et4NOAc,0.05,1.0,1.0,MeCN:EtOAc=6:4,10.0,PENDING,PENDING,PENDING,0.0,54.78269763903193,14.169118456569409,1.5437169702774929,66.36987892884288,6.312445785466304,0.9738285305871686,1.8013891491522447,0.3744248653446562,3.331389149152245
1.0,4-hydroxy-TEMPO,15,Et4NOAc,0.05,1.0,1.0,MeCN:EtOAc=5:5,10.0,PENDING,PENDING,PENDING,0.0,55.06625147441667,14.202169013748044,1.6094569408882036,66.90381272943999,6.337938534366792,1.126820535432307,1.7933934911824216,0.37524655412849467,3.3233934911824217
1.0,4-hydroxy-TEMPO,15,Et4NOAc,0.05,1.0,1.0,MeCN:EtOAc=4:6,10.0,PENDING,PENDING,PENDING,0.0,54.60171478265754,14.187604014562428,1.5135852519463318,65.74148685951411,6.3180193401306175,0.8241924099187972,1.7922055659367893,0.3747931763395885,3.3222055659367893
1.0,4-hydroxy-TEMPO,15,Et4NOAc,0.05,1.0,1.0,MeCN:EtOAc=3:7,10.0,PENDING,PENDING,PENDING,0.0,53.52571493715088,14.226161662234185,1.326708804397689,65.54925858386788,6.338840439934624,0.7877997698271297,1.851238823251589,0.37712761775843984,3.3812388232515893
1.0,4-hydroxy-TEMPO,15,Et4NOAc,0.05,1.0,1.0,MeCN:EtOAc=2:8,10.0,PENDING,PENDING,PENDING,0.0,54.61985962671432,14.173610398289187,1.5132536520864548,66.11028994782379,6.314078510999316,0.9094680688539123,1.8002105786717306,0.3745126708115181,3.3302105786717306
1.0,4-hydroxy-TEMPO,15,Et4NClO4,0.2,1.0,2.0,MeCN:EtOAc=7:3,10.0,PENDING,PENDING,PENDING,0.0,53.79728102177396,14.32572073939771,1.400580975352454,65.81673452116394,6.3853066990587095,0.8617634203828297,1.8539125708316226,0.3797015599451202,3.3839125708316224
1.0,4-hydroxy-TEMPO,15,Et4NClO4,0.2,1.0,2.0,MeCN:EtOAc=6:4,10.0,PENDING,PENDING,PENDING,0.0,53.938289170306724,14.240991494286021,1.4037789914337746,66.06662520114584,6.351165746788759,0.9104647345982619,1.8549318715469838,0.37762812813548224,3.384931871546984
1.0,4-hydroxy-TEMPO,15,Et4NClO4,0.2,1.0,2.0,MeCN:EtOAc=5:5,10.0,PENDING,PENDING,PENDING,0.0,54.217890626081,14.229223575983589,1.4520604576021348,66.62937131014765,6.348617992958457,1.054082656364951,1.8476767377561492,0.3773201065104808,3.377676737756149
1.0,4-hydroxy-TEMPO,15,Et4NClO4,0.2,1.0,2.0,MeCN:EtOAc=4:6,10.0,PENDING,PENDING,PENDING,0.0,53.78261464150981,14.256555200437493,1.3798327554451277,65.48712796894986,6.355737506731207,0.7793170357811621,1.8458931922809665,0.37792461158212803,3.3758931922809667
1.0,4-hydroxy-TEMPO,15,Et4NClO4,0.2,1.0,2.0,MeCN:EtOAc=3:7,10.0,PENDING,PENDING,PENDING,0.0,52.66441397110279,14.201391827760467,1.1777805065603824,65.25271601237725,6.327389467027965,0.7221063055338137,1.9055994500352385,0.37549276021234596,3.4355994500352383
1.0,4-hydroxy-TEMPO,15,Et4NClO4,0.2,1.0,2.0,MeCN:EtOAc=2:8,10.0,PENDING,PENDING,PENDING,0.0,53.77131520859243,14.218942374948588,1.3680053364454747,65.82272263979793,6.3385355164718025,0.8489112146186724,1.8546059091119278,0.3769756907482002,3.3846059091119276
1.0,4-hydroxy-TEMPO,15,Et4NClO4,0.2,1.0,1.5,MeCN:EtOAc=7:3,10.0,PENDING,PENDING,PENDING,0.0,53.79092867718922,14.299606114388503,1.3925876198091767,65.81821225708269,6.373866777235398,0.8586193177182249,1.854083419580625,0.37903471319057286,3.384083419580625
1.0,4-hydroxy-TEMPO,15,Et4NClO4,0.2,1.0,1.5,MeCN:EtOAc=6:4,10.0,PENDING,PENDING,PENDING,0.0,53.93288104782089,14.213604836081908,1.3955862442440616,66.06997776239692,6.339207392861673,0.9075394402254988,1.8551109162065906,0.37693041460407584,3.3851109162065907
1.0,4-hydroxy-TEMPO,15,Et4NClO4,0.2,1.0,1.5,MeCN:EtOAc=5:5,10.0,PENDING,PENDING,PENDING,0.0,54.21447734155358,14.201648299095583,1.4440366868846843,66.6367455628503,6.336615882396626,1.0521052999955103,1.84780466407861,0.3766176666340096,3.37780466407861
1.0,4-hydroxy-TEMPO,15,Et4NClO4,0.2,1.0,1.5,MeCN:EtOAc=4:6,10.0,PENDING,PENDING,PENDING,0.0,53.77595137371692,14.229462840134996,1.3715725310901803,65.48624433576012,6.3438552658850025,0.7756561761798271,1.8460069954287543,0.37723251048443623,3.3760069954287544
1.0,4-hydroxy-TEMPO,15,Et4NClO4,0.2,1.0,1.5,MeCN:EtOAc=3:7,10.0,PENDING,PENDING,PENDING,0.0,52.649719427998676,14.173275488949344,1.1686863820360833,65.24996462199387,6.315023875460308,0.7180525468483381,1.9061436077980258,0.37475778844043095,3.4361436077980256
1.0,4-hydroxy-TEMPO,15,Et4NClO4,0.2,1.0,1.5,MeCN:EtOAc=2:8,10.0,PENDING,PENDING,PENDING,0.0,53.76458657705038,14.191256156787647,1.359605842560038,65.82425235702583,6.3264104448736145,0.8455805063798487,1.8547834628484077,0.3762692369988874,3.3847834628484077
1.0,4-hydroxy-TEMPO,15,Et4NClO4,0.2,1.0,1.0,MeCN:EtOAc=7:3,10.0,PENDING,PENDING,PENDING,0.0,53.79728102177396,14.32572073939771,1.400580975352454,65.81673452116394,6.3853066990587095,0.8617634203828297,1.8539125708316226,0.3797015599451202,3.3839125708316224
1.0,4-hydroxy-TEMPO,15,Et4NClO4,0.2,1.0,1.0,MeCN:EtOAc=6:4,10.0,PENDING,PENDING,PENDING,0.0,53.938289170306724,14.240991494286021,1.4037789914337746,66.06662520114584,6.351165746788759,0.9104647345982619,1.8549318715469838,0.37762812813548224,3.384931871546984
1.0,4-hydroxy-TEMPO,15,Et4NClO4,0.2,1.0,1.0,MeCN:EtOAc=5:5,10.0,PENDING,PENDING,PENDING,0.0,54.217890626081,14.229223575983589,1.4520604576021348,66.62937131014765,6.348617992958457,1.054082656364951,1.8476767377561492,0.3773201065104808,3.377676737756149
1.0,4-hydroxy-TEMPO,15,Et4NClO4,0.2,1.0,1.0,MeCN:EtOAc=4:6,10.0,PENDING,PENDING,PENDING,0.0,53.78261464150981,14.256555200437493,1.3798327554451277,65.48712796894986,6.355737506731207,0.7793170357811621,1.8458931922809665,0.37792461158212803,3.3758931922809667
1.0,4-hydroxy-TEMPO,15,Et4NClO4,0.2,1.0,1.0,MeCN:EtOAc=3:7,10.0,PENDING,PENDING,PENDING,0.0,52.66441397110279,14.201391827760467,1.1777805065603824,65.25271601237725,6.327389467027965,0.7221063055338137,1.905599450035238,0.37549276021234596,3.4355994500352383
1.0,4-hydroxy-TEMPO,15,Et4NClO4,0.2,1.0,1.0,MeCN:EtOAc=2:8,10.0,PENDING,PENDING,PENDING,0.0,53.77131520859244,14.218942374948588,1.368005336445476,65.82272263979793,6.3385355164718025,0.8489112146186724,1.8546059091119274,0.3769756907482002,3.3846059091119276
1.0,4-hydroxy-TEMPO,15,Et4NClO4,0.1,1.0,2.0,MeCN:EtOAc=7:3,10.0,PENDING,PENDING,PENDING,0.0,53.81858003269471,14.28746890157224,1.3943765879249614,65.6243060059428,6.364080841333711,0.8117455507531737,1.8472191545304988,0.3785871791416544,3.377219154530499
1.0,4-hydroxy-TEMPO,15,Et4NClO4,0.1,1.0,2.0,MeCN:EtOAc=6:4,10.0,PENDING,PENDING,PENDING,0.0,53.96271871173938,14.196369310860588,1.3964476019217638,65.87829754254257,6.327199945966843,0.8583184479739614,1.8481606570514881,0.37632708776949614,3.378160657051488
1.0,4-hydroxy-TEMPO,15,Et4NClO4,0.1,1.0,2.0,MeCN:EtOAc=5:5,10.0,PENDING,PENDING,PENDING,0.0,54.24907574763367,14.203298140692558,1.450921206807649,66.43912860823896,6.338958774388576,1.0003188034587003,1.8405075719947575,0.3764780070325755,3.3705075719947573
1.0,4-hydroxy-TEMPO,15,Et4NClO4,0.1,1.0,2.0,MeCN:EtOAc=4:6,10.0,PENDING,PENDING,PENDING,0.0,53.80353520599304,14.214051301503002,1.372470871010265,65.2864037481423,6.3314193751391175,0.7301312662711543,1.8389481015816422,0.3766699495317561,3.3689481015816423
1.0,4-hydroxy-TEMPO,15,Et4NClO4,0.1,1.0,2.0,MeCN:EtOAc=3:7,10.0,PENDING,PENDING,PENDING,0.0,52.66297153567959,14.149165548836569,1.1649703468514008,65.048608138037,6.300849455221128,0.6742059723609344,1.9002680029893304,0.37391278908676967,3.4302680029893304
1.0,4-hydroxy-TEMPO,15,Et4NClO4,0.1,1.0,2.0,MeCN:EtOAc=2:8,10.0,PENDING,PENDING,PENDING,0.0,53.79274905209003,14.178459947803532,1.3612760134077355,65.62462661341317,6.316000550987193,0.7975451691168935,1.8477187983427263,0.3757960783851502,3.3777187983427264
1.0,4-hydroxy-TEMPO,15,Et4NClO4,0.1,1.0,1.5,MeCN:EtOAc=7:3,10.0,PENDING,PENDING,PENDING,0.0,53.81226335111624,14.260812085056035,1.386255300959831,65.62438850785527,6.352323142241057,0.8082680533124698,1.8473423016267794,0.37790447424257617,3.377342301626779
1.0,4-hydroxy-TEMPO,15,Et4NClO4,0.1,1.0,1.5,MeCN:EtOAc=6:4,10.0,PENDING,PENDING,PENDING,0.0,53.95737567938613,14.168325548247402,1.3881030332644966,65.88029995505396,6.314873396774832,0.855019215932665,1.8482912255388768,0.37561021989937515,3.378291225538877
1.0,4-hydroxy-TEMPO,15,Et4NClO4,0.1,1.0,1.5,MeCN:EtOAc=5:5,10.0,PENDING,PENDING,PENDING,0.0,54.24579619689308,14.175389778598426,1.4428288397997537,66.44512642337718,6.326834074302996,0.9979439052475947,1.8405829411136072,0.37576418776077314,3.3705829411136072
1.0,4-hydroxy-TEMPO,15,Et4NClO4,0.1,1.0,1.5,MeCN:EtOAc=4:6,10.0,PENDING,PENDING,PENDING,0.0,53.79689610870825,14.18634416944795,1.3640654460741786,65.28404089623449,6.319164269434088,0.7261668022126369,1.8390116573717505,0.3759595906131134,3.3690116573717503
1.0,4-hydroxy-TEMPO,15,Et4NClO4,0.1,1.0,1.5,MeCN:EtOAc=3:7,10.0,PENDING,PENDING,PENDING,0.0,52.64807380880543,14.120250181360431,1.155692296747647,65.04433460911805,6.28806617427121,0.669876716461993,1.9007783839247503,0.3731533458957158,3.4307783839247503
1.0,4-hydroxy-TEMPO,15,Et4NClO4,0.1,1.0,1.5,MeCN:EtOAc=2:8,10.0,PENDING,PENDING,PENDING,0.0,53.78605070746843,14.150189447929732,1.35273965987043,65.62470267485347,6.303531814767355,0.7938713251742289,1.8478467024124288,0.37507254211442564,3.3778467024124286
1.0,4-hydroxy-TEMPO,15,Et4NClO4,0.1,1.0,1.0,MeCN:EtOAc=7:3,10.0,PENDING,PENDING,PENDING,0.0,53.818580032694705,14.28746890157224,1.3943765879249614,65.6243060059428,6.364080841333711,0.8117455507531737,1.8472191545304988,0.3785871791416544,3.377219154530499
1.0,4-hydroxy-TEMPO,15,Et4NClO4,0.1,1.0,1.0,MeCN:EtOAc=6:4,10.0,PENDING,PENDING,PENDING,0.0,53.96271871173938,14.196369310860588,1.3964476019217638,65.87829754254257,6.327199945966844,0.8583184479739621,1.848160657051488,0.37632708776949614,3.378160657051488
1.0,4-hydroxy-TEMPO,15,Et4NClO4,0.1,1.0,1.0,MeCN:EtOAc=5:5,10.0,PENDING,PENDING,PENDING,0.0,54.24907574763367,14.203298140692558,1.450921206807649,66.43912860823896,6.338958774388576,1.0003188034587003,1.8405075719947575,0.3764780070325755,3.3705075719947573
1.0,4-hydroxy-TEMPO,15,Et4NClO4,0.1,1.0,1.0,MeCN:EtOAc=4:6,10.0,PENDING,PENDING,PENDING,0.0,53.80353520599304,14.214051301503002,1.372470871010265,65.2864037481423,6.3314193751391175,0.7301312662711543,1.8389481015816422,0.3766699495317561,3.3689481015816423
1.0,4-hydroxy-TEMPO,15,Et4NClO4,0.1,1.0,1.0,MeCN:EtOAc=3:7,10.0,PENDING,PENDING,PENDING,0.0,52.66297153567959,14.149165548836569,1.1649703468514008,65.048608138037,6.300849455221128,0.6742059723609344,1.9002680029893304,0.37391278908676967,3.4302680029893304
1.0,4-hydroxy-TEMPO,15,Et4NClO4,0.1,1.0,1.0,MeCN:EtOAc=2:8,10.0,PENDING,PENDING,PENDING,0.0,53.79274905209003,14.178459947803532,1.3612760134077355,65.62462661341317,6.316000550987193,0.7975451691168935,1.8477187983427263,0.3757960783851502,3.3777187983427264
1.0,4-hydroxy-TEMPO,15,Et4NClO4,0.05,1.0,2.0,MeCN:EtOAc=7:3,10.0,PENDING,PENDING,PENDING,0.0,53.84141697796706,14.312432041723886,1.405054060592522,65.52949663504633,6.376393119026725,0.7945488811990025,1.8436576669085514,0.3792826799531752,3.373657666908551
1.0,4-hydroxy-TEMPO,15,Et4NClO4,0.05,1.0,2.0,MeCN:EtOAc=6:4,10.0,PENDING,PENDING,PENDING,0.0,53.985178180020924,14.220554715771167,1.406902412288758,65.78116050049097,6.339333279118536,0.8396226896638486,1.8445450922825792,0.3769950306951416,3.3745450922825793
1.0,4-hydroxy-TEMPO,15,Et4NClO4,0.05,1.0,2.0,MeCN:EtOAc=5:5,10.0,PENDING,PENDING,PENDING,0.0,54.27079957102398,14.235966008048612,1.4637631189259732,66.332036082825,6.357209752108605,0.978542224341546,1.83681718441824,0.3773524741102164,3.36681718441824
1.0,4-hydroxy-TEMPO,15,Et4NClO4,0.05,1.0,2.0,MeCN:EtOAc=4:6,10.0,PENDING,PENDING,PENDING,0.0,53.8268098987811,14.23869779043705,1.3830747562161854,65.19306438865974,6.34325393622631,0.7145046122272818,1.8353927662467657,0.3773488302653305,3.3653927662467655
1.0,4-hydroxy-TEMPO,15,Et4NClO4,0.05,1.0,2.0,MeCN:EtOAc=3:7,10.0,PENDING,PENDING,PENDING,0.0,52.69147606304703,14.171517267082656,1.174847008934543,64.95791978216901,6.31283988579651,0.6600902934325485,1.8965331677562425,0.37455393564068235,3.4265331677562427
1.0,4-hydroxy-TEMPO,15,Et4NClO4,0.05,1.0,2.0,MeCN:EtOAc=2:8,10.0,PENDING,PENDING,PENDING,0.0,53.81639179818907,14.20488829995599,1.372373880246327,65.527064014992,6.329006806291374,0.7801036705172264,1.8440524005521204,0.37653149119183743,3.37405240055212
1.0,4-hydroxy-TEMPO,15,Et4NClO4,0.05,1.0,1.5,MeCN:EtOAc=7:3,10.0,PENDING,PENDING,PENDING,0.0,53.83529799603695,14.286131374090255,1.3970361570133099,65.52890112826782,6.364804291095957,0.7910093644143221,1.8437549867076,0.37860968340626694,3.3737549867076
1.0,4-hydroxy-TEMPO,15,Et4NClO4,0.05,1.0,1.5,MeCN:EtOAc=6:4,10.0,PENDING,PENDING,PENDING,0.0,53.980029686272424,14.19285652806588,1.3986587077765473,65.78246037036938,6.327173889319414,0.8362438475050429,1.8446492786062776,0.3762874892041435,3.3746492786062774
1.0,4-hydroxy-TEMPO,15,Et4NClO4,0.05,1.0,1.5,MeCN:EtOAc=5:5,10.0,PENDING,PENDING,PENDING,0.0,54.267707392226725,14.208546934439553,1.4558102635511108,66.3372298702597,6.345353729011143,0.9760570423543087,1.8368653958219479,0.376651392191947,3.366865395821948
1.0,4-hydroxy-TEMPO,15,Et4NClO4,0.05,1.0,1.5,MeCN:EtOAc=4:6,10.0,PENDING,PENDING,PENDING,0.0,53.820374986636786,14.211343501231022,1.3747708238671579,65.19003851805117,6.331160967443222,0.7104992417698619,1.8354305560503095,0.3766479599661973,3.3654305560503097
1.0,4-hydroxy-TEMPO,15,Et4NClO4,0.05,1.0,1.5,MeCN:EtOAc=3:7,10.0,PENDING,PENDING,PENDING,0.0,52.67683583929157,14.142920616080021,1.1656480050259157,64.95301227892956,6.300223750266078,0.6557398265689232,1.8970159040097414,0.373803586989664,3.4270159040097417
1.0,4-hydroxy-TEMPO,15,Et4NClO4,0.05,1.0,1.5,MeCN:EtOAc=2:8,10.0,PENDING,PENDING,PENDING,0.0,53.809901304243105,14.177001597643553,1.363945514292122,65.52643428031247,6.316719521052296,0.7763700886934672,1.844153397011885,0.3758183970754272,3.3741533970118853
1.0,4-hydroxy-TEMPO,15,Et4NClO4,0.05,1.0,1.0,MeCN:EtOAc=7:3,10.0,PENDING,PENDING,PENDING,0.0,53.84141697796705,14.312432041723888,1.4050540605925215,65.52949663504633,6.376393119026725,0.7945488811990025,1.8436576669085512,0.3792826799531753,3.373657666908551
1.0,4-hydroxy-TEMPO,15,Et4NClO4,0.05,1.0,1.0,MeCN:EtOAc=6:4,10.0,PENDING,PENDING,PENDING,0.0,53.985178180020924,14.220554715771167,1.406902412288758,65.78116050049098,6.339333279118536,0.8396226896638523,1.8445450922825792,0.3769950306951416,3.3745450922825793
1.0,4-hydroxy-TEMPO,15,Et4NClO4,0.05,1.0,1.0,MeCN:EtOAc=5:5,10.0,PENDING,PENDING,PENDING,0.0,54.27079957102398,14.235966008048612,1.4637631189259732,66.332036082825,6.357209752108605,0.978542224341546,1.83681718441824,0.3773524741102164,3.36681718441824
1.0,4-hydroxy-TEMPO,15,Et4NClO4,0.05,1.0,1.0,MeCN:EtOAc=4:6,10.0,PENDING,PENDING,PENDING,0.0,53.8268098987811,14.23869779043705,1.3830747562161854,65.19306438865974,6.34325393622631,0.7145046122272818,1.835392766246766,0.37734883026533056,3.365392766246766
1.0,4-hydroxy-TEMPO,15,Et4NClO4,0.05,1.0,1.0,MeCN:EtOAc=3:7,10.0,PENDING,PENDING,PENDING,0.0,52.69147606304703,14.171517267082656,1.174847008934543,64.95791978216901,6.31283988579651,0.6600902934325485,1.896533167756243,0.37455393564068235,3.4265331677562427
1.0,4-hydroxy-TEMPO,15,Et4NClO4,0.05,1.0,1.0,MeCN:EtOAc=2:8,10.0,PENDING,PENDING,PENDING,0.0,53.81639179818907,14.204888299955986,1.3723738802463274,65.527064014992,6.329006806291373,0.7801036705172262,1.8440524005521202,0.3765314911918375,3.37405240055212
1.0,4-hydroxy-TEMPO,15,Et4NBF4,0.2,1.0,2.0,MeCN:EtOAc=7:3,10.0,PENDING,PENDING,PENDING,0.0,54.87137419788022,14.280452971021683,1.592258836882444,66.3703968952735,6.363303056352018,0.9903699906436094,1.8044706116328941,0.3772962230643823,3.334470611632894
1.0,4-hydroxy-TEMPO,15,Et4NBF4,0.2,1.0,2.0,MeCN:EtOAc=6:4,10.0,PENDING,PENDING,PENDING,0.0,55.03265495823061,14.181924647161942,1.5969761790206127,66.63519820474274,6.320361436272426,1.0463045538128262,1.8048524265999075,0.3747317963821459,3.3348524265999075
1.0,4-hydroxy-TEMPO,15,Et4NBF4,0.2,1.0,2.0,MeCN:EtOAc=5:5,10.0,PENDING,PENDING,PENDING,0.0,55.317047096370295,14.168233228119746,1.6511340572417104,67.20284237490709,6.31391864069292,1.2061608852384982,1.7972625236269053,0.3743593703335712,3.3272625236269056
1.0,4-hydroxy-TEMPO,15,Et4NBF4,0.2,1.0,2.0,MeCN:EtOAc=4:6,10.0,PENDING,PENDING,PENDING,0.0,54.86855760369778,14.19932673096072,1.5690468575747696,66.03085478753323,6.324353782234996,0.8934773283136557,1.79538416916824,0.3750731737834016,3.32538416916824
1.0,4-hydroxy-TEMPO,15,Et4NBF4,0.2,1.0,2.0,MeCN:EtOAc=3:7,10.0,PENDING,PENDING,PENDING,0.0,53.77131520859243,14.218942374948588,1.3680053364454747,65.82272263979793,6.3385355164718025,0.8489112146186724,1.8546059091119274,0.3769756907482002,3.3846059091119276
1.0,4-hydroxy-TEMPO,15,Et4NBF4,0.2,1.0,2.0,MeCN:EtOAc=2:8,10.0,PENDING,PENDING,PENDING,0.0,54.87636472381241,14.171071935188825,1.5627261449377277,66.39307931724996,6.315230425886705,0.9806914514858738,1.8037403779295007,0.374420483943824,3.3337403779295007
1.0,4-hydroxy-TEMPO,15,Et4NBF4,0.2,1.0,1.5,MeCN:EtOAc=7:3,10.0,PENDING,PENDING,PENDING,0.0,54.87264622047367,14.253705453697247,1.5850335085889369,66.3759824085664,6.351546845654895,0.9880126875903581,1.8042908294623397,0.37659300217261776,3.33429082946234
1.0,4-hydroxy-TEMPO,15,Et4NBF4,0.2,1.0,1.5,MeCN:EtOAc=6:4,10.0,PENDING,PENDING,PENDING,0.0,55.03507577314846,14.15366178648391,1.5895234481184848,66.642818662659,6.307933194920482,1.0442527406437812,1.8046745327651927,0.3739888874939201,3.3346745327651925
1.0,4-hydroxy-TEMPO,15,Et4NBF4,0.2,1.0,1.5,MeCN:EtOAc=5:5,10.0,PENDING,PENDING,PENDING,0.0,55.3215096387693,14.139746408215004,1.6439243283481786,67.21452818854188,6.301379918525576,1.2053116520725138,1.7970301999102907,0.373610556270128,3.3270301999102907
1.0,4-hydroxy-TEMPO,15,Et4NBF4,0.2,1.0,1.5,MeCN:EtOAc=4:6,10.0,PENDING,PENDING,PENDING,0.0,54.86962823445265,14.171401853610606,1.5614839553010182,66.03397906547353,6.311994095199575,0.8903862510291494,1.7951365602435356,0.3743370509188197,3.3251365602435357
1.0,4-hydroxy-TEMPO,15,Et4NBF4,0.2,1.0,1.5,MeCN:EtOAc=3:7,10.0,PENDING,PENDING,PENDING,0.0,53.764586577050366,14.191256156787647,1.3596058425600352,65.82425235702583,6.3264104448736145,0.8455805063798487,1.8547834628484077,0.3762692369988874,3.3847834628484077
1.0,4-hydroxy-TEMPO,15,Et4NBF4,0.2,1.0,1.5,MeCN:EtOAc=2:8,10.0,PENDING,PENDING,PENDING,0.0,54.87756996264675,14.142704430542437,1.555073997587947,66.39889450525841,6.302764358918715,0.97816505118834,1.8035531047769267,0.37367467659674786,3.333553104776927
1.0,4-hydroxy-TEMPO,15,Et4NBF4,0.2,1.0,1.0,MeCN:EtOAc=7:3,10.0,PENDING,PENDING,PENDING,0.0,54.871374197880215,14.280452971021685,1.5922588368824435,66.3703968952735,6.363303056352019,0.9903699906436094,1.8044706116328941,0.3772962230643823,3.334470611632894
1.0,4-hydroxy-TEMPO,15,Et4NBF4,0.2,1.0,1.0,MeCN:EtOAc=6:4,10.0,PENDING,PENDING,PENDING,0.0,55.03265495823061,14.181924647161944,1.596976179020614,66.63519820474274,6.320361436272426,1.0463045538128262,1.8048524265999075,0.3747317963821459,3.3348524265999075
1.0,4-hydroxy-TEMPO,15,Et4NBF4,0.2,1.0,1.0,MeCN:EtOAc=5:5,10.0,PENDING,PENDING,PENDING,0.0,55.31704709637032,14.168233228119746,1.6511340572417166,67.20284237490709,6.31391864069292,1.2061608852384982,1.7972625236269053,0.3743593703335712,3.3272625236269056
1.0,4-hydroxy-TEMPO,15,Et4NBF4,0.2,1.0,1.0,MeCN:EtOAc=4:6,10.0,PENDING,PENDING,PENDING,0.0,54.86855760369778,14.19932673096072,1.5690468575747696,66.03085478753323,6.324353782234996,0.8934773283136557,1.7953841691682402,0.3750731737834016,3.32538416916824
1.0,4-hydroxy-TEMPO,15,Et4NBF4,0.2,1.0,1.0,MeCN:EtOAc=3:7,10.0,PENDING,PENDING,PENDING,0.0,53.77131520859243,14.218942374948588,1.3680053364454747,65.82272263979793,6.3385355164718025,0.8489112146186724,1.8546059091119278,0.3769756907482002,3.3846059091119276
1.0,4-hydroxy-TEMPO,15,Et4NBF4,0.2,1.0,1.0,MeCN:EtOAc=2:8,10.0,PENDING,PENDING,PENDING,0.0,54.87636472381241,14.171071935188825,1.5627261449377277,66.39307931724996,6.315230425886706,0.9806914514858747,1.8037403779295007,0.374420483943824,3.3337403779295007
1.0,4-hydroxy-TEMPO,15,Et4NBF4,0.1,1.0,2.0,MeCN:EtOAc=7:3,10.0,PENDING,PENDING,PENDING,0.0,54.914624527923806,14.251173503985747,1.5927115539355903,66.18334449011986,6.344424679972518,0.9369806481102025,1.7962476330513921,0.37641523873350907,3.326247633051392
1.0,4-hydroxy-TEMPO,15,Et4NBF4,0.1,1.0,2.0,MeCN:EtOAc=6:4,10.0,PENDING,PENDING,PENDING,0.0,55.07961976766231,14.145761368583381,1.5962700761919715,66.45265462241824,6.298242841361858,0.9906216457122079,1.7965228560063242,0.37363366583634616,3.3265228560063242
1.0,4-hydroxy-TEMPO,15,Et4NBF4,0.1,1.0,2.0,MeCN:EtOAc=5:5,10.0,PENDING,PENDING,PENDING,0.0,55.3709599272914,14.152372321244139,1.6577707672379525,67.01770607388795,6.307262687119969,1.1491381784567476,1.78850148362926,0.3737947084757625,3.31850148362926
1.0,4-hydroxy-TEMPO,15,Et4NBF4,0.1,1.0,2.0,MeCN:EtOAc=4:6,10.0,PENDING,PENDING,PENDING,0.0,54.91174955850024,14.165442520229163,1.5681778009450253,65.83514376695449,6.301787639832599,0.8406106743352801,1.7868693405953815,0.3740276385523594,3.3168693405953817
1.0,4-hydroxy-TEMPO,15,Et4NBF4,0.1,1.0,2.0,MeCN:EtOAc=3:7,10.0,PENDING,PENDING,PENDING,0.0,53.79274905209003,14.178459947803532,1.3612760134077355,65.62462661341317,6.3160005509871935,0.797545169116894,1.8477187983427261,0.3757960783851503,3.377718798342726
1.0,4-hydroxy-TEMPO,15,Et4NBF4,0.1,1.0,2.0,MeCN:EtOAc=2:8,10.0,PENDING,PENDING,PENDING,0.0,54.92064759380594,14.140202512832742,1.562908922171058,66.20060034874669,6.295202154112952,0.9256895533045864,1.795260386967304,0.3734902117529375,3.325260386967304
1.0,4-hydroxy-TEMPO,15,Et4NBF4,0.1,1.0,1.5,MeCN:EtOAc=7:3,10.0,PENDING,PENDING,PENDING,0.0,54.91615193989985,14.224038725757643,1.5854211463624446,66.18759359673285,6.332389272739268,0.9342260422141326,1.7960046561172351,0.37570002202198316,3.3260046561172354
1.0,4-hydroxy-TEMPO,15,Et4NBF4,0.1,1.0,1.5,MeCN:EtOAc=6:4,10.0,PENDING,PENDING,PENDING,0.0,55.08233377534858,14.116985659440767,1.5887251896996188,66.45899015209491,6.285474177952573,0.9881268192180148,1.7962805814528404,0.37287481007003537,3.3262805814528402
1.0,4-hydroxy-TEMPO,15,Et4NBF4,0.1,1.0,1.5,MeCN:EtOAc=5:5,10.0,PENDING,PENDING,PENDING,0.0,55.37578704966926,14.123731263359785,1.6505769329405107,67.02806984164924,6.294654109938724,1.1478295021924503,1.7882001990522896,0.37303931213151476,3.3182001990522894
1.0,4-hydroxy-TEMPO,15,Et4NBF4,0.1,1.0,1.5,MeCN:EtOAc=4:6,10.0,PENDING,PENDING,PENDING,0.0,54.91306817315116,14.13705131959318,1.5605277692552528,65.83684247409852,6.2890810375522515,0.8371477363668183,1.7865554108285864,0.37327662667748857,3.3165554108285864
1.0,4-hydroxy-TEMPO,15,Et4NBF4,0.1,1.0,1.5,MeCN:EtOAc=3:7,10.0,PENDING,PENDING,PENDING,0.0,53.78605070746842,14.150189447929732,1.3527396598704273,65.62470267485347,6.303531814767355,0.7938713251742289,1.8478467024124285,0.37507254211442564,3.3778467024124286
1.0,4-hydroxy-TEMPO,15,Et4NBF4,0.1,1.0,1.5,MeCN:EtOAc=2:8,10.0,PENDING,PENDING,PENDING,0.0,54.92211558561943,14.11141993172973,1.555185156657437,66.20502453731972,6.282434335221035,0.9227501409937138,1.7950070591362945,0.3727315212226353,3.3250070591362944
1.0,4-hydroxy-TEMPO,15,Et4NBF4,0.1,1.0,1.0,MeCN:EtOAc=7:3,10.0,PENDING,PENDING,PENDING,0.0,54.914624527923806,14.251173503985747,1.5927115539355903,66.18334449011986,6.344424679972518,0.9369806481102025,1.7962476330513923,0.37641523873350907,3.326247633051392
1.0,4-hydroxy-TEMPO,15,Et4NBF4,0.1,1.0,1.0,MeCN:EtOAc=6:4,10.0,PENDING,PENDING,PENDING,0.0,55.07961976766231,14.145761368583381,1.5962700761919715,66.45265462241824,6.298242841361858,0.9906216457122079,1.7965228560063242,0.37363366583634616,3.3265228560063242
1.0,4-hydroxy-TEMPO,15,Et4NBF4,0.1,1.0,1.0,MeCN:EtOAc=5:5,10.0,PENDING,PENDING,PENDING,0.0,55.3709599272914,14.152372321244139,1.6577707672379525,67.01770607388795,6.307262687119969,1.1491381784567476,1.78850148362926,0.3737947084757625,3.31850148362926
1.0,4-hydroxy-TEMPO,15,Et4NBF4,0.1,1.0,1.0,MeCN:EtOAc=4:6,10.0,PENDING,PENDING,PENDING,0.0,54.91174955850025,14.165442520229163,1.5681778009450267,65.8351437669545,6.301787639832599,0.8406106743352835,1.7868693405953815,0.3740276385523594,3.3168693405953817
1.0,4-hydroxy-TEMPO,15,Et4NBF4,0.1,1.0,1.0,MeCN:EtOAc=3:7,10.0,PENDING,PENDING,PENDING,0.0,53.79274905209003,14.178459947803532,1.3612760134077355,65.62462661341317,6.316000550987193,0.7975451691168935,1.847718798342726,0.3757960783851503,3.377718798342726
1.0,4-hydroxy-TEMPO,15,Et4NBF4,0.1,1.0,1.0,MeCN:EtOAc=2:8,10.0,PENDING,PENDING,PENDING,0.0,54.92064759380594,14.14020251283274,1.5629089221710566,66.20060034874669,6.2952021541129515,0.9256895533045861,1.7952603869673038,0.3734902117529375,3.3252603869673036
1.0,4-hydroxy-TEMPO,15,Et4NBF4,0.05,1.0,2.0,MeCN:EtOAc=7:3,10.0,PENDING,PENDING,PENDING,0.0,54.9328379902488,14.280975268948712,1.6047234013189313,66.08176047957498,6.358231280581962,0.9163553588718174,1.79273224716039,0.37726432502855217,3.32273224716039
1.0,4-hydroxy-TEMPO,15,Et4NBF4,0.05,1.0,2.0,MeCN:EtOAc=6:4,10.0,PENDING,PENDING,PENDING,0.0,55.09732693686125,14.174992184081795,1.6080838578226175,66.34856994295258,6.311975909791331,0.9682241003353598,1.7929538366329534,0.37445869716255376,3.322953836632953
1.0,4-hydroxy-TEMPO,15,Et4NBF4,0.05,1.0,2.0,MeCN:EtOAc=5:5,10.0,PENDING,PENDING,PENDING,0.0,55.387928664058826,14.190826908689946,1.6723268178719506,66.90326481521944,6.327719320422854,1.1231946412709932,1.7848495775863187,0.3748594783347162,3.314849577586319
1.0,4-hydroxy-TEMPO,15,Et4NBF4,0.05,1.0,2.0,MeCN:EtOAc=4:6,10.0,PENDING,PENDING,PENDING,0.0,54.93033560713497,14.195127452259483,1.5801673620689813,65.73508834540733,6.315199080317244,0.8219028827791364,1.7833649634658642,0.3748641893661616,3.3133649634658644
1.0,4-hydroxy-TEMPO,15,Et4NBF4,0.05,1.0,2.0,MeCN:EtOAc=3:7,10.0,PENDING,PENDING,PENDING,0.0,53.81639179818907,14.20488829995599,1.372373880246327,65.527064014992,6.329006806291374,0.7801036705172264,1.8440524005521204,0.37653149119183743,3.37405240055212
1.0,4-hydroxy-TEMPO,15,Et4NBF4,0.05,1.0,2.0,MeCN:EtOAc=2:8,10.0,PENDING,PENDING,PENDING,0.0,54.93947856808922,14.171806878598023,1.5754728813869074,66.09597585750811,6.309804804967474,0.9046516839326653,1.7916417729460117,0.37439003679616784,3.3216417729460117
1.0,4-hydroxy-TEMPO,15,Et4NBF4,0.05,1.0,1.5,MeCN:EtOAc=7:3,10.0,PENDING,PENDING,PENDING,0.0,54.93451701001452,14.254278274834759,1.597568099612138,66.0852613376062,6.346389454728075,0.9134977211723163,1.7924638560505604,0.37656143486359955,3.32246385605056
1.0,4-hydroxy-TEMPO,15,Et4NBF4,0.05,1.0,1.5,MeCN:EtOAc=6:4,10.0,PENDING,PENDING,PENDING,0.0,55.10018754329238,14.146648755186684,1.6006725232374905,66.35413005283887,6.299401679944784,0.9656034199452437,1.7926855971119884,0.37371188975731395,3.322685597111988
1.0,4-hydroxy-TEMPO,15,Et4NBF4,0.05,1.0,1.5,MeCN:EtOAc=5:5,10.0,PENDING,PENDING,PENDING,0.0,55.39289521919399,14.162777254350532,1.6653135820738254,66.91274591405919,6.315419245304924,1.1217207363079391,1.7845214317450426,0.3741202235910503,3.3145214317450424
1.0,4-hydroxy-TEMPO,15,Et4NBF4,0.05,1.0,1.5,MeCN:EtOAc=4:6,10.0,PENDING,PENDING,PENDING,0.0,54.93181151278751,14.16717539051385,1.572651738597385,65.73605463328498,6.3026814087767375,0.818365510893635,1.7830257505662166,0.3741253913716648,3.313025750566217
1.0,4-hydroxy-TEMPO,15,Et4NBF4,0.05,1.0,1.5,MeCN:EtOAc=3:7,10.0,PENDING,PENDING,PENDING,0.0,53.80990130424311,14.177001597643553,1.3639455142921229,65.52643428031246,6.316719521052296,0.7763700886934637,1.8441533970118853,0.3758183970754272,3.3741533970118853
1.0,4-hydroxy-TEMPO,15,Et4NBF4,0.05,1.0,1.5,MeCN:EtOAc=2:8,10.0,PENDING,PENDING,PENDING,0.0,54.94110566196989,14.1434971344684,1.5678921235122578,66.09961974183294,6.297245352702668,0.9016090194615398,1.7913619705695165,0.37364464835359,3.3213619705695168
1.0,4-hydroxy-TEMPO,15,Et4NBF4,0.05,1.0,1.0,MeCN:EtOAc=7:3,10.0,PENDING,PENDING,PENDING,0.0,54.9328379902488,14.280975268948714,1.604723401318933,66.08176047957498,6.358231280581962,0.9163553588718174,1.79273224716039,0.3772643250285521,3.32273224716039
1.0,4-hydroxy-TEMPO,15,Et4NBF4,0.05,1.0,1.0,MeCN:EtOAc=6:4,10.0,PENDING,PENDING,PENDING,0.0,55.09732693686125,14.174992184081795,1.6080838578226175,66.34856994295258,6.3119759097913315,0.96822410033536,1.7929538366329534,0.37445869716255376,3.322953836632953
1.0,4-hydroxy-TEMPO,15,Et4NBF4,0.05,1.0,1.0,MeCN:EtOAc=5:5,10.0,PENDING,PENDING,PENDING,0.0,55.387928664058826,14.190826908689946,1.6723268178719506,66.90326481521944,6.327719320422854,1.1231946412709932,1.7848495775863187,0.3748594783347162,3.314849577586319
1.0,4-hydroxy-TEMPO,15,Et4NBF4,0.05,1.0,1.0,MeCN:EtOAc=4:6,10.0,PENDING,PENDING,PENDING,0.0,54.93033560713497,14.195127452259483,1.5801673620689813,65.73508834540733,6.315199080317244,0.8219028827791364,1.7833649634658642,0.3748641893661616,3.3133649634658644
1.0,4-hydroxy-TEMPO,15,Et4NBF4,0.05,1.0,1.0,MeCN:EtOAc=3:7,10.0,PENDING,PENDING,PENDING,0.0,53.81639179818907,14.20488829995599,1.372373880246327,65.527064014992,6.329006806291374,0.7801036705172264,1.8440524005521204,0.37653149119183743,3.37405240055212
1.0,4-hydroxy-TEMPO,15,Et4NBF4,0.05,1.0,1.0,MeCN:EtOAc=2:8,10.0,PENDING,PENDING,PENDING,0.0,54.93947856808922,14.171806878598023,1.5754728813869074,66.09597585750811,6.309804804967474,0.9046516839326653,1.7916417729460117,0.37439003679616784,3.3216417729460117
1.0,4-hydroxy-TEMPO,10,n-Bu4NOAc,0.2,1.0,2.0,MeCN:EtOAc=7:3,10.0,PENDING,PENDING,PENDING,0.0,54.63298567456301,5.549395034077799,0.02631953664790393,67.93599284259633,2.701562109981573,0.24776747702755525,1.7915769932394092,0.14884880340551881,3.3215769932394092
1.0,4-hydroxy-TEMPO,10,n-Bu4NOAc,0.2,1.0,2.0,MeCN:EtOAc=6:4,10.0,PENDING,PENDING,PENDING,0.0,55.00641714577103,4.124926205381062,0.0023660130278536293,68.63749299830798,2.138682315279195,0.2265021546409025,1.7927197413708558,0.11265116057515741,3.3227197413708556
1.0,4-hydroxy-TEMPO,10,n-Bu4NOAc,0.2,1.0,2.0,MeCN:EtOAc=5:5,10.0,PENDING,PENDING,PENDING,0.0,55.65799864595389,3.0686274012148984,9.251484795537923e-05,70.03354344679742,1.51635062600257,0.40010669930130044,1.7767919809051913,0.08673436696035314,3.3067919809051913
1.0,4-hydroxy-TEMPO,10,n-Bu4NOAc,0.2,1.0,2.0,MeCN:EtOAc=4:6,10.0,PENDING,PENDING,PENDING,0.0,54.53230143069899,4.555737430829286,0.00460165384159042,67.14025254745988,2.2262856050654865,0.06389978934677529,1.7695912170413344,0.12164420488245971,3.2995912170413346
1.0,4-hydroxy-TEMPO,10,n-Bu4NOAc,0.2,1.0,2.0,MeCN:EtOAc=3:7,10.0,PENDING,PENDING,PENDING,0.0,52.011202451065046,4.894672438239825,0.00161230008993795,66.58790950270452,2.4679256897389408,0.05939491568094071,1.9056724364657514,0.15443740418576093,3.4356724364657514
1.0,4-hydroxy-TEMPO,10,n-Bu4NOAc,0.2,1.0,2.0,MeCN:EtOAc=2:8,10.0,PENDING,PENDING,PENDING,0.0,54.58861745221209,3.9069218154211796,0.0008665310301953968,68.05738308747961,2.093760417293874,0.12573753521387449,1.7901766348470889,0.10673700534015391,3.3201766348470887
1.0,4-hydroxy-TEMPO,10,n-Bu4NOAc,0.2,1.0,1.5,MeCN:EtOAc=7:3,10.0,PENDING,PENDING,PENDING,0.0,54.622606752901035,5.2008652841651255,0.015919657865089754,67.96513645248245,2.5677567752633026,0.2192037442376717,1.7912269550164506,0.13985362917766428,3.3212269550164506
1.0,4-hydroxy-TEMPO,10,n-Bu4NOAc,0.2,1.0,1.5,MeCN:EtOAc=6:4,10.0,PENDING,PENDING,PENDING,0.0,55.00049075083307,3.596488556841967,0.0004429188179413731,68.67757240541644,1.9503269217464143,0.18382123462832756,1.7923941673904578,0.09931198915053213,3.322394167390458
1.0,4-hydroxy-TEMPO,10,n-Bu4NOAc,0.2,1.0,1.5,MeCN:EtOAc=4:6,10.0,PENDING,PENDING,PENDING,0.0,54.51811885526928,4.097959886607092,0.001451358998039564,67.16004094275107,2.0486360220016713,0.044311887774364955,1.7689639768486383,0.10973597111655183,3.298963976848638
1.0,4-hydroxy-TEMPO,10,n-Bu4NOAc,0.2,1.0,1.5,MeCN:EtOAc=3:7,10.0,PENDING,PENDING,PENDING,0.0,51.968942355601,4.47980527534356,0.0005027854713814056,66.59923310179902,2.3155048449846514,0.0439575631500643,1.9065745047260108,0.14606290222933319,3.4365745047260106
1.0,4-hydroxy-TEMPO,10,n-Bu4NOAc,0.2,1.0,1.5,MeCN:EtOAc=2:8,10.0,PENDING,PENDING,PENDING,0.0,54.576239673389196,3.337490506577222,8.924203855128999e-05,68.08990863246325,1.9010043834374764,0.09264569699752362,1.78983066745096,0.09238499357725846,3.31983066745096
1.0,4-hydroxy-TEMPO,10,n-Bu4NOAc,0.2,1.0,1.0,MeCN:EtOAc=7:3,10.0,PENDING,PENDING,PENDING,0.0,54.63298567456301,5.549395034077799,0.02631953664790393,67.93599284259633,2.7015621099815714,0.24776747702755492,1.7915769932394092,0.1488488034055189,3.3215769932394092
1.0,4-hydroxy-TEMPO,10,n-Bu4NOAc,0.2,1.0,1.0,MeCN:EtOAc=6:4,10.0,PENDING,PENDING,PENDING,0.0,55.00641714577103,4.124926205381062,0.0023660130278536293,68.63749299830798,2.138682315279195,0.2265021546409025,1.7927197413708558,0.11265116057515741,3.3227197413708556
1.0,4-hydroxy-TEMPO,10,n-Bu4NOAc,0.2,1.0,1.0,MeCN:EtOAc=5:5,10.0,PENDING,PENDING,PENDING,0.0,55.65799864595389,3.0686274012148984,9.251484795537923e-05,70.03354344679742,1.51635062600257,0.40010669930130044,1.7767919809051913,0.08673436696035314,3.3067919809051913
1.0,4-hydroxy-TEMPO,10,n-Bu4NOAc,0.2,1.0,1.0,MeCN:EtOAc=4:6,10.0,PENDING,PENDING,PENDING,0.0,54.53230143069901,4.555737430829282,0.004601653841590406,67.14025254745988,2.2262856050654865,0.06389978934677529,1.7695912170413344,0.12164420488245971,3.2995912170413346
1.0,4-hydroxy-TEMPO,10,n-Bu4NOAc,0.2,1.0,1.0,MeCN:EtOAc=3:7,10.0,PENDING,PENDING,PENDING,0.0,52.01120245106505,4.894672438239825,0.0016123000899379708,66.58790950270452,2.4679256897389408,0.05939491568094071,1.9056724364657514,0.15443740418576093,3.4356724364657514
1.0,4-hydroxy-TEMPO,10,n-Bu4NOAc,0.2,1.0,1.0,MeCN:EtOAc=2:8,10.0,PENDING,PENDING,PENDING,0.0,54.58861745221209,3.9069218154211796,0.0008665310301953968,68.05738308747961,2.0937604172938795,0.12573753521387565,1.7901766348470882,0.10673700534015391,3.3201766348470882
1.0,4-hydroxy-TEMPO,10,n-Bu4NOAc,0.1,1.0,2.0,MeCN:EtOAc=7:3,10.0,PENDING,PENDING,PENDING,0.0,54.712929554091076,5.73163702767135,0.03446853121755944,67.48600333237361,2.6736127783435686,0.1737703802504847,1.7694782636569724,0.15373194020361713,3.2994782636569724
1.0,4-hydroxy-TEMPO,10,n-Bu4NOAc,0.1,1.0,2.0,MeCN:EtOAc=6:4,10.0,PENDING,PENDING,PENDING,0.0,55.10213389667304,4.232199247373217,0.003357269522601937,68.21314122244401,2.0330394547838435,0.13278842525512358,1.7700368297947693,0.11492577633941502,3.3000368297947693
1.0,4-hydroxy-TEMPO,10,n-Bu4NOAc,0.1,1.0,2.0,MeCN:EtOAc=5:5,10.0,PENDING,PENDING,PENDING,0.0,55.78184183450863,3.9212102705785017,0.002648614870648377,69.5736015910267,1.88398453733086,0.37747969879249704,1.7519886370758566,0.1073860703270028,3.2819886370758566
1.0,4-hydroxy-TEMPO,10,n-Bu4NOAc,0.1,1.0,2.0,MeCN:EtOAc=4:6,10.0,PENDING,PENDING,PENDING,0.0,54.604414063392234,4.722956052469371,0.006840091324864794,66.65575770981306,2.11676113362407,0.029015216052018344,1.7461331976856354,0.12525066081321767,3.2761331976856356
1.0,4-hydroxy-TEMPO,10,n-Bu4NOAc,0.1,1.0,2.0,MeCN:EtOAc=3:7,10.0,PENDING,PENDING,PENDING,0.0,52.00302900182948,4.876235323552643,0.0015323129445133747,66.0894134505056,2.3680307683867996,0.028834946519123078,1.8887733784264626,0.153105095718764,3.4187733784264625
1.0,4-hydroxy-TEMPO,10,n-Bu4NOAc,0.1,1.0,2.0,MeCN:EtOAc=2:8,10.0,PENDING,PENDING,PENDING,0.0,54.67035866838288,4.217321699000122,0.0022855169294913776,67.5855766211104,2.0600582617013274,0.07312143361931922,1.7666580895861674,0.11496007623076672,3.2966580895861677
1.0,4-hydroxy-TEMPO,10,n-Bu4NOAc,0.1,1.0,1.5,MeCN:EtOAc=7:3,10.0,PENDING,PENDING,PENDING,0.0,54.70299224964419,5.404603867920109,0.022442181333609784,67.50986852840451,2.5387449821453174,0.1490380039161741,1.768792656542605,0.14530704046365078,3.298792656542605
1.0,4-hydroxy-TEMPO,10,n-Bu4NOAc,0.1,1.0,1.5,MeCN:EtOAc=6:4,10.0,PENDING,PENDING,PENDING,0.0,55.09715644598454,3.728184544889545,0.0007835181514444008,68.24907798436912,1.8314997500215928,0.09678672742465627,1.769353716044376,0.102120039646988,3.2993537160443758
1.0,4-hydroxy-TEMPO,10,n-Bu4NOAc,0.1,1.0,1.5,MeCN:EtOAc=5:5,10.0,PENDING,PENDING,PENDING,0.0,55.78443821857344,3.3585719815817785,0.000412105168967304,69.6254886683511,1.6585997735852402,0.31433184621575044,1.7511141982304264,0.09327625781037263,3.2811141982304264
1.0,4-hydroxy-TEMPO,10,n-Bu4NOAc,0.1,1.0,1.5,MeCN:EtOAc=4:6,10.0,PENDING,PENDING,PENDING,0.0,54.59019227580084,4.294509801029205,0.0026103094337331136,66.66945953419754,1.9266612457599135,0.016884331631876484,1.7451280004877552,0.11400666861426395,3.275128000487755
1.0,4-hydroxy-TEMPO,10,n-Bu4NOAc,0.1,1.0,1.5,MeCN:EtOAc=3:7,10.0,PENDING,PENDING,PENDING,0.0,51.95906362255735,4.463314010807942,0.00047379215772850973,66.09403116703763,2.206793237965165,0.018911238995441976,1.8894616072055759,0.14470491603149016,3.4194616072055757
1.0,4-hydroxy-TEMPO,10,n-Bu4NOAc,0.1,1.0,1.5,MeCN:EtOAc=2:8,10.0,PENDING,PENDING,PENDING,0.0,54.65845520129956,3.7148577316070353,0.00048131150179565613,67.61234005095557,1.8647550535275397,0.04887987511729874,1.7659201564559035,0.10228375962672119,3.2959201564559035
1.0,4-hydroxy-TEMPO,10,n-Bu4NOAc,0.1,1.0,1.0,MeCN:EtOAc=7:3,10.0,PENDING,PENDING,PENDING,0.0,54.712929554091076,5.73163702767135,0.03446853121755944,67.48600333237361,2.6736127783435686,0.1737703802504847,1.7694782636569724,0.15373194020361713,3.2994782636569724
1.0,4-hydroxy-TEMPO,10,n-Bu4NOAc,0.1,1.0,1.0,MeCN:EtOAc=6:4,10.0,PENDING,PENDING,PENDING,0.0,55.10213389667304,4.232199247373217,0.003357269522601937,68.21314122244401,2.0330394547838435,0.13278842525512358,1.7700368297947693,0.11492577633941502,3.3000368297947693
1.0,4-hydroxy-TEMPO,10,n-Bu4NOAc,0.1,1.0,1.0,MeCN:EtOAc=5:5,10.0,PENDING,PENDING,PENDING,0.0,55.78184183450864,3.9212102705785066,0.002648614870648467,69.5736015910267,1.88398453733086,0.37747969879249704,1.7519886370758562,0.10738607032700319,3.281988637075856
1.0,4-hydroxy-TEMPO,10,n-Bu4NOAc,0.1,1.0,1.0,MeCN:EtOAc=4:6,10.0,PENDING,PENDING,PENDING,0.0,54.604414063392234,4.722956052469375,0.006840091324864829,66.65575770981306,2.1167611336240686,0.029015216052018206,1.7461331976856356,0.12525066081321756,3.2761331976856356
1.0,4-hydroxy-TEMPO,10,n-Bu4NOAc,0.1,1.0,1.0,MeCN:EtOAc=3:7,10.0,PENDING,PENDING,PENDING,0.0,52.00302900182947,4.876235323552639,0.0015323129445133608,66.0894134505056,2.3680307683868014,0.02883494651912316,1.8887733784264626,0.15310509571876388,3.4187733784264625
1.0,4-hydroxy-TEMPO,10,n-Bu4NOAc,0.1,1.0,1.0,MeCN:EtOAc=2:8,10.0,PENDING,PENDING,PENDING,0.0,54.67035866838288,4.217321699000122,0.0022855169294913776,67.5855766211104,2.0600582617013274,0.07312143361931922,1.7666580895861674,0.11496007623076683,3.2966580895861677
1.0,4-hydroxy-TEMPO,10,n-Bu4NOAc,0.05,1.0,2.0,MeCN:EtOAc=7:3,10.0,PENDING,PENDING,PENDING,0.0,54.770146020504285,6.25438668466783,0.06236993368999355,67.2156889143746,2.8803462655063092,0.18242092483707473,1.7602378667374097,0.1683165243386296,3.2902378667374097
1.0,4-hydroxy-TEMPO,10,n-Bu4NOAc,0.05,1.0,2.0,MeCN:EtOAc=6:4,10.0,PENDING,PENDING,PENDING,0.0,55.157568632096115,4.917421452857168,0.01387244765745868,67.92963674072335,2.299678744647317,0.15235697819157246,1.760523277631374,0.13371436478388934,3.290523277631374
1.0,4-hydroxy-TEMPO,10,n-Bu4NOAc,0.05,1.0,2.0,MeCN:EtOAc=5:5,10.0,PENDING,PENDING,PENDING,0.0,55.83600468413683,4.899016721650955,0.020247043041462243,69.24007351340141,2.3369426749474136,0.43464773100407333,1.7419144941954086,0.1334094440987878,3.271914494195409
1.0,4-hydroxy-TEMPO,10,n-Bu4NOAc,0.05,1.0,2.0,MeCN:EtOAc=4:6,10.0,PENDING,PENDING,PENDING,0.0,54.66558346195192,5.352666379289073,0.02043769888196348,66.39117414100365,2.3670936734447467,0.03965112674932003,1.7369146590817168,0.14277676776772358,3.266914659081717
1.0,4-hydroxy-TEMPO,10,n-Bu4NOAc,0.05,1.0,2.0,MeCN:EtOAc=3:7,10.0,PENDING,PENDING,PENDING,0.0,52.08239058768078,5.418038148625186,0.005122021880045534,65.83734190222324,2.5838104891602853,0.03646357495767463,1.8791159699219016,0.16535559676427153,3.409115969921902
1.0,4-hydroxy-TEMPO,10,n-Bu4NOAc,0.05,1.0,2.0,MeCN:EtOAc=2:8,10.0,PENDING,PENDING,PENDING,0.0,54.73189663008895,4.9689348222958625,0.011656128552848671,67.29928925192564,2.343947560194754,0.0926865976640312,1.7568747560099955,0.1355846667287095,3.2868747560099956
1.0,4-hydroxy-TEMPO,10,n-Bu4NOAc,0.05,1.0,1.5,MeCN:EtOAc=7:3,10.0,PENDING,PENDING,PENDING,0.0,54.76122624106923,5.968700212637105,0.04627652207165389,67.23575430352292,2.760009160680965,0.16042043189811322,1.7594236144147561,0.16100200158502542,3.289423614414756
1.0,4-hydroxy-TEMPO,10,n-Bu4NOAc,0.05,1.0,1.5,MeCN:EtOAc=6:4,10.0,PENDING,PENDING,PENDING,0.0,55.1535553981665,4.508165585276915,0.006482840665448401,67.96126202507254,2.1295071543091613,0.12140156253585488,1.7597018525145716,0.12334400449443508,3.289701852514572
1.0,4-hydroxy-TEMPO,10,n-Bu4NOAc,0.05,1.0,1.5,MeCN:EtOAc=5:5,10.0,PENDING,PENDING,PENDING,0.0,55.839660008109405,4.4886232012501495,0.010049223011497369,69.28600285412871,2.17127615860642,0.3911896812190538,1.7408731895752636,0.1230393036311962,3.270873189575264
1.0,4-hydroxy-TEMPO,10,n-Bu4NOAc,0.05,1.0,1.5,MeCN:EtOAc=4:6,10.0,PENDING,PENDING,PENDING,0.0,54.652579287922194,4.994336641152082,0.011593670701594283,66.40119601963498,2.2042259198996375,0.02705010468980862,1.7357802381891305,0.13344641704925095,3.2657802381891305
1.0,4-hydroxy-TEMPO,10,n-Bu4NOAc,0.05,1.0,1.5,MeCN:EtOAc=3:7,10.0,PENDING,PENDING,PENDING,0.0,52.0399901155918,5.0625717488479145,0.00242723613098152,65.83870695103427,2.441441688925342,0.02634768066261678,1.8796725970268944,0.1578791645300268,3.409672597026894
1.0,4-hydroxy-TEMPO,10,n-Bu4NOAc,0.05,1.0,1.5,MeCN:EtOAc=2:8,10.0,PENDING,PENDING,PENDING,0.0,54.72119071880135,4.569747198489599,0.005427365227748636,67.32170129218868,2.1806872281783107,0.07036497027930835,1.7559876107876402,0.12553911516027189,3.2859876107876405
1.0,4-hydroxy-TEMPO,10,n-Bu4NOAc,0.05,1.0,1.0,MeCN:EtOAc=7:3,10.0,PENDING,PENDING,PENDING,0.0,54.770146020504285,6.25438668466783,0.06236993368999355,67.2156889143746,2.8803462655063092,0.18242092483707473,1.7602378667374097,0.1683165243386296,3.2902378667374097
1.0,4-hydroxy-TEMPO,10,n-Bu4NOAc,0.05,1.0,1.0,MeCN:EtOAc=6:4,10.0,PENDING,PENDING,PENDING,0.0,55.157568632096115,4.917421452857168,0.01387244765745868,67.92963674072335,2.299678744647317,0.15235697819157246,1.760523277631374,0.13371436478388934,3.290523277631374
1.0,4-hydroxy-TEMPO,10,n-Bu4NOAc,0.05,1.0,1.0,MeCN:EtOAc=5:5,10.0,PENDING,PENDING,PENDING,0.0,55.83600468413683,4.899016721650955,0.020247043041462243,69.24007351340141,2.3369426749474136,0.43464773100407333,1.7419144941954086,0.1334094440987878,3.271914494195409
1.0,4-hydroxy-TEMPO,10,n-Bu4NOAc,0.05,1.0,1.0,MeCN:EtOAc=4:6,10.0,PENDING,PENDING,PENDING,0.0,54.66558346195192,5.352666379289073,0.02043769888196348,66.39117414100365,2.3670936734447467,0.03965112674932003,1.7369146590817168,0.14277676776772358,3.266914659081717
1.0,4-hydroxy-TEMPO,10,n-Bu4NOAc,0.05,1.0,1.0,MeCN:EtOAc=3:7,10.0,PENDING,PENDING,PENDING,0.0,52.08239058768078,5.418038148625186,0.005122021880045534,65.83734190222324,2.5838104891602853,0.03646357495767463,1.8791159699219016,0.16535559676427153,3.409115969921902
1.0,4-hydroxy-TEMPO,10,n-Bu4NOAc,0.05,1.0,1.0,MeCN:EtOAc=2:8,10.0,PENDING,PENDING,PENDING,0.0,54.73189663008895,4.9689348222958625,0.011656128552848671,67.29928925192564,2.343947560194754,0.0926865976640312,1.7568747560099955,0.1355846667287095,3.2868747560099956
1.0,4-hydroxy-TEMPO,10,n-Bu4NClO4,0.2,1.0,2.0,MeCN:EtOAc=7:3,10.0,PENDING,PENDING,PENDING,0.0,58.974366097385605,6.5074953629731755,0.3518663055979562,67.5504635640248,2.8764670415601863,0.2282840267085408,1.7293743404728747,0.16625484778295177,3.259374340472875
1.0,4-hydroxy-TEMPO,10,n-Bu4NClO4,0.2,1.0,2.0,MeCN:EtOAc=6:4,10.0,PENDING,PENDING,PENDING,0.0,59.46555242094301,5.0587331349725595,0.15882716339050829,68.23671229369428,2.23860116779959,0.18262627607703114,1.728957264317435,0.1283147320986996,3.258957264317435
1.0,4-hydroxy-TEMPO,10,n-Bu4NClO4,0.2,1.0,2.0,MeCN:EtOAc=5:5,10.0,PENDING,PENDING,PENDING,0.0,60.26405159477913,4.880577833819045,0.19546524498827778,69.62561224892322,2.1036884950655232,0.47352526351237423,1.7087047248974245,0.12253688702764534,3.2387047248974246
1.0,4-hydroxy-TEMPO,10,n-Bu4NClO4,0.2,1.0,2.0,MeCN:EtOAc=4:6,10.0,PENDING,PENDING,PENDING,0.0,58.97683708209981,5.967985816795913,0.2561445127123091,66.74501181310657,2.4737399377672213,0.06958369352121338,1.706201903246089,0.1475757293747127,3.236201903246089
1.0,4-hydroxy-TEMPO,10,n-Bu4NClO4,0.2,1.0,2.0,MeCN:EtOAc=3:7,10.0,PENDING,PENDING,PENDING,0.0,56.48735569659726,6.122998925060427,0.11181818430480778,66.19729825596077,2.660358626077366,0.059348140835254415,1.8466754306597564,0.17046420177100147,3.3766754306597564
1.0,4-hydroxy-TEMPO,10,n-Bu4NClO4,0.2,1.0,2.0,MeCN:EtOAc=2:8,10.0,PENDING,PENDING,PENDING,0.0,59.15481979648389,5.307080017995518,0.170504386716944,67.6490134046394,2.339955914313888,0.12640101851274438,1.724485919742295,0.13261887074606907,3.254485919742295
1.0,4-hydroxy-TEMPO,10,n-Bu4NClO4,0.2,1.0,1.5,MeCN:EtOAc=7:3,10.0,PENDING,PENDING,PENDING,0.0,59.01808338595345,6.238046864112645,0.30675444366196936,67.57417284783588,2.756092979066342,0.20393468427690215,1.7281923467455778,0.15876750523627084,3.258192346745578
1.0,4-hydroxy-TEMPO,10,n-Bu4NClO4,0.2,1.0,1.5,MeCN:EtOAc=6:4,10.0,PENDING,PENDING,PENDING,0.0,59.51667846519982,4.664141267829844,0.1128251166734307,68.27097486034855,2.0622927902711976,0.1469548891248939,1.7277510932346098,0.11729023649151143,3.25775109323461
1.0,4-hydroxy-TEMPO,10,n-Bu4NClO4,0.2,1.0,1.5,MeCN:EtOAc=5:5,10.0,PENDING,PENDING,PENDING,0.0,60.326485750178826,4.465541547583711,0.1394371499462409,69.67671080007429,1.9106193463771808,0.42027104109387264,1.707228738061601,0.11076630284995148,3.237228738061601
1.0,4-hydroxy-TEMPO,10,n-Bu4NClO4,0.2,1.0,1.5,MeCN:EtOAc=4:6,10.0,PENDING,PENDING,PENDING,0.0,59.01970360905098,5.662365824332695,0.21145461288362533,66.75911260425688,2.3218057137284127,0.05255469724144152,1.7047058110006268,0.1386787007237221,3.2347058110006266
1.0,4-hydroxy-TEMPO,10,n-Bu4NClO4,0.2,1.0,1.5,MeCN:EtOAc=3:7,10.0,PENDING,PENDING,PENDING,0.0,56.50218477724391,5.827397607364968,0.08653439609468289,66.20306959769515,2.524597435794917,0.045941854490632844,1.8468367446024865,0.16333212081562665,3.3768367446024863
1.0,4-hydroxy-TEMPO,10,n-Bu4NClO4,0.2,1.0,1.5,MeCN:EtOAc=2:8,10.0,PENDING,PENDING,PENDING,0.0,59.20242720535405,4.942174888630742,0.12687438865587558,67.6753184171553,2.176687149550492,0.09958625584358416,1.7231931669720248,0.12220973321128725,3.253193166972025
1.0,4-hydroxy-TEMPO,10,n-Bu4NClO4,0.2,1.0,1.0,MeCN:EtOAc=7:3,10.0,PENDING,PENDING,PENDING,0.0,58.97436609738559,6.5074953629731755,0.35186630559795484,67.5504635640248,2.8764670415601863,0.2282840267085408,1.7293743404728747,0.16625484778295177,3.259374340472875
1.0,4-hydroxy-TEMPO,10,n-Bu4NClO4,0.2,1.0,1.0,MeCN:EtOAc=6:4,10.0,PENDING,PENDING,PENDING,0.0,59.465552420943,5.058733134972563,0.15882716339050795,68.23671229369428,2.2386011677995916,0.18262627607703164,1.7289572643174356,0.12831473209869948,3.2589572643174356
1.0,4-hydroxy-TEMPO,10,n-Bu4NClO4,0.2,1.0,1.0,MeCN:EtOAc=5:5,10.0,PENDING,PENDING,PENDING,0.0,60.26405159477913,4.880577833819048,0.19546524498827877,69.62561224892322,2.1036884950655215,0.47352526351237356,1.7087047248974245,0.12253688702764534,3.2387047248974246
1.0,4-hydroxy-TEMPO,10,n-Bu4NClO4,0.2,1.0,1.0,MeCN:EtOAc=4:6,10.0,PENDING,PENDING,PENDING,0.0,58.97683708209982,5.967985816795913,0.2561445127123102,66.74501181310657,2.473739937767217,0.0695836935212128,1.706201903246089,0.14757572937471258,3.236201903246089
1.0,4-hydroxy-TEMPO,10,n-Bu4NClO4,0.2,1.0,1.0,MeCN:EtOAc=3:7,10.0,PENDING,PENDING,PENDING,0.0,56.48735569659726,6.12299892506043,0.11181818430480817,66.19729825596077,2.6603586260773673,0.0593481408352545,1.8466754306597564,0.17046420177100147,3.3766754306597564
1.0,4-hydroxy-TEMPO,10,n-Bu4NClO4,0.2,1.0,1.0,MeCN:EtOAc=2:8,10.0,PENDING,PENDING,PENDING,0.0,59.1548197964839,5.307080017995518,0.1705043867169448,67.6490134046394,2.3399559143138897,0.12640101851274488,1.7244859197422948,0.13261887074606898,3.2544859197422946
1.0,4-hydroxy-TEMPO,10,n-Bu4NClO4,0.1,1.0,2.0,MeCN:EtOAc=7:3,10.0,PENDING,PENDING,PENDING,0.0,59.18793302208872,6.037576643230822,0.2883873246494969,67.12238152449902,2.626529945815842,0.12319425206608275,1.7065566396499694,0.1542817108702106,3.2365566396499696
1.0,4-hydroxy-TEMPO,10,n-Bu4NClO4,0.1,1.0,2.0,MeCN:EtOAc=6:4,10.0,PENDING,PENDING,PENDING,0.0,59.70213676769426,4.259597445799063,0.07985606892973585,67.83454818307817,1.8081466008972822,0.05619477940757103,1.7055373514957464,0.10618945981461138,3.235537351495746
1.0,4-hydroxy-TEMPO,10,n-Bu4NClO4,0.1,1.0,2.0,MeCN:EtOAc=5:5,10.0,PENDING,PENDING,PENDING,0.0,60.5380890760744,4.394838159245282,0.14498995996998354,69.2015028316318,1.9897408755484376,0.3078210253386399,1.6831015898513346,0.11134824748296741,3.213101589851335
1.0,4-hydroxy-TEMPO,10,n-Bu4NClO4,0.1,1.0,2.0,MeCN:EtOAc=4:6,10.0,PENDING,PENDING,PENDING,0.0,59.190061474833016,5.3958304116066715,0.1856072985131776,66.28231991323442,2.102248453004144,0.017551869791058744,1.6820121393659568,0.13137545264273176,3.2120121393659566
1.0,4-hydroxy-TEMPO,10,n-Bu4NClO4,0.1,1.0,2.0,MeCN:EtOAc=3:7,10.0,PENDING,PENDING,PENDING,0.0,56.62132498302365,5.469923693186206,0.06382454981465174,65.7190344190285,2.3271194601938943,0.017055502804337694,1.8290936282359642,0.1551498267010983,3.3590936282359642
1.0,4-hydroxy-TEMPO,10,n-Bu4NClO4,0.1,1.0,2.0,MeCN:EtOAc=2:8,10.0,PENDING,PENDING,PENDING,0.0,59.384439088118846,4.662026129076597,0.10530590532442669,67.2018770388315,1.9921258957227108,0.04056478123836707,1.700197999640768,0.11584439641892569,3.230197999640768
1.0,4-hydroxy-TEMPO,10,n-Bu4NClO4,0.1,1.0,1.5,MeCN:EtOAc=7:3,10.0,PENDING,PENDING,PENDING,0.0,59.23539706090111,5.735107383810633,0.24152212817535157,67.14143628094033,2.487893929870858,0.10175697793725313,1.705026089636688,0.14591417486105673,3.235026089636688
1.0,4-hydroxy-TEMPO,10,n-Bu4NClO4,0.1,1.0,1.5,MeCN:EtOAc=6:4,10.0,PENDING,PENDING,PENDING,0.0,59.757864501065264,3.758269535138135,0.04150437410370686,67.86534811702471,1.5702227980338013,0.030300096036089894,1.7039615376219268,0.09186708648689104,3.233961537621927
1.0,4-hydroxy-TEMPO,10,n-Bu4NClO4,0.1,1.0,1.5,MeCN:EtOAc=5:5,10.0,PENDING,PENDING,PENDING,0.0,60.60642163455045,3.915882623808008,0.08948052535885254,69.24772431086518,1.7830847387064719,0.2537715067172794,1.6811787372449198,0.09800533362595912,3.2111787372449196
1.0,4-hydroxy-TEMPO,10,n-Bu4NClO4,0.1,1.0,1.5,MeCN:EtOAc=4:6,10.0,PENDING,PENDING,PENDING,0.0,59.23663528544352,5.041669401927584,0.14114631614487816,66.29096213487485,1.9100100798637665,0.009237148726310943,1.680125728948692,0.12089528883941114,3.210125728948692
1.0,4-hydroxy-TEMPO,10,n-Bu4NClO4,0.1,1.0,1.5,MeCN:EtOAc=3:7,10.0,PENDING,PENDING,PENDING,0.0,56.638123268144085,5.119973265099358,0.04297578395246973,65.71861693362766,2.1613660337589455,0.010201530700712405,1.8290281017661956,0.14691067093964968,3.359028101766196
1.0,4-hydroxy-TEMPO,10,n-Bu4NClO4,0.1,1.0,1.5,MeCN:EtOAc=2:8,10.0,PENDING,PENDING,PENDING,0.0,59.436566917308056,4.22460807411351,0.06555909634156082,67.22324432358381,1.7874372035136659,0.023459878633235107,1.698502545468958,0.10333095484166145,3.2285025454689578
1.0,4-hydroxy-TEMPO,10,n-Bu4NClO4,0.1,1.0,1.0,MeCN:EtOAc=7:3,10.0,PENDING,PENDING,PENDING,0.0,59.18793302208872,6.037576643230822,0.2883873246494969,67.12238152449902,2.626529945815841,0.12319425206608259,1.706556639649969,0.1542817108702105,3.2365566396499688
1.0,4-hydroxy-TEMPO,10,n-Bu4NClO4,0.1,1.0,1.0,MeCN:EtOAc=6:4,10.0,PENDING,PENDING,PENDING,0.0,59.70213676769426,4.259597445799063,0.07985606892973585,67.83454818307817,1.8081466008972822,0.05619477940757103,1.7055373514957464,0.10618945981461138,3.235537351495746
1.0,4-hydroxy-TEMPO,10,n-Bu4NClO4,0.1,1.0,1.0,MeCN:EtOAc=5:5,10.0,PENDING,PENDING,PENDING,0.0,60.5380890760744,4.394838159245282,0.14498995996998354,69.2015028316318,1.9897408755484376,0.3078210253386399,1.6831015898513346,0.11134824748296741,3.213101589851335
1.0,4-hydroxy-TEMPO,10,n-Bu4NClO4,0.1,1.0,1.0,MeCN:EtOAc=4:6,10.0,PENDING,PENDING,PENDING,0.0,59.190061474833016,5.3958304116066715,0.1856072985131776,66.28231991323442,2.102248453004144,0.017551869791058744,1.6820121393659568,0.13137545264273176,3.2120121393659566
1.0,4-hydroxy-TEMPO,10,n-Bu4NClO4,0.1,1.0,1.0,MeCN:EtOAc=3:7,10.0,PENDING,PENDING,PENDING,0.0,56.62132498302365,5.469923693186206,0.06382454981465174,65.7190344190285,2.3271194601938943,0.017055502804337694,1.8290936282359642,0.1551498267010983,3.3590936282359642
1.0,4-hydroxy-TEMPO,10,n-Bu4NClO4,0.1,1.0,1.0,MeCN:EtOAc=2:8,10.0,PENDING,PENDING,PENDING,0.0,59.384439088118846,4.662026129076602,0.10530590532442702,67.2018770388315,1.9921258957227108,0.04056478123836707,1.7001979996407675,0.11584439641892556,3.2301979996407675
1.0,4-hydroxy-TEMPO,10,n-Bu4NClO4,0.05,1.0,2.0,MeCN:EtOAc=7:3,10.0,PENDING,PENDING,PENDING,0.0,59.20087296854855,6.249464823214877,0.32823502279276984,66.87267163614122,2.7379718003742863,0.11821823769568773,1.698707955271152,0.16145463616847672,3.228707955271152
1.0,4-hydroxy-TEMPO,10,n-Bu4NClO4,0.05,1.0,2.0,MeCN:EtOAc=6:4,10.0,PENDING,PENDING,PENDING,0.0,59.71079217006965,4.557465485963052,0.1116843752482436,67.57244795372678,1.9696137703602408,0.05954197953425866,1.6974947352440404,0.11608851666256982,3.2274947352440404
1.0,4-hydroxy-TEMPO,10,n-Bu4NClO4,0.05,1.0,2.0,MeCN:EtOAc=5:5,10.0,PENDING,PENDING,PENDING,0.0,60.54122085476215,4.811298979963916,0.20916378289565174,68.89568721636222,2.2496089883263046,0.3143244394451791,1.6747394057513691,0.12498491907591143,3.2047394057513694
1.0,4-hydroxy-TEMPO,10,n-Bu4NClO4,0.05,1.0,2.0,MeCN:EtOAc=4:6,10.0,PENDING,PENDING,PENDING,0.0,59.20447940355453,5.623038242138087,0.22088071150667488,66.03879094602635,2.2327361711054126,0.01905470925775557,1.674245968994576,0.13933306233458212,3.204245968994576
1.0,4-hydroxy-TEMPO,10,n-Bu4NClO4,0.05,1.0,2.0,MeCN:EtOAc=3:7,10.0,PENDING,PENDING,PENDING,0.0,56.6542957964175,5.654675078969977,0.07833745473868353,65.4872581964017,2.44019318740549,0.017894783477866216,1.8206731019761404,0.16078708737165506,3.3506731019761404
1.0,4-hydroxy-TEMPO,10,n-Bu4NClO4,0.05,1.0,2.0,MeCN:EtOAc=2:8,10.0,PENDING,PENDING,PENDING,0.0,59.39664256579809,4.9540793807342,0.1404298577147698,66.93852533237073,2.1468507648929616,0.043364861925414416,1.6919865859170609,0.12595302966840885,3.221986585917061
1.0,4-hydroxy-TEMPO,10,n-Bu4NClO4,0.05,1.0,1.5,MeCN:EtOAc=7:3,10.0,PENDING,PENDING,PENDING,0.0,59.24819363803793,5.961866113034841,0.2811188222144707,66.88846263053136,2.60723444013114,0.09876197069895137,1.6970893708844932,0.1536182012727913,3.227089370884493
1.0,4-hydroxy-TEMPO,10,n-Bu4NClO4,0.05,1.0,1.5,MeCN:EtOAc=6:4,10.0,PENDING,PENDING,PENDING,0.0,59.76618688496191,4.099395080398577,0.06792732001942264,67.59950569595227,1.7570190785181297,0.03618977034133536,1.6958266422074424,0.10336516391498621,3.2258266422074424
1.0,4-hydroxy-TEMPO,10,n-Bu4NClO4,0.05,1.0,1.5,MeCN:EtOAc=5:5,10.0,PENDING,PENDING,PENDING,0.0,60.60898383489903,4.387616469824336,0.14927487754283125,68.9370748546701,2.074985711049956,0.2706575221735881,1.6727170471671162,0.1135745517626565,3.2027170471671162
1.0,4-hydroxy-TEMPO,10,n-Bu4NClO4,0.05,1.0,1.5,MeCN:EtOAc=4:6,10.0,PENDING,PENDING,PENDING,0.0,59.25095384502149,5.288529747961775,0.17495892810899127,66.04431201146726,2.055184417189634,0.010995566296628637,1.6722750617034057,0.1296531459615407,3.2022750617034057
1.0,4-hydroxy-TEMPO,10,n-Bu4NClO4,0.05,1.0,1.5,MeCN:EtOAc=3:7,10.0,PENDING,PENDING,PENDING,0.0,56.67140640971242,5.320271189106737,0.05545156287984304,65.48411276045627,2.284657167534391,0.011309993651799216,1.8205074672115982,0.1529525939296349,3.350507467211598
1.0,4-hydroxy-TEMPO,10,n-Bu4NClO4,0.05,1.0,1.5,MeCN:EtOAc=2:8,10.0,PENDING,PENDING,PENDING,0.0,59.4485037337749,4.550952931057437,0.09680390476779349,66.95621320769727,1.9613079930059567,0.027519802807448757,1.690195886592539,0.11476086030930864,3.2201958865925393
1.0,4-hydroxy-TEMPO,10,n-Bu4NClO4,0.05,1.0,1.0,MeCN:EtOAc=7:3,10.0,PENDING,PENDING,PENDING,0.0,59.20087296854854,6.24946482321487,0.32823502279276673,66.8726716361412,2.7379718003742863,0.11821823769568629,1.6987079552711521,0.1614546361684768,3.228707955271152
1.0,4-hydroxy-TEMPO,10,n-Bu4NClO4,0.05,1.0,1.0,MeCN:EtOAc=6:4,10.0,PENDING,PENDING,PENDING,0.0,59.71079217006965,4.557465485963052,0.1116843752482436,67.57244795372678,1.9696137703602408,0.05954197953425866,1.69749473524404,0.1160885166625697,3.22749473524404
1.0,4-hydroxy-TEMPO,10,n-Bu4NClO4,0.05,1.0,1.0,MeCN:EtOAc=5:5,10.0,PENDING,PENDING,PENDING,0.0,60.54122085476214,4.8112989799639285,0.2091637828956523,68.89568721636223,2.2496089883263046,0.31432443944518257,1.674739405751369,0.12498491907591132,3.204739405751369
1.0,4-hydroxy-TEMPO,10,n-Bu4NClO4,0.05,1.0,1.0,MeCN:EtOAc=4:6,10.0,PENDING,PENDING,PENDING,0.0,59.20447940355454,5.623038242138087,0.22088071150667488,66.03879094602634,2.232736171105411,0.019054709257755098,1.6742459689945757,0.13933306233458212,3.2042459689945755
1.0,4-hydroxy-TEMPO,10,n-Bu4NClO4,0.05,1.0,1.0,MeCN:EtOAc=3:7,10.0,PENDING,PENDING,PENDING,0.0,56.6542957964175,5.654675078969977,0.07833745473868353,65.4872581964017,2.44019318740549,0.017894783477866216,1.8206731019761404,0.16078708737165506,3.3506731019761404
1.0,4-hydroxy-TEMPO,10,n-Bu4NClO4,0.05,1.0,1.0,MeCN:EtOAc=2:8,10.0,PENDING,PENDING,PENDING,0.0,59.39664256579809,4.9540793807342,0.1404298577147698,66.93852533237073,2.1468507648929616,0.043364861925414416,1.6919865859170609,0.12595302966840885,3.221986585917061
1.0,4-hydroxy-TEMPO,10,n-Bu4NBF4,0.2,1.0,2.0,MeCN:EtOAc=7:3,10.0,PENDING,PENDING,PENDING,0.0,64.80403939534892,6.39990218777137,1.640922384756242,67.53842631601005,2.7716470194557403,0.20232685058270056,1.6316580786392323,0.1667385557442732,3.161658078639232
1.0,4-hydroxy-TEMPO,10,n-Bu4NBF4,0.2,1.0,2.0,MeCN:EtOAc=6:4,10.0,PENDING,PENDING,PENDING,0.0,65.32983760254936,5.583460729160386,1.5298991189526094,68.2381889166422,2.255641236230381,0.18695297234170188,1.6285638488863696,0.14139711678994316,3.1585638488863697
1.0,4-hydroxy-TEMPO,10,n-Bu4NBF4,0.2,1.0,2.0,MeCN:EtOAc=4:6,10.0,PENDING,PENDING,PENDING,0.0,65.52861202806002,4.425030767755333,1.1637440266246784,66.7464882832064,2.026359836198449,0.025328935938948083,1.5977789838869678,0.11957395436319701,3.1277789838869676
1.0,4-hydroxy-TEMPO,10,n-Bu4NBF4,0.2,1.0,2.0,MeCN:EtOAc=3:7,10.0,PENDING,PENDING,PENDING,0.0,62.70530168351262,6.217621317254801,0.9271398376881039,66.18784968584112,2.560635531974232,0.048683480322513795,1.747778168372684,0.17611468796624513,3.2777781683726843
1.0,4-hydroxy-TEMPO,10,n-Bu4NBF4,0.2,1.0,2.0,MeCN:EtOAc=2:8,10.0,PENDING,PENDING,PENDING,0.0,65.2616096928182,5.1283524961546245,1.330251184261595,67.63771315062877,2.190865209229574,0.09838255431136245,1.621517465179967,0.13262727358231305,3.151517465179967
1.0,4-hydroxy-TEMPO,10,n-Bu4NBF4,0.2,1.0,1.5,MeCN:EtOAc=7:3,10.0,PENDING,PENDING,PENDING,0.0,64.91463633222709,6.116989957548881,1.575062817404457,67.56228726547077,2.642863040894955,0.1772438889728078,1.6292196921515218,0.15916477854120406,3.159219692151522
1.0,4-hydroxy-TEMPO,10,n-Bu4NBF4,0.2,1.0,1.5,MeCN:EtOAc=6:4,10.0,PENDING,PENDING,PENDING,0.0,65.4486422463065,5.236623860494504,1.4431596326679497,68.27297031356916,2.0805367283213925,0.1513176760872021,1.6260232082650314,0.13171519701048903,3.1560232082650312
1.0,4-hydroxy-TEMPO,10,n-Bu4NBF4,0.2,1.0,1.5,MeCN:EtOAc=5:5,10.0,PENDING,PENDING,PENDING,0.0,65.91795234359061,5.218905862279065,1.62777087918282,69.60214241972874,1.9968360285568478,0.4268927661362291,1.6101005707438947,0.12763540493769698,3.1401005707438947
1.0,4-hydroxy-TEMPO,10,n-Bu4NBF4,0.2,1.0,1.5,MeCN:EtOAc=4:6,10.0,PENDING,PENDING,PENDING,0.0,65.6571005714107,3.934758504879773,1.0259601135485177,66.7612428671003,1.819865881078095,0.013339390310258228,1.5946759179102978,0.10711908446762117,3.124675917910298
1.0,4-hydroxy-TEMPO,10,n-Bu4NBF4,0.2,1.0,1.5,MeCN:EtOAc=3:7,10.0,PENDING,PENDING,PENDING,0.0,62.79429178592447,5.923962610282287,0.8563929884674819,66.19382810435214,2.4161612553324594,0.03606459997808378,1.746700516724727,0.1692871120587954,3.276700516724727
1.0,4-hydroxy-TEMPO,10,n-Bu4NBF4,0.2,1.0,1.5,MeCN:EtOAc=2:8,10.0,PENDING,PENDING,PENDING,0.0,65.38281931015594,4.73469630666642,1.226434460889,67.66426688577707,2.0096328255258062,0.07191123954928205,1.6188073809012855,0.12201686131805273,3.1488073809012853
1.0,4-hydroxy-TEMPO,10,n-Bu4NBF4,0.2,1.0,1.0,MeCN:EtOAc=7:3,10.0,PENDING,PENDING,PENDING,0.0,64.80403939534892,6.39990218777137,1.640922384756242,67.53842631601005,2.7716470194557403,0.20232685058270056,1.6316580786392323,0.1667385557442732,3.161658078639232
1.0,4-hydroxy-TEMPO,10,n-Bu4NBF4,0.2,1.0,1.0,MeCN:EtOAc=6:4,10.0,PENDING,PENDING,PENDING,0.0,65.32983760254936,5.583460729160386,1.5298991189526094,68.2381889166422,2.255641236230381,0.18695297234170188,1.6285638488863696,0.14139711678994316,3.1585638488863697
1.0,4-hydroxy-TEMPO,10,n-Bu4NBF4,0.2,1.0,1.0,MeCN:EtOAc=4:6,10.0,PENDING,PENDING,PENDING,0.0,65.52861202806002,4.425030767755333,1.1637440266246784,66.7464882832064,2.026359836198449,0.025328935938948083,1.5977789838869678,0.11957395436319701,3.1277789838869676
1.0,4-hydroxy-TEMPO,10,n-Bu4NBF4,0.2,1.0,1.0,MeCN:EtOAc=3:7,10.0,PENDING,PENDING,PENDING,0.0,62.70530168351262,6.217621317254798,0.9271398376881028,66.18784968584112,2.5606355319742353,0.04868348032251407,1.747778168372684,0.17611468796624513,3.2777781683726843
1.0,4-hydroxy-TEMPO,10,n-Bu4NBF4,0.2,1.0,1.0,MeCN:EtOAc=2:8,10.0,PENDING,PENDING,PENDING,0.0,65.26160969281821,5.1283524961546165,1.3302511842615972,67.63771315062877,2.1908652092295724,0.09838255431136217,1.621517465179967,0.13262727358231316,3.151517465179967
1.0,4-hydroxy-TEMPO,10,n-Bu4NBF4,0.1,1.0,2.0,MeCN:EtOAc=7:3,10.0,PENDING,PENDING,PENDING,0.0,65.18394016268364,5.761026927257218,1.5415035787153228,67.11193334319641,2.5060466467583553,0.10205789381220065,1.6063700744247142,0.15093768957940987,3.1363700744247143
1.0,4-hydroxy-TEMPO,10,n-Bu4NBF4,0.1,1.0,2.0,MeCN:EtOAc=6:4,10.0,PENDING,PENDING,PENDING,0.0,65.73426604184534,4.7329510398201435,1.3622921212831045,67.83886301720108,1.8355309485895976,0.06025769339361117,1.6025026869438714,0.11802801521274284,3.1325026869438712
1.0,4-hydroxy-TEMPO,10,n-Bu4NBF4,0.1,1.0,2.0,MeCN:EtOAc=5:5,10.0,PENDING,PENDING,PENDING,0.0,66.21383878428958,4.950004009795651,1.650627558233162,69.12523467203646,2.1039414326055255,0.3250410157378297,1.5851462982422078,0.1232798949290718,3.115146298242208
1.0,4-hydroxy-TEMPO,10,n-Bu4NBF4,0.1,1.0,2.0,MeCN:EtOAc=4:6,10.0,PENDING,PENDING,PENDING,0.0,65.9609810156538,3.1446699687205912,0.8405515460251791,66.2871577158933,1.4843324646527305,0.000993077304318227,1.570034415294931,0.08780719454864361,3.100034415294931
1.0,4-hydroxy-TEMPO,10,n-Bu4NBF4,0.1,1.0,2.0,MeCN:EtOAc=3:7,10.0,PENDING,PENDING,PENDING,0.0,63.02587391959857,5.467830614656551,0.7700159219930249,65.71132354808609,2.209764330745519,0.01185496765800334,1.7276338920984615,0.15903513568726638,3.2576338920984615
1.0,4-hydroxy-TEMPO,10,n-Bu4NBF4,0.1,1.0,2.0,MeCN:EtOAc=2:8,10.0,PENDING,PENDING,PENDING,0.0,65.67497629743909,4.207350962554656,1.136627542254206,67.19264375869643,1.8033653027359329,0.023622202289159372,1.5944148093502992,0.10975245904461702,3.1244148093502995
1.0,4-hydroxy-TEMPO,10,n-Bu4NBF4,0.1,1.0,1.5,MeCN:EtOAc=7:3,10.0,PENDING,PENDING,PENDING,0.0,65.30223918458819,5.427317040850672,1.4594589950933412,67.13123976923394,2.355609849552688,0.08080722422728404,1.60350767604151,0.1420983261162373,3.1335076760415097
1.0,4-hydroxy-TEMPO,10,n-Bu4NBF4,0.1,1.0,1.5,MeCN:EtOAc=6:4,10.0,PENDING,PENDING,PENDING,0.0,65.86179718925243,4.292078000538126,1.2430401365574615,67.87035587715708,1.6011040612537846,0.03364918659187527,1.599502463184783,0.10549414622838967,3.129502463184783
1.0,4-hydroxy-TEMPO,10,n-Bu4NBF4,0.1,1.0,1.5,MeCN:EtOAc=5:5,10.0,PENDING,PENDING,PENDING,0.0,66.34510429647997,4.537113488124555,1.546118723867067,69.1698830632829,1.9124285655656734,0.27532941046875953,1.5819555164723176,0.11153572447684904,3.1119555164723174
1.0,4-hydroxy-TEMPO,10,n-Bu4NBF4,0.1,1.0,1.5,MeCN:EtOAc=3:7,10.0,PENDING,PENDING,PENDING,0.0,63.12145807976117,5.1107537130583225,0.6828061135664609,65.71121888583258,2.030322546368784,0.006252136409777585,1.72626078349322,0.15101125714873986,3.25626078349322
1.0,4-hydroxy-TEMPO,10,n-Bu4NBF4,0.1,1.0,1.5,MeCN:EtOAc=2:8,10.0,PENDING,PENDING,PENDING,0.0,65.80590171507559,3.6855209991098303,0.9875772591856162,67.21442191577182,1.5651556783061074,0.010146248238467832,1.591192447961244,0.09588723522264037,3.121192447961244
1.0,4-hydroxy-TEMPO,10,n-Bu4NBF4,0.1,1.0,1.0,MeCN:EtOAc=7:3,10.0,PENDING,PENDING,PENDING,0.0,65.18394016268364,5.761026927257212,1.541503578715321,67.11193334319641,2.5060466467583553,0.10205789381220065,1.6063700744247142,0.15093768957940967,3.1363700744247143
1.0,4-hydroxy-TEMPO,10,n-Bu4NBF4,0.1,1.0,1.0,MeCN:EtOAc=6:4,10.0,PENDING,PENDING,PENDING,0.0,65.73426604184534,4.7329510398201435,1.3622921212831045,67.83886301720108,1.8355309485895956,0.06025769339361081,1.6025026869438714,0.11802801521274295,3.1325026869438712
1.0,4-hydroxy-TEMPO,10,n-Bu4NBF4,0.1,1.0,1.0,MeCN:EtOAc=5:5,10.0,PENDING,PENDING,PENDING,0.0,66.21383878428958,4.950004009795651,1.650627558233162,69.12523467203646,2.1039414326055255,0.3250410157378297,1.5851462982422078,0.1232798949290718,3.115146298242208
1.0,4-hydroxy-TEMPO,10,n-Bu4NBF4,0.1,1.0,1.0,MeCN:EtOAc=4:6,10.0,PENDING,PENDING,PENDING,0.0,65.9609810156538,3.1446699687205912,0.8405515460251791,66.2871577158933,1.4843324646527305,0.000993077304318227,1.570034415294931,0.08780719454864361,3.100034415294931
1.0,4-hydroxy-TEMPO,10,n-Bu4NBF4,0.1,1.0,1.0,MeCN:EtOAc=3:7,10.0,PENDING,PENDING,PENDING,0.0,63.02587391959857,5.467830614656551,0.7700159219930249,65.71132354808609,2.209764330745519,0.01185496765800334,1.7276338920984615,0.15903513568726638,3.2576338920984615
1.0,4-hydroxy-TEMPO,10,n-Bu4NBF4,0.1,1.0,1.0,MeCN:EtOAc=2:8,10.0,PENDING,PENDING,PENDING,0.0,65.67497629743909,4.207350962554656,1.136627542254206,67.19264375869643,1.8033653027359329,0.023622202289159372,1.5944148093502992,0.10975245904461702,3.1244148093502995
1.0,4-hydroxy-TEMPO,10,n-Bu4NBF4,0.05,1.0,2.0,MeCN:EtOAc=7:3,10.0,PENDING,PENDING,PENDING,0.0,65.14248502972707,5.968710276247723,1.6049019968037954,66.86250394733462,2.6292904045008565,0.09997928099344977,1.6000926100653954,0.15740814127784206,3.1300926100653954
1.0,4-hydroxy-TEMPO,10,n-Bu4NBF4,0.05,1.0,2.0,MeCN:EtOAc=6:4,10.0,PENDING,PENDING,PENDING,0.0,65.68760197715496,4.975803437781309,1.4374955910279823,67.57673186792884,1.9986029802349987,0.06374278476222633,1.5961251630788083,0.12567328077358092,3.1261251630788083
1.0,4-hydroxy-TEMPO,10,n-Bu4NBF4,0.05,1.0,2.0,MeCN:EtOAc=5:5,10.0,PENDING,PENDING,PENDING,0.0,66.16650716492066,5.271536319440181,1.7566174983073914,68.82120290985925,2.3613055591733247,0.33116325564875687,1.5784202912023013,0.13411480622920247,3.108420291202301
1.0,4-hydroxy-TEMPO,10,n-Bu4NBF4,0.05,1.0,2.0,MeCN:EtOAc=4:6,10.0,PENDING,PENDING,PENDING,0.0,65.90641960853456,3.5419918096982195,0.9714937426249688,66.0434165533223,1.6843935471335254,0.002129168461957532,1.564177062221311,0.09880552759603724,3.094177062221311
1.0,4-hydroxy-TEMPO,10,n-Bu4NBF4,0.05,1.0,2.0,MeCN:EtOAc=3:7,10.0,PENDING,PENDING,PENDING,0.0,62.9993081858699,5.650841866871016,0.8207554170334992,65.47977007813712,2.3352453630616363,0.013151837050106044,1.7207091209716223,0.16382612799147697,3.2507091209716226
1.0,4-hydroxy-TEMPO,10,n-Bu4NBF4,0.05,1.0,2.0,MeCN:EtOAc=2:8,10.0,PENDING,PENDING,PENDING,0.0,65.62707256877084,4.512233110686407,1.234815701202357,66.9295115057299,1.9831496331746261,0.028281199838734394,1.587973103985036,0.11919112582729126,3.117973103985036
1.0,4-hydroxy-TEMPO,10,n-Bu4NBF4,0.05,1.0,1.5,MeCN:EtOAc=7:3,10.0,PENDING,PENDING,PENDING,0.0,65.25934432283478,5.651876838908948,1.5287829843649345,66.87853590925239,2.4886122944874907,0.08070975375713924,1.597186514207523,0.14908422035360516,3.127186514207523
1.0,4-hydroxy-TEMPO,10,n-Bu4NBF4,0.05,1.0,1.5,MeCN:EtOAc=6:4,10.0,PENDING,PENDING,PENDING,0.0,65.81342913093405,4.564241349935084,1.3289384811577918,67.60445231870649,1.789012574349762,0.039798492640200356,1.5930839392932907,0.11414611482418344,3.1230839392932905
1.0,4-hydroxy-TEMPO,10,n-Bu4NBF4,0.05,1.0,1.5,MeCN:EtOAc=5:5,10.0,PENDING,PENDING,PENDING,0.0,66.29611512232054,4.8932723839923264,1.6650377897419777,68.86109648331599,2.1982927635874088,0.29057448021254273,1.5751781899626796,0.12364987217206536,3.10517818996268
1.0,4-hydroxy-TEMPO,10,n-Bu4NBF4,0.05,1.0,1.5,MeCN:EtOAc=4:6,10.0,PENDING,PENDING,PENDING,0.0,66.04400994501198,2.868115351169685,0.766801539140455,66.0498313088088,1.413626520531731,0.00031713981295323915,1.5604914281165039,0.08238936334934768,3.090491428116504
1.0,4-hydroxy-TEMPO,10,n-Bu4NBF4,0.05,1.0,1.5,MeCN:EtOAc=3:7,10.0,PENDING,PENDING,PENDING,0.0,63.09373672944912,5.310119521083626,0.737361258178638,65.47692430463107,2.168516186661266,0.007567746925796197,1.7192732843564877,0.15613440301136602,3.2492732843564878
1.0,4-hydroxy-TEMPO,10,n-Bu4NBF4,0.05,1.0,1.5,MeCN:EtOAc=2:8,10.0,PENDING,PENDING,PENDING,0.0,65.75602012704118,4.037891442209045,1.10311576456525,66.94758418539092,1.7729955352980997,0.014908441026233649,1.5847164575238448,0.10677780016879748,3.114716457523845
1.0,4-hydroxy-TEMPO,10,n-Bu4NBF4,0.05,1.0,1.0,MeCN:EtOAc=7:3,10.0,PENDING,PENDING,PENDING,0.0,65.14248502972707,5.968710276247723,1.6049019968037954,66.86250394733462,2.6292904045008565,0.09997928099344977,1.6000926100653954,0.15740814127784206,3.1300926100653954
1.0,4-hydroxy-TEMPO,10,n-Bu4NBF4,0.05,1.0,1.0,MeCN:EtOAc=6:4,10.0,PENDING,PENDING,PENDING,0.0,65.68760197715496,4.975803437781309,1.4374955910279823,67.57673186792884,1.9986029802349987,0.06374278476222633,1.5961251630788083,0.12567328077358092,3.1261251630788083
1.0,4-hydroxy-TEMPO,10,n-Bu4NBF4,0.05,1.0,1.0,MeCN:EtOAc=5:5,10.0,PENDING,PENDING,PENDING,0.0,66.16650716492066,5.271536319440173,1.7566174983073883,68.82120290985925,2.3613055591733247,0.33116325564875687,1.5784202912023013,0.13411480622920224,3.108420291202301
1.0,4-hydroxy-TEMPO,10,n-Bu4NBF4,0.05,1.0,1.0,MeCN:EtOAc=4:6,10.0,PENDING,PENDING,PENDING,0.0,65.90641960853456,3.5419918096982195,0.9714937426249688,66.0434165533223,1.6843935471335254,0.002129168461957532,1.5641770622213114,0.09880552759603724,3.0941770622213114
1.0,4-hydroxy-TEMPO,10,n-Bu4NBF4,0.05,1.0,1.0,MeCN:EtOAc=3:7,10.0,PENDING,PENDING,PENDING,0.0,62.99930818586991,5.650841866871012,0.8207554170334994,65.47977007813712,2.3352453630616363,0.013151837050106044,1.720709120971622,0.1638261279914768,3.250709120971622
1.0,4-hydroxy-TEMPO,10,n-Bu4NBF4,0.05,1.0,1.0,MeCN:EtOAc=2:8,10.0,PENDING,PENDING,PENDING,0.0,65.62707256877084,4.512233110686403,1.2348157012023555,66.9295115057299,1.9831496331746261,0.028281199838734394,1.5879731039850364,0.11919112582729138,3.1179731039850367
1.0,4-hydroxy-TEMPO,10,Et4NOAc,0.2,1.0,2.0,MeCN:EtOAc=7:3,10.0,PENDING,PENDING,PENDING,0.0,53.99478626737374,5.782810284424648,0.025816280193561858,67.52404547824015,2.7140874608245817,0.1875374930988028,1.789872174945645,0.15549813462786752,3.319872174945645
1.0,4-hydroxy-TEMPO,10,Et4NOAc,0.2,1.0,2.0,MeCN:EtOAc=6:4,10.0,PENDING,PENDING,PENDING,0.0,54.37178667394828,4.069840901819703,0.0011762943297558524,68.29022130198658,1.9903475158637414,0.13383224964456902,1.7909724694509617,0.11273876939933235,3.320972469450962
1.0,4-hydroxy-TEMPO,10,Et4NOAc,0.2,1.0,2.0,MeCN:EtOAc=5:5,10.0,PENDING,PENDING,PENDING,0.0,55.0212286980952,4.270306787189957,0.0034553466601498495,69.54847532428292,2.0983690829091306,0.4459881102427984,1.7732242724585565,0.11694437634915864,3.3032242724585563
1.0,4-hydroxy-TEMPO,10,Et4NOAc,0.2,1.0,2.0,MeCN:EtOAc=4:6,10.0,PENDING,PENDING,PENDING,0.0,53.813393301544785,4.585116494558904,0.002905888291856288,66.66182464196551,2.1564822369660552,0.03238279675399944,1.768876144345438,0.12344291352325532,3.2988761443454377
1.0,4-hydroxy-TEMPO,10,Et4NOAc,0.2,1.0,2.0,MeCN:EtOAc=3:7,10.0,PENDING,PENDING,PENDING,0.0,51.36609965205113,5.27146290284914,0.00242803808796618,66.16428323057308,2.5048431681657672,0.0424657156990913,1.9049344645586093,0.16142047561686246,3.4349344645586095
1.0,4-hydroxy-TEMPO,10,Et4NOAc,0.2,1.0,2.0,MeCN:EtOAc=2:8,10.0,PENDING,PENDING,PENDING,0.0,53.91872700881046,4.271708175295303,0.0014219455432332006,67.62824136332596,2.111532989225048,0.08449807215644303,1.788185600101704,0.11701657092608106,3.318185600101704
1.0,4-hydroxy-TEMPO,10,Et4NOAc,0.2,1.0,1.5,MeCN:EtOAc=7:3,10.0,PENDING,PENDING,PENDING,0.0,53.976729834913876,5.45627723931718,0.016313911341804335,67.54895749517215,2.5812522552324344,0.1624929650326512,1.789458811348367,0.1471241291000354,3.319458811348367
1.0,4-hydroxy-TEMPO,10,Et4NOAc,0.2,1.0,1.5,MeCN:EtOAc=6:4,10.0,PENDING,PENDING,PENDING,0.0,54.35865436458047,3.5270747135550375,0.00016501887993775445,68.32881027021307,1.779356108823596,0.09575805793052802,1.7905767171786215,0.09934571807008244,3.3205767171786214
1.0,4-hydroxy-TEMPO,10,Et4NOAc,0.2,1.0,1.5,MeCN:EtOAc=5:5,10.0,PENDING,PENDING,PENDING,0.0,55.01478852041873,3.7673299368476534,0.0008244946781704836,69.59935166888566,1.9042470850035358,0.39278158880944797,1.7726348665555076,0.10432863999203464,3.3026348665555076
1.0,4-hydroxy-TEMPO,10,Et4NOAc,0.2,1.0,1.5,MeCN:EtOAc=4:6,10.0,PENDING,PENDING,PENDING,0.0,53.78919104418335,4.132160216978038,0.000846232580090981,66.67567838928254,1.970474990624671,0.019577895196995057,1.7682110238350528,0.11181765199107807,3.298211023835053
1.0,4-hydroxy-TEMPO,10,Et4NOAc,0.2,1.0,1.5,MeCN:EtOAc=3:7,10.0,PENDING,PENDING,PENDING,0.0,51.31599033554556,4.899328283378067,0.0009742534685530813,66.17098117661413,2.355674716506326,0.03056706255700048,1.9058036986743445,0.15361742797118602,3.4358036986743445
1.0,4-hydroxy-TEMPO,10,Et4NOAc,0.2,1.0,1.5,MeCN:EtOAc=2:8,10.0,PENDING,PENDING,PENDING,0.0,53.89801515645489,3.7712934877500084,0.0002713056772110918,67.65637803975042,1.9210408614030812,0.058883172337760026,1.7877507761221767,0.10448448018578413,3.3177507761221765
1.0,4-hydroxy-TEMPO,10,Et4NOAc,0.2,1.0,1.0,MeCN:EtOAc=7:3,10.0,PENDING,PENDING,PENDING,0.0,53.99478626737374,5.782810284424648,0.025816280193561858,67.52404547824015,2.7140874608245817,0.1875374930988028,1.789872174945645,0.15549813462786752,3.319872174945645
1.0,4-hydroxy-TEMPO,10,Et4NOAc,0.2,1.0,1.0,MeCN:EtOAc=6:4,10.0,PENDING,PENDING,PENDING,0.0,54.37178667394828,4.069840901819703,0.0011762943297558524,68.29022130198658,1.9903475158637414,0.13383224964456902,1.7909724694509617,0.11273876939933235,3.320972469450962
1.0,4-hydroxy-TEMPO,10,Et4NOAc,0.2,1.0,1.0,MeCN:EtOAc=5:5,10.0,PENDING,PENDING,PENDING,0.0,55.0212286980952,4.270306787189957,0.0034553466601498495,69.54847532428292,2.0983690829091306,0.4459881102427984,1.7732242724585565,0.11694437634915864,3.3032242724585563
1.0,4-hydroxy-TEMPO,10,Et4NOAc,0.2,1.0,1.0,MeCN:EtOAc=4:6,10.0,PENDING,PENDING,PENDING,0.0,53.813393301544785,4.585116494558904,0.002905888291856288,66.66182464196551,2.1564822369660552,0.03238279675399944,1.768876144345438,0.12344291352325532,3.2988761443454377
1.0,4-hydroxy-TEMPO,10,Et4NOAc,0.2,1.0,1.0,MeCN:EtOAc=3:7,10.0,PENDING,PENDING,PENDING,0.0,51.36609965205113,5.27146290284914,0.00242803808796618,66.16428323057308,2.5048431681657672,0.0424657156990913,1.9049344645586093,0.16142047561686246,3.4349344645586095
1.0,4-hydroxy-TEMPO,10,Et4NOAc,0.2,1.0,1.0,MeCN:EtOAc=2:8,10.0,PENDING,PENDING,PENDING,0.0,53.91872700881046,4.271708175295303,0.0014219455432332006,67.62824136332596,2.111532989225048,0.08449807215644303,1.788185600101704,0.11701657092608106,3.318185600101704
1.0,4-hydroxy-TEMPO,10,Et4NOAc,0.1,1.0,2.0,MeCN:EtOAc=7:3,10.0,PENDING,PENDING,PENDING,0.0,54.04588673608363,5.283609258009683,0.013014002957203938,67.09808872792,2.446023656428039,0.09152552497395261,1.769171137280323,0.14189771187943867,3.299171137280323
1.0,4-hydroxy-TEMPO,10,Et4NOAc,0.1,1.0,2.0,MeCN:EtOAc=6:4,10.0,PENDING,PENDING,PENDING,0.0,54.439555981569676,2.9917890433708276,1.0165553566204996e-05,67.90110974923213,1.461801713572294,0.022059164240267035,1.7697868029021833,0.08399572726569329,3.299786802902183
1.0,4-hydroxy-TEMPO,10,Et4NOAc,0.1,1.0,2.0,MeCN:EtOAc=5:5,10.0,PENDING,PENDING,PENDING,0.0,55.11445158772999,3.9157837292841347,0.001445688954123026,69.1208462620481,2.0272797686792505,0.29944443356117745,1.7500523675002995,0.10599860268970233,3.2800523675002995
1.0,4-hydroxy-TEMPO,10,Et4NOAc,0.1,1.0,2.0,MeCN:EtOAc=4:6,10.0,PENDING,PENDING,PENDING,0.0,53.84950859841018,3.7977695831916347,0.0002855609269892495,66.19645653810187,1.7039133268368698,0.00315278184225953,1.7469897389794928,0.10116068284077845,3.276989738979493
1.0,4-hydroxy-TEMPO,10,Et4NOAc,0.1,1.0,2.0,MeCN:EtOAc=3:7,10.0,PENDING,PENDING,PENDING,0.0,51.328704751114216,4.506545312109184,0.0003145967267015916,65.6872575016644,2.1483971859812128,0.009359468787732292,1.8893071381817477,0.14459173801989306,3.4193071381817477
1.0,4-hydroxy-TEMPO,10,Et4NOAc,0.1,1.0,2.0,MeCN:EtOAc=2:8,10.0,PENDING,PENDING,PENDING,0.0,53.968457531607875,3.487885988788848,8.761025615589219e-05,67.18528766797422,1.7118171260187656,0.017207741595571494,1.7662635326719736,0.09617101848734208,3.296263532671974
1.0,4-hydroxy-TEMPO,10,Et4NOAc,0.1,1.0,1.5,MeCN:EtOAc=7:3,10.0,PENDING,PENDING,PENDING,0.0,54.027533599805714,4.91093103583596,0.006718738204056836,67.11874550371382,2.2903787853913453,0.07083660603647429,1.768466076926783,0.13231758808595293,3.298466076926783
1.0,4-hydroxy-TEMPO,10,Et4NOAc,0.1,1.0,1.5,MeCN:EtOAc=5:5,10.0,PENDING,PENDING,PENDING,0.0,55.108770932446134,3.3532814803452324,0.00018375059668365246,69.16684849491004,1.8258462603396868,0.24781085787061197,1.749094408217266,0.09165363682308524,3.279094408217266
1.0,4-hydroxy-TEMPO,10,Et4NOAc,0.1,1.0,1.5,MeCN:EtOAc=4:6,10.0,PENDING,PENDING,PENDING,0.0,53.824027235732935,3.2104229652652876,1.6559290799843327e-05,66.20498717013358,1.445267584620775,0.0006100018658958591,1.7460041007389877,0.08586402948385906,3.2760041007389877
1.0,4-hydroxy-TEMPO,10,Et4NOAc,0.1,1.0,1.5,MeCN:EtOAc=3:7,10.0,PENDING,PENDING,PENDING,0.0,51.27613403554615,4.041767310490915,5.1965280820730556e-05,65.68807309634175,1.9618102226351033,0.004546593630857167,1.8899967951521983,0.13539270003797027,3.4199967951521986
1.0,4-hydroxy-TEMPO,10,Et4NOAc,0.1,1.0,1.5,MeCN:EtOAc=2:8,10.0,PENDING,PENDING,PENDING,0.0,53.94733908120549,2.8250627211606965,1.2899717381733776e-06,67.20927221872961,1.4564149429977185,0.0060007501497431545,1.765498957732995,0.0797454307404235,3.295498957732995
1.0,4-hydroxy-TEMPO,10,Et4NOAc,0.1,1.0,1.0,MeCN:EtOAc=7:3,10.0,PENDING,PENDING,PENDING,0.0,54.045886736083624,5.283609258009687,0.013014002957204021,67.09808872792,2.446023656428037,0.09152552497395239,1.769171137280323,0.14189771187943856,3.299171137280323
1.0,4-hydroxy-TEMPO,10,Et4NOAc,0.1,1.0,1.0,MeCN:EtOAc=6:4,10.0,PENDING,PENDING,PENDING,0.0,54.43955598156967,2.9917890433708276,1.016555356620448e-05,67.90110974923213,1.4618017135722994,0.022059164240267465,1.7697868029021833,0.08399572726569313,3.299786802902183
1.0,4-hydroxy-TEMPO,10,Et4NOAc,0.1,1.0,1.0,MeCN:EtOAc=5:5,10.0,PENDING,PENDING,PENDING,0.0,55.11445158772998,3.9157837292841347,0.0014456889541229982,69.1208462620481,2.027279768679247,0.2994444335611763,1.7500523675002995,0.10599860268970233,3.2800523675002995
1.0,4-hydroxy-TEMPO,10,Et4NOAc,0.1,1.0,1.0,MeCN:EtOAc=4:6,10.0,PENDING,PENDING,PENDING,0.0,53.84950859841018,3.7977695831916396,0.0002855609269892508,66.19645653810187,1.7039133268368654,0.0031527818422594674,1.7469897389794928,0.10116068284077845,3.276989738979493
1.0,4-hydroxy-TEMPO,10,Et4NOAc,0.1,1.0,1.0,MeCN:EtOAc=3:7,10.0,PENDING,PENDING,PENDING,0.0,51.328704751114216,4.506545312109184,0.0003145967267015916,65.6872575016644,2.1483971859812128,0.009359468787732292,1.889307138181748,0.14459173801989314,3.4193071381817477
1.0,4-hydroxy-TEMPO,10,Et4NOAc,0.1,1.0,1.0,MeCN:EtOAc=2:8,10.0,PENDING,PENDING,PENDING,0.0,53.968457531607875,3.487885988788848,8.761025615589219e-05,67.18528766797422,1.711817126018768,0.01720774159557166,1.7662635326719736,0.09617101848734237,3.296263532671974
1.0,4-hydroxy-TEMPO,10,Et4NOAc,0.05,1.0,2.0,MeCN:EtOAc=7:3,10.0,PENDING,PENDING,PENDING,0.0,54.1053006327538,5.562095956964279,0.020345947371749495,66.84635543357676,2.575707285550329,0.09066343233555385,1.7606199388416608,0.15000633652149908,3.290619938841661
1.0,4-hydroxy-TEMPO,10,Et4NOAc,0.05,1.0,2.0,MeCN:EtOAc=6:4,10.0,PENDING,PENDING,PENDING,0.0,54.49655483984425,3.4443063662967814,0.00013408441951748545,67.6338119397829,1.6730129934125526,0.029625915136961584,1.7610013635566897,0.0965825227069563,3.2910013635566897
1.0,4-hydroxy-TEMPO,10,Et4NOAc,0.05,1.0,2.0,MeCN:EtOAc=5:5,10.0,PENDING,PENDING,PENDING,0.0,55.16991101897857,4.459746446780818,0.00592738679799424,68.81402825028793,2.2992139181606537,0.31038922413145864,1.7408694247941587,0.12079707964133952,3.2708694247941588
1.0,4-hydroxy-TEMPO,10,Et4NOAc,0.05,1.0,2.0,MeCN:EtOAc=4:6,10.0,PENDING,PENDING,PENDING,0.0,53.91450697115983,4.175352622131807,0.0010759964562491956,65.95215883595377,1.8803827866440628,0.004836353373715366,1.7384641370703802,0.1120642617522553,3.26846413707038
1.0,4-hydroxy-TEMPO,10,Et4NOAc,0.05,1.0,2.0,MeCN:EtOAc=3:7,10.0,PENDING,PENDING,PENDING,0.0,51.41042243906227,4.764279126353077,0.0007290839951027105,65.4537426123302,2.281010527901763,0.0107636015918567,1.880244825501168,0.15087036251073938,3.410244825501168
1.0,4-hydroxy-TEMPO,10,Et4NOAc,0.05,1.0,2.0,MeCN:EtOAc=2:8,10.0,PENDING,PENDING,PENDING,0.0,54.03227318772181,3.929406003750358,0.0005503260714932821,66.91914598679118,1.905536022541299,0.02223093706822908,1.757263602819771,0.10868861623343952,3.2872636028197713
1.0,4-hydroxy-TEMPO,10,Et4NOAc,0.05,1.0,1.5,MeCN:EtOAc=7:3,10.0,PENDING,PENDING,PENDING,0.0,54.08799288867001,5.215155561646881,0.01194344789848159,66.8635965904672,2.4308146065874867,0.07189790232028151,1.7598073206985583,0.14114392151055533,3.289807320698558
1.0,4-hydroxy-TEMPO,10,Et4NOAc,0.05,1.0,1.5,MeCN:EtOAc=6:4,10.0,PENDING,PENDING,PENDING,0.0,54.484796813784094,2.7510527411385373,1.7928969009292642e-06,67.66643547726716,1.4004842106897526,0.011169694992924188,1.7601861420041334,0.07979089656583994,3.290186142004133
1.0,4-hydroxy-TEMPO,10,Et4NOAc,0.05,1.0,1.5,MeCN:EtOAc=5:5,10.0,PENDING,PENDING,PENDING,0.0,55.16522180346962,3.988428196435801,0.0018666489188430557,68.85512486650407,2.1300193121677644,0.26881252282734425,1.7397837689118107,0.10877956616177935,3.269783768911811
1.0,4-hydroxy-TEMPO,10,Et4NOAc,0.05,1.0,1.5,MeCN:EtOAc=4:6,10.0,PENDING,PENDING,PENDING,0.0,53.89039086307293,3.6578258197563747,0.00017050653816527662,65.95748858484245,1.6532803560980553,0.001498644052754584,1.7373703331138808,0.09871705724382206,3.267370333113881
1.0,4-hydroxy-TEMPO,10,Et4NOAc,0.05,1.0,1.5,MeCN:EtOAc=3:7,10.0,PENDING,PENDING,PENDING,0.0,51.35945373561684,4.332336704829394,0.0001785546382684685,65.45170829591005,2.1086589368523434,0.005839706125145797,1.880818489566662,0.1421940312697755,3.410818489566662
1.0,4-hydroxy-TEMPO,10,Et4NOAc,0.05,1.0,1.5,MeCN:EtOAc=2:8,10.0,PENDING,PENDING,PENDING,0.0,54.01234791597184,3.365420900837544,5.053797238518357e-05,66.93916347614287,1.6838640429635001,0.010458015177810275,1.7563783638920503,0.09475289540566267,3.2863783638920503
1.0,4-hydroxy-TEMPO,10,Et4NOAc,0.05,1.0,1.0,MeCN:EtOAc=7:3,10.0,PENDING,PENDING,PENDING,0.0,54.1053006327538,5.562095956964279,0.020345947371749495,66.84635543357676,2.575707285550329,0.09066343233555385,1.7606199388416608,0.15000633652149908,3.290619938841661
1.0,4-hydroxy-TEMPO,10,Et4NOAc,0.05,1.0,1.0,MeCN:EtOAc=6:4,10.0,PENDING,PENDING,PENDING,0.0,54.49655483984425,3.444306366296764,0.00013408441951747547,67.6338119397829,1.6730129934125435,0.02962591513696068,1.7610013635566897,0.0965825227069563,3.2910013635566897
1.0,4-hydroxy-TEMPO,10,Et4NOAc,0.05,1.0,1.0,MeCN:EtOAc=5:5,10.0,PENDING,PENDING,PENDING,0.0,55.16991101897856,4.459746446780804,0.005927386797994032,68.81402825028793,2.2992139181606537,0.31038922413145864,1.740869424794159,0.1207970796413393,3.270869424794159
1.0,4-hydroxy-TEMPO,10,Et4NOAc,0.05,1.0,1.0,MeCN:EtOAc=4:6,10.0,PENDING,PENDING,PENDING,0.0,53.91450697115983,4.175352622131807,0.0010759964562491956,65.95215883595377,1.8803827866440606,0.004836353373715317,1.73846413707038,0.11206426175225517,3.2684641370703797
1.0,4-hydroxy-TEMPO,10,Et4NOAc,0.05,1.0,1.0,MeCN:EtOAc=3:7,10.0,PENDING,PENDING,PENDING,0.0,51.41042243906228,4.764279126353073,0.0007290839951027174,65.4537426123302,2.281010527901763,0.0107636015918567,1.880244825501168,0.15087036251073918,3.410244825501168
1.0,4-hydroxy-TEMPO,10,Et4NOAc,0.05,1.0,1.0,MeCN:EtOAc=2:8,10.0,PENDING,PENDING,PENDING,0.0,54.03227318772181,3.929406003750358,0.0005503260714932821,66.91914598679118,1.905536022541295,0.022230937068228776,1.757263602819771,0.10868861623343952,3.2872636028197713
1.0,4-hydroxy-TEMPO,10,Et4NClO4,0.2,1.0,2.0,MeCN:EtOAc=7:3,10.0,PENDING,PENDING,PENDING,0.0,52.16691407728665,6.194735682739198,0.017986358001070124,66.07146108550519,2.8992285937838926,0.07978275717158029,1.8861650052334258,0.18151177699028265,3.4161650052334256
1.0,4-hydroxy-TEMPO,10,Et4NClO4,0.2,1.0,2.0,MeCN:EtOAc=6:4,10.0,PENDING,PENDING,PENDING,0.0,52.47346714028544,5.12827572098194,0.003734405697136886,66.72272698422773,2.486921880319481,0.06980781964108748,1.8890932500524376,0.15903127695858393,3.4190932500524376
1.0,4-hydroxy-TEMPO,10,Et4NClO4,0.2,1.0,2.0,MeCN:EtOAc=5:5,10.0,PENDING,PENDING,PENDING,0.0,53.13735738132778,4.926052677124308,0.003827327987939201,68.07164181853082,2.4401736434569554,0.20518573342581303,1.8722047056547344,0.15504351556017817,3.4022047056547344
1.0,4-hydroxy-TEMPO,10,Et4NClO4,0.2,1.0,2.0,MeCN:EtOAc=4:6,10.0,PENDING,PENDING,PENDING,0.0,52.02317211751444,5.460681701490016,0.005344346081087595,65.27999125185318,2.5585111616760843,0.019489553352830494,1.8671116721967318,0.16461206432354916,3.397111672196732
1.0,4-hydroxy-TEMPO,10,Et4NClO4,0.2,1.0,2.0,MeCN:EtOAc=3:7,10.0,PENDING,PENDING,PENDING,0.0,49.31154149516053,4.1334913189509885,9.252434092550763e-06,64.59446605087165,2.016110558591954,0.0009873046601402216,2.0120329170523865,0.11722038738772621,3.5420329170523868
1.0,4-hydroxy-TEMPO,10,Et4NClO4,0.2,1.0,2.0,MeCN:EtOAc=2:8,10.0,PENDING,PENDING,PENDING,0.0,52.00302900182947,4.876235323552639,0.0015323129445133608,66.0894134505056,2.3680307683867996,0.028834946519123078,1.8887733784264626,0.15310509571876416,3.4187733784264625
1.0,4-hydroxy-TEMPO,10,Et4NClO4,0.2,1.0,1.5,MeCN:EtOAc=7:3,10.0,PENDING,PENDING,PENDING,0.0,52.12763178904567,5.902850481400426,0.01173581853733277,66.0758671888972,2.77990630473894,0.06592145670830854,1.886796570553068,0.17504904839943775,3.416796570553068
1.0,4-hydroxy-TEMPO,10,Et4NClO4,0.2,1.0,1.5,MeCN:EtOAc=6:4,10.0,PENDING,PENDING,PENDING,0.0,52.43708697221882,4.742803377435979,0.001520391458843206,66.73650099872488,2.3359291308971564,0.05288209933909391,1.8897724658500858,0.1510652192796586,3.4197724658500857
1.0,4-hydroxy-TEMPO,10,Et4NClO4,0.2,1.0,1.5,MeCN:EtOAc=5:5,10.0,PENDING,PENDING,PENDING,0.0,53.10845722731422,4.516929417803946,0.0014281424589560818,68.10144416269598,2.2845169179843436,0.1729199943622895,1.8727023716691897,0.14675491674954397,3.4027023716691898
1.0,4-hydroxy-TEMPO,10,Et4NClO4,0.2,1.0,1.5,MeCN:EtOAc=4:6,10.0,PENDING,PENDING,PENDING,0.0,51.97928447783049,5.110499861635827,0.002586891815724402,65.27504513572525,2.413949761053534,0.013044437543916737,1.8675229091338685,0.15709889852611006,3.3975229091338686
1.0,4-hydroxy-TEMPO,10,Et4NClO4,0.2,1.0,1.5,MeCN:EtOAc=3:7,10.0,PENDING,PENDING,PENDING,0.0,49.234326519497586,3.6013319595960636,3.1853504834688506e-07,64.57678244296947,1.8084121815053325,0.0002526592990327388,2.0141978426373908,0.10448516872010358,3.5441978426373906
1.0,4-hydroxy-TEMPO,10,Et4NClO4,0.2,1.0,1.5,MeCN:EtOAc=2:8,10.0,PENDING,PENDING,PENDING,0.0,51.95906362255736,4.463314010807946,0.0004737921577285323,66.09403116703763,2.206793237965165,0.018911238995441976,1.8894616072055752,0.14470491603149024,3.4194616072055752
1.0,4-hydroxy-TEMPO,10,Et4NClO4,0.2,1.0,1.0,MeCN:EtOAc=7:3,10.0,PENDING,PENDING,PENDING,0.0,52.166914077286656,6.1947356827391955,0.017986358001070124,66.0714610855052,2.89922859378389,0.07978275717158084,1.8861650052334258,0.18151177699028265,3.4161650052334256
1.0,4-hydroxy-TEMPO,10,Et4NClO4,0.2,1.0,1.0,MeCN:EtOAc=6:4,10.0,PENDING,PENDING,PENDING,0.0,52.47346714028544,5.128275720981945,0.0037344056971369416,66.72272698422773,2.486921880319473,0.06980781964108626,1.8890932500524378,0.15903127695858402,3.4190932500524376
1.0,4-hydroxy-TEMPO,10,Et4NClO4,0.2,1.0,1.0,MeCN:EtOAc=5:5,10.0,PENDING,PENDING,PENDING,0.0,53.13735738132778,4.926052677124308,0.003827327987939201,68.07164181853082,2.4401736434569554,0.20518573342581303,1.872204705654734,0.15504351556017826,3.402204705654734
1.0,4-hydroxy-TEMPO,10,Et4NClO4,0.2,1.0,1.0,MeCN:EtOAc=4:6,10.0,PENDING,PENDING,PENDING,0.0,52.02317211751444,5.460681701490013,0.0053443460810876295,65.27999125185318,2.5585111616760843,0.019489553352830494,1.8671116721967316,0.16461206432354916,3.397111672196732
1.0,4-hydroxy-TEMPO,10,Et4NClO4,0.2,1.0,1.0,MeCN:EtOAc=3:7,10.0,PENDING,PENDING,PENDING,0.0,49.311541495160526,4.133491318951003,9.25243409255136e-06,64.59446605087165,2.0161105585919596,0.0009873046601402424,2.0120329170523865,0.11722038738772621,3.5420329170523868
1.0,4-hydroxy-TEMPO,10,Et4NClO4,0.2,1.0,1.0,MeCN:EtOAc=2:8,10.0,PENDING,PENDING,PENDING,0.0,52.00302900182947,4.876235323552639,0.0015323129445133608,66.0894134505056,2.3680307683867996,0.028834946519123078,1.888773378426463,0.1531050957187638,3.4187733784264633
1.0,4-hydroxy-TEMPO,10,Et4NClO4,0.1,1.0,2.0,MeCN:EtOAc=7:3,10.0,PENDING,PENDING,PENDING,0.0,52.15711151721167,5.786663735186345,0.009993057309086659,65.59848632876039,2.6525486238337708,0.03353915409476499,1.8701820973954124,0.1708934785306777,3.4001820973954127
1.0,4-hydroxy-TEMPO,10,Et4NClO4,0.1,1.0,2.0,MeCN:EtOAc=6:4,10.0,PENDING,PENDING,PENDING,0.0,52.47430812156403,4.476948064415773,0.0007635713109237982,66.27221075827535,2.1318156721378223,0.018932476744678198,1.8728063007538231,0.14343911755679686,3.402806300753823
1.0,4-hydroxy-TEMPO,10,Et4NClO4,0.1,1.0,2.0,MeCN:EtOAc=5:5,10.0,PENDING,PENDING,PENDING,0.0,53.16552303316055,4.682869334117844,0.002263594658366515,67.60296332593816,2.3670578488103464,0.1264185720633616,1.8542311848394126,0.1471922629606817,3.384231184839413
1.0,4-hydroxy-TEMPO,10,Et4NClO4,0.1,1.0,2.0,MeCN:EtOAc=4:6,10.0,PENDING,PENDING,PENDING,0.0,52.00269088446129,4.919483892323124,0.0017010031105168036,64.77348834231263,2.212493035167012,0.003361968774391464,1.8501071025326767,0.1507198637133709,3.3801071025326768
1.0,4-hydroxy-TEMPO,10,Et4NClO4,0.1,1.0,2.0,MeCN:EtOAc=3:7,10.0,PENDING,PENDING,PENDING,0.0,49.19680865996378,2.962319285931332,5.383384178065052e-10,64.05655021684768,1.4462559991829311,1.2486082590239073e-06,2.001719048276264,0.08363151961560064,3.5317190482762637
1.0,4-hydroxy-TEMPO,10,Et4NClO4,0.1,1.0,2.0,MeCN:EtOAc=2:8,10.0,PENDING,PENDING,PENDING,0.0,51.985775911199006,4.294171525393559,0.00027936292749417696,65.59138392225488,2.0252507216899507,0.005128489119878038,1.8720083694613339,0.13921921387380182,3.402008369461334
1.0,4-hydroxy-TEMPO,10,Et4NClO4,0.1,1.0,1.5,MeCN:EtOAc=7:3,10.0,PENDING,PENDING,PENDING,0.0,52.11612547055962,5.463437789465798,0.005679831030464745,65.5968929674618,2.515219528982027,0.024432803190812313,1.870625063264923,0.16378292313089363,3.400625063264923
1.0,4-hydroxy-TEMPO,10,Et4NClO4,0.1,1.0,1.5,MeCN:EtOAc=6:4,10.0,PENDING,PENDING,PENDING,0.0,52.43645295053763,4.010547547040778,0.00015283672628304927,66.28084250089158,1.9428812236494322,0.010290470350845266,1.8732898287659325,0.1341602391188302,3.4032898287659323
1.0,4-hydroxy-TEMPO,10,Et4NClO4,0.1,1.0,1.5,MeCN:EtOAc=5:5,10.0,PENDING,PENDING,PENDING,0.0,53.13576064993887,4.247313413689589,0.0006760692626924403,67.62666265443107,2.205864745374809,0.09987675468981394,1.8544900040530394,0.13829837374545592,3.3844900040530392
1.0,4-hydroxy-TEMPO,10,Et4NClO4,0.1,1.0,1.5,MeCN:EtOAc=4:6,10.0,PENDING,PENDING,PENDING,0.0,51.95650797683288,4.5136053867924355,0.0005513969349481736,64.76176165886156,2.0334879475769303,0.0014378003111527593,1.8503052865054774,0.14215042148724605,3.3803052865054775
1.0,4-hydroxy-TEMPO,10,Et4NClO4,0.1,1.0,1.5,MeCN:EtOAc=2:8,10.0,PENDING,PENDING,PENDING,0.0,51.93965843121856,3.8023836440342684,3.625569705517759e-05,65.5892486026872,1.823745233866037,0.0019801971330412303,1.872488637566484,0.1295911308200584,3.402488637566484
1.0,4-hydroxy-TEMPO,10,Et4NClO4,0.1,1.0,1.0,MeCN:EtOAc=7:3,10.0,PENDING,PENDING,PENDING,0.0,52.157111517211675,5.786663735186345,0.009993057309086742,65.59848632876039,2.6525486238337708,0.03353915409476499,1.8701820973954124,0.1708934785306777,3.4001820973954127
1.0,4-hydroxy-TEMPO,10,Et4NClO4,0.1,1.0,1.0,MeCN:EtOAc=6:4,10.0,PENDING,PENDING,PENDING,0.0,52.47430812156403,4.476948064415773,0.0007635713109237982,66.27221075827535,2.1318156721378205,0.018932476744678156,1.8728063007538231,0.14343911755679686,3.402806300753823
1.0,4-hydroxy-TEMPO,10,Et4NClO4,0.1,1.0,1.0,MeCN:EtOAc=5:5,10.0,PENDING,PENDING,PENDING,0.0,53.165523033160554,4.682869334117844,0.002263594658366494,67.60296332593818,2.3670578488103464,0.1264185720633632,1.8542311848394126,0.1471922629606817,3.384231184839413
1.0,4-hydroxy-TEMPO,10,Et4NClO4,0.1,1.0,1.0,MeCN:EtOAc=4:6,10.0,PENDING,PENDING,PENDING,0.0,52.00269088446127,4.919483892323124,0.0017010031105168175,64.77348834231263,2.212493035167012,0.003361968774391464,1.8501071025326767,0.1507198637133709,3.3801071025326768
1.0,4-hydroxy-TEMPO,10,Et4NClO4,0.1,1.0,1.0,MeCN:EtOAc=3:7,10.0,PENDING,PENDING,PENDING,0.0,49.19680865996379,2.9623192859313385,5.383384178064159e-10,64.05655021684767,1.4462559991829338,1.2486082590238497e-06,2.001719048276264,0.08363151961560047,3.5317190482762637
1.0,4-hydroxy-TEMPO,10,Et4NClO4,0.1,1.0,1.0,MeCN:EtOAc=2:8,10.0,PENDING,PENDING,PENDING,0.0,51.985775911199006,4.294171525393559,0.00027936292749417696,65.59138392225488,2.0252507216899507,0.005128489119878038,1.8720083694613339,0.13921921387380182,3.402008369461334
1.0,4-hydroxy-TEMPO,10,Et4NClO4,0.05,1.0,2.0,MeCN:EtOAc=7:3,10.0,PENDING,PENDING,PENDING,0.0,52.230254731269184,6.049859079899593,0.01526886137176367,65.3718288437657,2.7670939986200898,0.03450590002472162,1.8614626776794974,0.1771876300966328,3.391462677679497
1.0,4-hydroxy-TEMPO,10,Et4NClO4,0.05,1.0,2.0,MeCN:EtOAc=6:4,10.0,PENDING,PENDING,PENDING,0.0,52.5465726801489,4.7960141744981515,0.0018801021471545679,66.03446553435501,2.269833631928568,0.0210258148050482,1.8638594736393874,0.1504611603342126,3.3938594736393872
1.0,4-hydroxy-TEMPO,10,Et4NClO4,0.05,1.0,2.0,MeCN:EtOAc=5:5,10.0,PENDING,PENDING,PENDING,0.0,53.23539797347702,5.148478427447169,0.006336043330591221,67.32401959279612,2.5885442021864944,0.13738057265593073,1.8449558502740666,0.1571218865060041,3.3749558502740666
1.0,4-hydroxy-TEMPO,10,Et4NClO4,0.05,1.0,2.0,MeCN:EtOAc=4:6,10.0,PENDING,PENDING,PENDING,0.0,52.080161401319685,5.220453573915069,0.0034856367555663667,64.55290058879221,2.3411164626055547,0.004138497023904959,1.8414125430810178,0.15755504395023975,3.371412543081018
1.0,4-hydroxy-TEMPO,10,Et4NClO4,0.05,1.0,2.0,MeCN:EtOAc=3:7,10.0,PENDING,PENDING,PENDING,0.0,49.2965788453573,3.3988345707714798,6.845396403386791e-08,63.851640614421505,1.6508860233596405,1.0455185007638286e-05,1.9922257729376618,0.09550329781973549,3.522225772937662
1.0,4-hydroxy-TEMPO,10,Et4NClO4,0.05,1.0,2.0,MeCN:EtOAc=2:8,10.0,PENDING,PENDING,PENDING,0.0,52.06469603231987,4.670385120856604,0.0009438729752402411,65.35389983943827,2.183572906954625,0.00676213681291854,1.8628429521198286,0.147448138888015,3.3928429521198287
1.0,4-hydroxy-TEMPO,10,Et4NClO4,0.05,1.0,1.5,MeCN:EtOAc=7:3,10.0,PENDING,PENDING,PENDING,0.0,52.19063133209956,5.746796543106817,0.009561486852443762,65.36760913262252,2.637807019952716,0.025872865886113428,1.8617981529091792,0.17045812908260233,3.391798152909179
1.0,4-hydroxy-TEMPO,10,Et4NClO4,0.05,1.0,1.5,MeCN:EtOAc=6:4,10.0,PENDING,PENDING,PENDING,0.0,52.51006968805134,4.370494203499906,0.0005722503174201438,66.04011119848836,2.0959945092856898,0.012551022462768,1.8642299146805974,0.14177660011639,3.394229914680597
1.0,4-hydroxy-TEMPO,10,Et4NClO4,0.05,1.0,1.5,MeCN:EtOAc=5:5,10.0,PENDING,PENDING,PENDING,0.0,53.206973531441896,4.766685920325094,0.002836118190882482,67.34373407443137,2.4468690147354217,0.11380982157476316,1.8450926922817912,0.1490320712899669,3.3750926922817914
1.0,4-hydroxy-TEMPO,10,Et4NClO4,0.05,1.0,1.5,MeCN:EtOAc=4:6,10.0,PENDING,PENDING,PENDING,0.0,52.035543002591055,4.846127996443334,0.0014572917548173227,64.53869347828609,2.175112715962758,0.002017106256564205,1.8415039062608487,0.1495071723482568,3.3715039062608487
1.0,4-hydroxy-TEMPO,10,Et4NClO4,0.05,1.0,1.5,MeCN:EtOAc=3:7,10.0,PENDING,PENDING,PENDING,0.0,49.21683629569593,2.691596782580893,9.892319345007371e-12,63.823260010109465,1.3731471020714003,1.5219422534824882e-07,1.994205281018344,0.07839654739623991,3.524205281018344
1.0,4-hydroxy-TEMPO,10,Et4NClO4,0.05,1.0,1.5,MeCN:EtOAc=2:8,10.0,PENDING,PENDING,PENDING,0.0,52.020170597138296,4.230930482828082,0.000231296825723132,65.34892230244081,2.00116970767145,0.003181057973449232,1.8632046208205941,0.13855691904456938,3.393204620820594
1.0,4-hydroxy-TEMPO,10,Et4NClO4,0.05,1.0,1.0,MeCN:EtOAc=7:3,10.0,PENDING,PENDING,PENDING,0.0,52.23025473126919,6.04985907989959,0.015268861371763656,65.3718288437657,2.7670939986200898,0.03450590002472162,1.861462677679497,0.17718763009663274,3.391462677679497
1.0,4-hydroxy-TEMPO,10,Et4NClO4,0.05,1.0,1.0,MeCN:EtOAc=6:4,10.0,PENDING,PENDING,PENDING,0.0,52.546572680148905,4.7960141744981515,0.0018801021471545748,66.03446553435501,2.269833631928568,0.0210258148050482,1.8638594736393874,0.1504611603342127,3.3938594736393872
1.0,4-hydroxy-TEMPO,10,Et4NClO4,0.05,1.0,1.0,MeCN:EtOAc=5:5,10.0,PENDING,PENDING,PENDING,0.0,53.23539797347702,5.148478427447169,0.006336043330591221,67.32401959279612,2.5885442021864944,0.13738057265593073,1.8449558502740666,0.15712188650600428,3.3749558502740666
1.0,4-hydroxy-TEMPO,10,Et4NClO4,0.05,1.0,1.0,MeCN:EtOAc=4:6,10.0,PENDING,PENDING,PENDING,0.0,52.080161401319685,5.220453573915074,0.0034856367555663875,64.55290058879221,2.341116462605558,0.004138497023905022,1.8414125430810178,0.15755504395023975,3.371412543081018
1.0,4-hydroxy-TEMPO,10,Et4NClO4,0.05,1.0,1.0,MeCN:EtOAc=3:7,10.0,PENDING,PENDING,PENDING,0.0,49.2965788453573,3.3988345707714798,6.845396403386791e-08,63.851640614421505,1.6508860233596405,1.0455185007638286e-05,1.9922257729376618,0.09550329781973549,3.522225772937662
1.0,4-hydroxy-TEMPO,10,Et4NClO4,0.05,1.0,1.0,MeCN:EtOAc=2:8,10.0,PENDING,PENDING,PENDING,0.0,52.06469603231987,4.670385120856604,0.0009438729752402411,65.35389983943827,2.183572906954625,0.00676213681291854,1.8628429521198286,0.147448138888015,3.3928429521198287
1.0,4-hydroxy-TEMPO,10,Et4NBF4,0.2,1.0,2.0,MeCN:EtOAc=7:3,10.0,PENDING,PENDING,PENDING,0.0,54.712929554091076,5.73163702767135,0.03446853121755944,67.48600333237361,2.6736127783435686,0.1737703802504847,1.7694782636569726,0.15373194020361725,3.2994782636569724
1.0,4-hydroxy-TEMPO,10,Et4NBF4,0.2,1.0,2.0,MeCN:EtOAc=6:4,10.0,PENDING,PENDING,PENDING,0.0,55.10213389667304,4.232199247373217,0.003357269522601937,68.21314122244401,2.0330394547838435,0.13278842525512358,1.7700368297947693,0.11492577633941502,3.3000368297947693
1.0,4-hydroxy-TEMPO,10,Et4NBF4,0.2,1.0,2.0,MeCN:EtOAc=5:5,10.0,PENDING,PENDING,PENDING,0.0,55.78184183450864,3.9212102705785066,0.002648614870648467,69.5736015910267,1.883984537330862,0.37747969879249765,1.7519886370758562,0.10738607032700319,3.281988637075856
1.0,4-hydroxy-TEMPO,10,Et4NBF4,0.2,1.0,2.0,MeCN:EtOAc=4:6,10.0,PENDING,PENDING,PENDING,0.0,54.60441406339224,4.722956052469384,0.0068400913248650025,66.65575770981306,2.11676113362407,0.029015216052018344,1.7461331976856356,0.12525066081321756,3.2761331976856356
1.0,4-hydroxy-TEMPO,10,Et4NBF4,0.2,1.0,2.0,MeCN:EtOAc=3:7,10.0,PENDING,PENDING,PENDING,0.0,52.00302900182947,4.876235323552643,0.0015323129445133435,66.0894134505056,2.3680307683867996,0.028834946519123078,1.888773378426463,0.153105095718764,3.4187733784264633
1.0,4-hydroxy-TEMPO,10,Et4NBF4,0.2,1.0,2.0,MeCN:EtOAc=2:8,10.0,PENDING,PENDING,PENDING,0.0,54.67035866838288,4.217321699000122,0.0022855169294913776,67.5855766211104,2.0600582617013314,0.07312143361931989,1.7666580895861677,0.11496007623076672,3.2966580895861677
1.0,4-hydroxy-TEMPO,10,Et4NBF4,0.2,1.0,1.5,MeCN:EtOAc=7:3,10.0,PENDING,PENDING,PENDING,0.0,54.702992249644176,5.404603867920102,0.022442181333609312,67.50986852840451,2.5387449821453125,0.14903800391617328,1.768792656542605,0.14530704046365078,3.298792656542605
1.0,4-hydroxy-TEMPO,10,Et4NBF4,0.2,1.0,1.5,MeCN:EtOAc=6:4,10.0,PENDING,PENDING,PENDING,0.0,55.09715644598454,3.728184544889545,0.0007835181514444008,68.24907798436912,1.831499750021595,0.09678672742465677,1.7693537160443762,0.10212003964698788,3.299353716044376
1.0,4-hydroxy-TEMPO,10,Et4NBF4,0.2,1.0,1.5,MeCN:EtOAc=5:5,10.0,PENDING,PENDING,PENDING,0.0,55.784438218573456,3.3585719815817723,0.00041210516896729964,69.62548866835108,1.6585997735852425,0.3143318462157468,1.7511141982304268,0.09327625781037234,3.281114198230427
1.0,4-hydroxy-TEMPO,10,Et4NBF4,0.2,1.0,1.5,MeCN:EtOAc=4:6,10.0,PENDING,PENDING,PENDING,0.0,54.59019227580084,4.294509801029205,0.0026103094337331136,66.66945953419754,1.9266612457599135,0.016884331631876484,1.7451280004877552,0.11400666861426406,3.275128000487755
1.0,4-hydroxy-TEMPO,10,Et4NBF4,0.2,1.0,1.5,MeCN:EtOAc=3:7,10.0,PENDING,PENDING,PENDING,0.0,51.95906362255735,4.463314010807942,0.00047379215772850973,66.09403116703763,2.206793237965165,0.018911238995441976,1.8894616072055759,0.14470491603149008,3.4194616072055757
1.0,4-hydroxy-TEMPO,10,Et4NBF4,0.2,1.0,1.5,MeCN:EtOAc=2:8,10.0,PENDING,PENDING,PENDING,0.0,54.65845520129956,3.7148577316070464,0.00048131150179566654,67.61234005095557,1.864755053527544,0.04887987511729927,1.7659201564559037,0.10228375962672119,3.295920156455904
1.0,4-hydroxy-TEMPO,10,Et4NBF4,0.2,1.0,1.0,MeCN:EtOAc=7:3,10.0,PENDING,PENDING,PENDING,0.0,54.71292955409107,5.73163702767135,0.03446853121755941,67.48600333237361,2.6736127783435686,0.1737703802504847,1.7694782636569724,0.15373194020361725,3.2994782636569724
1.0,4-hydroxy-TEMPO,10,Et4NBF4,0.2,1.0,1.0,MeCN:EtOAc=6:4,10.0,PENDING,PENDING,PENDING,0.0,55.102133896673024,4.2321992473732255,0.0033572695226019786,68.21314122244401,2.0330394547838457,0.13278842525512397,1.7700368297947693,0.11492577633941502,3.3000368297947693
1.0,4-hydroxy-TEMPO,10,Et4NBF4,0.2,1.0,1.0,MeCN:EtOAc=5:5,10.0,PENDING,PENDING,PENDING,0.0,55.78184183450864,3.9212102705785066,0.002648614870648467,69.5736015910267,1.883984537330862,0.37747969879249765,1.7519886370758562,0.10738607032700319,3.281988637075856
1.0,4-hydroxy-TEMPO,10,Et4NBF4,0.2,1.0,1.0,MeCN:EtOAc=4:6,10.0,PENDING,PENDING,PENDING,0.0,54.604414063392234,4.722956052469371,0.006840091324864794,66.65575770981306,2.11676113362407,0.029015216052018344,1.7461331976856354,0.12525066081321767,3.2761331976856356
1.0,4-hydroxy-TEMPO,10,Et4NBF4,0.2,1.0,1.0,MeCN:EtOAc=3:7,10.0,PENDING,PENDING,PENDING,0.0,52.00302900182947,4.876235323552639,0.0015323129445133608,66.0894134505056,2.3680307683868014,0.02883494651912316,1.888773378426463,0.15310509571876407,3.4187733784264633
1.0,4-hydroxy-TEMPO,10,Et4NBF4,0.2,1.0,1.0,MeCN:EtOAc=2:8,10.0,PENDING,PENDING,PENDING,0.0,54.67035866838288,4.217321699000122,0.0022855169294913776,67.5855766211104,2.0600582617013274,0.07312143361931922,1.7666580895861679,0.11496007623076683,3.2966580895861677
1.0,4-hydroxy-TEMPO,10,Et4NBF4,0.1,1.0,2.0,MeCN:EtOAc=7:3,10.0,PENDING,PENDING,PENDING,0.0,54.78974256177655,5.467456974597457,0.02560297944424103,67.04203302491487,2.4452295285906644,0.0869006664552785,1.7472678404146147,0.14532082212648484,3.2772678404146145
1.0,4-hydroxy-TEMPO,10,Et4NBF4,0.1,1.0,2.0,MeCN:EtOAc=6:4,10.0,PENDING,PENDING,PENDING,0.0,55.19583883467814,3.651593722000221,0.0006634662907571073,67.79973342185451,1.6118587221184166,0.03130228145613079,1.7472467342678408,0.09677916843835214,3.277246734267841
1.0,4-hydroxy-TEMPO,10,Et4NBF4,0.1,1.0,2.0,MeCN:EtOAc=5:5,10.0,PENDING,PENDING,PENDING,0.0,55.90437792276398,3.9296890341805075,0.003010072676501087,69.12795789694245,1.8765238502193469,0.2542500471813023,1.7270734594272763,0.10410741541309818,3.2570734594272763
1.0,4-hydroxy-TEMPO,10,Et4NBF4,0.1,1.0,2.0,MeCN:EtOAc=4:6,10.0,PENDING,PENDING,PENDING,0.0,54.67170531398899,4.306527418573425,0.0028688319037828286,66.17509908762159,1.7114370438917275,0.003153133042762029,1.7224855877866574,0.11109702960814252,3.2524855877866576
1.0,4-hydroxy-TEMPO,10,Et4NBF4,0.1,1.0,2.0,MeCN:EtOAc=3:7,10.0,PENDING,PENDING,PENDING,0.0,51.985775911199006,4.294171525393559,0.00027936292749417696,65.59138392225486,2.025250721689947,0.005128489119877844,1.8720083694613339,0.13921921387380182,3.402008369461334
1.0,4-hydroxy-TEMPO,10,Et4NBF4,0.1,1.0,2.0,MeCN:EtOAc=2:8,10.0,PENDING,PENDING,PENDING,0.0,54.74825300681625,3.8271396982123385,0.0007772052014077043,67.12154077057968,1.7208824358185213,0.016116143164749977,1.7430223836710634,0.10264121962975822,3.2730223836710635
1.0,4-hydroxy-TEMPO,10,Et4NBF4,0.1,1.0,1.5,MeCN:EtOAc=7:3,10.0,PENDING,PENDING,PENDING,0.0,54.780086751656185,5.119321400863742,0.01535358123083104,67.06098301631617,2.2911893997799373,0.0669983833292184,1.7462445500359576,0.13623043679699542,3.2762445500359574
1.0,4-hydroxy-TEMPO,10,Et4NBF4,0.1,1.0,1.5,MeCN:EtOAc=6:4,10.0,PENDING,PENDING,PENDING,0.0,55.19177490197842,3.0350526254978263,4.0378124146213694e-05,67.8324950206078,1.3329585832837065,0.011281682998499055,1.7462056256142229,0.08058432764982572,3.2762056256142227
1.0,4-hydroxy-TEMPO,10,Et4NBF4,0.1,1.0,1.5,MeCN:EtOAc=5:5,10.0,PENDING,PENDING,PENDING,0.0,55.90851179958525,3.3782853591637574,0.0005123829151856924,69.17423810748606,1.6535233076205351,0.19814267882387576,1.7257660249928568,0.08961654142933063,3.255766024992857
1.0,4-hydroxy-TEMPO,10,Et4NBF4,0.1,1.0,1.5,MeCN:EtOAc=4:6,10.0,PENDING,PENDING,PENDING,0.0,54.65712151963138,3.8231293835166706,0.0007021558228951629,66.18300484053749,1.4555354182529443,0.000627086779050507,1.7210960683386387,0.09791393610358871,3.2510960683386387
1.0,4-hydroxy-TEMPO,10,Et4NBF4,0.1,1.0,1.5,MeCN:EtOAc=3:7,10.0,PENDING,PENDING,PENDING,0.0,51.93965843121856,3.802383644034263,3.625569705517802e-05,65.5892486026872,1.823745233866037,0.0019801971330412303,1.8724886375664842,0.1295911308200584,3.402488637566484
1.0,4-hydroxy-TEMPO,10,Et4NBF4,0.1,1.0,1.5,MeCN:EtOAc=2:8,10.0,PENDING,PENDING,PENDING,0.0,54.73660866875987,3.257900967643933,7.342730772631496e-05,67.14314444514984,1.4708322015245692,0.005671659478804721,1.7418934821321337,0.08796502084278869,3.2718934821321337
1.0,4-hydroxy-TEMPO,10,Et4NBF4,0.1,1.0,1.0,MeCN:EtOAc=7:3,10.0,PENDING,PENDING,PENDING,0.0,54.78974256177655,5.46745697459745,0.02560297944424081,67.04203302491487,2.4452295285906644,0.0869006664552785,1.7472678404146147,0.14532082212648484,3.2772678404146145
1.0,4-hydroxy-TEMPO,10,Et4NBF4,0.1,1.0,1.0,MeCN:EtOAc=6:4,10.0,PENDING,PENDING,PENDING,0.0,55.195838834678135,3.6515937220002046,0.0006634662907570657,67.79973342185451,1.6118587221184166,0.03130228145613079,1.7472467342678408,0.09677916843835214,3.277246734267841
1.0,4-hydroxy-TEMPO,10,Et4NBF4,0.1,1.0,1.0,MeCN:EtOAc=5:5,10.0,PENDING,PENDING,PENDING,0.0,55.90437792276399,3.929689034180502,0.0030100726765010764,69.12795789694245,1.8765238502193449,0.25425004718130173,1.7270734594272763,0.10410741541309818,3.2570734594272763
1.0,4-hydroxy-TEMPO,10,Et4NBF4,0.1,1.0,1.0,MeCN:EtOAc=4:6,10.0,PENDING,PENDING,PENDING,0.0,54.67170531398899,4.306527418573425,0.0028688319037828286,66.17509908762158,1.7114370438917275,0.0031531330427619422,1.7224855877866576,0.11109702960814265,3.2524855877866576
1.0,4-hydroxy-TEMPO,10,Et4NBF4,0.1,1.0,1.0,MeCN:EtOAc=3:7,10.0,PENDING,PENDING,PENDING,0.0,51.985775911199006,4.294171525393559,0.00027936292749417696,65.59138392225488,2.0252507216899507,0.005128489119878038,1.8720083694613339,0.13921921387380182,3.402008369461334
1.0,4-hydroxy-TEMPO,10,Et4NBF4,0.1,1.0,1.0,MeCN:EtOAc=2:8,10.0,PENDING,PENDING,PENDING,0.0,54.74825300681625,3.8271396982123385,0.0007772052014077043,67.12154077057968,1.7208824358185213,0.016116143164749977,1.7430223836710634,0.10264121962975822,3.2730223836710635
1.0,4-hydroxy-TEMPO,10,Et4NBF4,0.05,1.0,2.0,MeCN:EtOAc=7:3,10.0,PENDING,PENDING,PENDING,0.0,54.844925205430705,5.820682361076898,0.04076690065923069,66.78525357821512,2.5893655760550023,0.08793719392199062,1.738659199041805,0.15501556221781956,3.268659199041805
1.0,4-hydroxy-TEMPO,10,Et4NBF4,0.05,1.0,2.0,MeCN:EtOAc=6:4,10.0,PENDING,PENDING,PENDING,0.0,55.2487340844914,4.150679540949725,0.0030848167258173097,67.52889672044942,1.8238603972778902,0.03957363385817425,1.7384031805173434,0.11038625610438374,3.2684031805173435
1.0,4-hydroxy-TEMPO,10,Et4NBF4,0.05,1.0,2.0,MeCN:EtOAc=5:5,10.0,PENDING,PENDING,PENDING,0.0,55.95522688455986,4.607010752734912,0.013482788748908167,68.81237789049781,2.1967981430545542,0.27918611291415724,1.7177927827192545,0.1220553616274886,3.2477927827192543
1.0,4-hydroxy-TEMPO,10,Et4NBF4,0.05,1.0,2.0,MeCN:EtOAc=4:6,10.0,PENDING,PENDING,PENDING,0.0,54.73114236568424,4.745369605944631,0.007777091078752699,65.92487098549344,1.9057820560538459,0.005174318739663661,1.713949992026119,0.12326645971156873,3.243949992026119
1.0,4-hydroxy-TEMPO,10,Et4NBF4,0.05,1.0,2.0,MeCN:EtOAc=3:7,10.0,PENDING,PENDING,PENDING,0.0,52.06469603231989,4.670385120856604,0.0009438729752402723,65.35389983943827,2.183572906954627,0.006762136812918575,1.8628429521198289,0.147448138888015,3.392842952119829
1.0,4-hydroxy-TEMPO,10,Et4NBF4,0.05,1.0,2.0,MeCN:EtOAc=2:8,10.0,PENDING,PENDING,PENDING,0.0,54.80751537252327,4.3579963600491025,0.003608866876297828,66.8501283208738,1.9346670161772206,0.022144551874291138,1.733961515887773,0.11704490561142857,3.263961515887773
1.0,4-hydroxy-TEMPO,10,Et4NBF4,0.05,1.0,1.5,MeCN:EtOAc=7:3,10.0,PENDING,PENDING,PENDING,0.0,54.83623474840707,5.502678551686736,0.02748310707624471,66.8007201942818,2.4471535228305505,0.06983235371947694,1.7375274915981151,0.14673230264533627,3.2675274915981154
1.0,4-hydroxy-TEMPO,10,Et4NBF4,0.05,1.0,1.5,MeCN:EtOAc=6:4,10.0,PENDING,PENDING,PENDING,0.0,55.24552552370291,3.632017365986321,0.0006511515251477421,67.55750057443979,1.5873536584752352,0.019771937636341497,1.7372468011970887,0.09681753517960323,3.2672468011970888
1.0,4-hydroxy-TEMPO,10,Et4NBF4,0.05,1.0,1.5,MeCN:EtOAc=5:5,10.0,PENDING,PENDING,PENDING,0.0,55.96026785104443,4.164123924477174,0.005589365345673308,68.8534257334846,2.017357425738157,0.23565214546636715,1.7163533774860018,0.11039805458528502,3.2463533774860016
1.0,4-hydroxy-TEMPO,10,Et4NBF4,0.05,1.0,1.5,MeCN:EtOAc=4:6,10.0,PENDING,PENDING,PENDING,0.0,54.71775688182238,4.321431307178165,0.0030849461655695527,65.92944549265282,1.683843371669459,0.0017030149070382094,1.7124551744485452,0.11179779030737672,3.242455174448545
1.0,4-hydroxy-TEMPO,10,Et4NBF4,0.05,1.0,1.5,MeCN:EtOAc=3:7,10.0,PENDING,PENDING,PENDING,0.0,52.0201705971383,4.230930482828082,0.00023129682572313372,65.34892230244081,2.00116970767145,0.003181057973449232,1.8632046208205941,0.13855691904456927,3.393204620820594
1.0,4-hydroxy-TEMPO,10,Et4NBF4,0.05,1.0,1.5,MeCN:EtOAc=2:8,10.0,PENDING,PENDING,PENDING,0.0,54.79698899018794,3.880357512447326,0.0009677678991776642,66.86774525605784,1.7204432513292314,0.010787890390188418,1.7327110709565856,0.1047432511621555,3.262711070956586
1.0,4-hydroxy-TEMPO,10,Et4NBF4,0.05,1.0,1.0,MeCN:EtOAc=7:3,10.0,PENDING,PENDING,PENDING,0.0,54.844925205430705,5.820682361076898,0.04076690065923069,66.78525357821512,2.5893655760550023,0.08793719392199062,1.738659199041805,0.15501556221781956,3.268659199041805
1.0,4-hydroxy-TEMPO,10,Et4NBF4,0.05,1.0,1.0,MeCN:EtOAc=6:4,10.0,PENDING,PENDING,PENDING,0.0,55.2487340844914,4.150679540949725,0.0030848167258173097,67.52889672044942,1.8238603972778902,0.03957363385817425,1.7384031805173434,0.11038625610438374,3.2684031805173435
1.0,4-hydroxy-TEMPO,10,Et4NBF4,0.05,1.0,1.0,MeCN:EtOAc=5:5,10.0,PENDING,PENDING,PENDING,0.0,55.95522688455986,4.607010752734912,0.013482788748908167,68.81237789049781,2.196798143054553,0.27918611291415696,1.717792782719255,0.12205536162748871,3.247792782719255
1.0,4-hydroxy-TEMPO,10,Et4NBF4,0.05,1.0,1.0,MeCN:EtOAc=4:6,10.0,PENDING,PENDING,PENDING,0.0,54.73114236568424,4.745369605944631,0.007777091078752699,65.92487098549346,1.9057820560538479,0.0051743187396638066,1.7139499920261188,0.12326645971156873,3.243949992026119
1.0,4-hydroxy-TEMPO,10,Et4NBF4,0.05,1.0,1.0,MeCN:EtOAc=3:7,10.0,PENDING,PENDING,PENDING,0.0,52.06469603231989,4.670385120856604,0.0009438729752402723,65.35389983943827,2.183572906954627,0.006762136812918575,1.8628429521198289,0.147448138888015,3.392842952119829
1.0,4-hydroxy-TEMPO,10,Et4NBF4,0.05,1.0,1.0,MeCN:EtOAc=2:8,10.0,PENDING,PENDING,PENDING,0.0,54.80751537252327,4.3579963600491025,0.003608866876297828,66.8501283208738,1.9346670161772206,0.022144551874291138,1.7339615158877735,0.11704490561142869,3.2639615158877735
1.0,4-hydroxy-TEMPO,5,n-Bu4NOAc,0.2,1.0,2.0,MeCN:EtOAc=7:3,10.0,PENDING,PENDING,PENDING,0.0,54.82801226909455,14.283712966997795,1.5845231458389808,66.55798494544723,6.369914075564545,1.041877807338692,1.8126775122252856,0.37739127677953477,3.3426775122252854
1.0,4-hydroxy-TEMPO,5,n-Bu4NOAc,0.2,1.0,2.0,MeCN:EtOAc=6:4,10.0,PENDING,PENDING,PENDING,0.0,54.98566069896395,14.190829265315593,1.5900322329833525,66.81849244414911,6.329747905973382,1.0999203872380983,1.8131659899813997,0.37500607547744386,3.3431659899814
1.0,4-hydroxy-TEMPO,5,n-Bu4NOAc,0.2,1.0,2.0,MeCN:EtOAc=5:5,10.0,PENDING,PENDING,PENDING,0.0,55.263251445986164,14.155822496436205,1.636504948454157,67.38911900079562,6.3067666549814305,1.2606207739937485,1.8060027602806485,0.37406967053359425,3.336002760280649
1.0,4-hydroxy-TEMPO,5,n-Bu4NOAc,0.2,1.0,2.0,MeCN:EtOAc=4:6,10.0,PENDING,PENDING,PENDING,0.0,54.825221321595194,14.2062365617709,1.5623875944267893,66.22686151821236,6.334286204630105,0.9446031533310688,1.8038765973811692,0.3753034251485065,3.3338765973811695
1.0,4-hydroxy-TEMPO,5,n-Bu4NOAc,0.2,1.0,2.0,MeCN:EtOAc=3:7,10.0,PENDING,PENDING,PENDING,0.0,53.74918339468054,14.232957763117813,1.3677192609560849,66.02094666010615,6.348764805480829,0.8986886232012561,1.8615082308028088,0.37740491687104005,3.391508230802809
1.0,4-hydroxy-TEMPO,5,n-Bu4NOAc,0.2,1.0,2.0,MeCN:EtOAc=2:8,10.0,PENDING,PENDING,PENDING,0.0,54.83195533330838,14.174105334005446,1.5547906004525873,66.58612567675596,6.322140666246631,1.0336823427655555,1.8122033643749853,0.3745099680210322,3.3422033643749853
1.0,4-hydroxy-TEMPO,5,n-Bu4NOAc,0.2,1.0,1.5,MeCN:EtOAc=7:3,10.0,PENDING,PENDING,PENDING,0.0,54.82902531652047,14.25691315438523,1.577248751855565,66.56491456526689,6.35823117284966,1.0398864355903332,1.812560699679717,0.37668677743430107,3.342560699679717
1.0,4-hydroxy-TEMPO,5,n-Bu4NOAc,0.2,1.0,1.5,MeCN:EtOAc=6:4,10.0,PENDING,PENDING,PENDING,0.0,54.98778589562403,14.162611374328998,1.582549590097512,66.82740895844341,6.3174431639079955,1.0982757512094823,1.813052251149216,0.3742649735023187,3.3430522511492162
1.0,4-hydroxy-TEMPO,5,n-Bu4NOAc,0.2,1.0,1.5,MeCN:EtOAc=5:5,10.0,PENDING,PENDING,PENDING,0.0,55.26734904132089,14.127001300984622,1.6291496777858079,67.40214346330298,6.294059405662087,1.2601827647570665,1.8058391045997595,0.3733126744801812,3.3358391045997595
1.0,4-hydroxy-TEMPO,5,n-Bu4NOAc,0.2,1.0,1.5,MeCN:EtOAc=4:6,10.0,PENDING,PENDING,PENDING,0.0,54.82603957815485,14.178317054551073,1.5547930420481486,66.23141561913263,6.322058645292899,0.941856524449731,1.8036949887563654,0.37456825216122985,3.333694988756365
1.0,4-hydroxy-TEMPO,5,n-Bu4NOAc,0.2,1.0,1.5,MeCN:EtOAc=3:7,10.0,PENDING,PENDING,PENDING,0.0,53.742412401562845,14.205405006290182,1.35935236080042,66.0239316280954,6.336775713547001,0.8956772961037942,1.8617356451199176,0.3767029625580157,3.3917356451199177
1.0,4-hydroxy-TEMPO,5,n-Bu4NOAc,0.2,1.0,1.5,MeCN:EtOAc=2:8,10.0,PENDING,PENDING,PENDING,0.0,54.83289383788051,14.14567354239199,1.5470869491986847,66.59334020957425,6.309751957130598,1.0315348608195982,1.8120819030851323,0.3737625681798968,3.3420819030851323
1.0,4-hydroxy-TEMPO,5,n-Bu4NOAc,0.2,1.0,1.0,MeCN:EtOAc=7:3,10.0,PENDING,PENDING,PENDING,0.0,54.82801226909455,14.283712966997795,1.5845231458389808,66.55798494544723,6.369914075564545,1.041877807338692,1.8126775122252856,0.37739127677953477,3.3426775122252854
1.0,4-hydroxy-TEMPO,5,n-Bu4NOAc,0.2,1.0,1.0,MeCN:EtOAc=6:4,10.0,PENDING,PENDING,PENDING,0.0,54.98566069896395,14.190829265315593,1.5900322329833525,66.81849244414911,6.329747905973382,1.0999203872380983,1.8131659899813997,0.37500607547744386,3.3431659899814
1.0,4-hydroxy-TEMPO,5,n-Bu4NOAc,0.2,1.0,1.0,MeCN:EtOAc=5:5,10.0,PENDING,PENDING,PENDING,0.0,55.26325144598617,14.155822496436205,1.6365049484541592,67.38911900079562,6.3067666549814305,1.2606207739937485,1.8060027602806483,0.3740696705335942,3.3360027602806483
1.0,4-hydroxy-TEMPO,5,n-Bu4NOAc,0.2,1.0,1.0,MeCN:EtOAc=4:6,10.0,PENDING,PENDING,PENDING,0.0,54.82522132159519,14.2062365617709,1.5623875944267867,66.22686151821236,6.3342862046301045,0.9446031533310686,1.8038765973811692,0.3753034251485064,3.3338765973811695
1.0,4-hydroxy-TEMPO,5,n-Bu4NOAc,0.2,1.0,1.0,MeCN:EtOAc=3:7,10.0,PENDING,PENDING,PENDING,0.0,53.74918339468054,14.232957763117813,1.3677192609560849,66.02094666010615,6.348764805480829,0.8986886232012561,1.8615082308028088,0.37740491687104005,3.391508230802809
1.0,4-hydroxy-TEMPO,5,n-Bu4NOAc,0.2,1.0,1.0,MeCN:EtOAc=2:8,10.0,PENDING,PENDING,PENDING,0.0,54.83195533330838,14.174105334005446,1.5547906004525873,66.58612567675596,6.322140666246631,1.0336823427655555,1.8122033643749853,0.3745099680210322,3.3422033643749853
1.0,4-hydroxy-TEMPO,5,n-Bu4NOAc,0.1,1.0,2.0,MeCN:EtOAc=7:3,10.0,PENDING,PENDING,PENDING,0.0,54.871374197880215,14.280452971021685,1.5922588368824435,66.3703968952735,6.363303056352019,0.9903699906436094,1.8044706116328944,0.3772962230643823,3.334470611632894
1.0,4-hydroxy-TEMPO,5,n-Bu4NOAc,0.1,1.0,2.0,MeCN:EtOAc=6:4,10.0,PENDING,PENDING,PENDING,0.0,55.03265495823061,14.181924647161944,1.596976179020614,66.63519820474274,6.320361436272426,1.0463045538128262,1.8048524265999075,0.3747317963821459,3.3348524265999075
1.0,4-hydroxy-TEMPO,5,n-Bu4NOAc,0.1,1.0,2.0,MeCN:EtOAc=5:5,10.0,PENDING,PENDING,PENDING,0.0,55.31704709637032,14.168233228119746,1.6511340572417166,67.20284237490709,6.31391864069292,1.2061608852384982,1.7972625236269055,0.37435937033357114,3.3272625236269056
1.0,4-hydroxy-TEMPO,5,n-Bu4NOAc,0.1,1.0,2.0,MeCN:EtOAc=4:6,10.0,PENDING,PENDING,PENDING,0.0,54.86855760369779,14.19932673096072,1.5690468575747705,66.03085478753323,6.324353782234996,0.8934773283136557,1.7953841691682406,0.3750731737834016,3.325384169168241
1.0,4-hydroxy-TEMPO,5,n-Bu4NOAc,0.1,1.0,2.0,MeCN:EtOAc=3:7,10.0,PENDING,PENDING,PENDING,0.0,53.77131520859244,14.218942374948588,1.368005336445476,65.82272263979793,6.3385355164718025,0.8489112146186724,1.8546059091119278,0.3769756907482002,3.3846059091119276
1.0,4-hydroxy-TEMPO,5,n-Bu4NOAc,0.1,1.0,2.0,MeCN:EtOAc=2:8,10.0,PENDING,PENDING,PENDING,0.0,54.8763647238124,14.171071935188825,1.5627261449377263,66.39307931724996,6.315230425886706,0.9806914514858747,1.8037403779295007,0.374420483943824,3.3337403779295007
1.0,4-hydroxy-TEMPO,5,n-Bu4NOAc,0.1,1.0,1.5,MeCN:EtOAc=7:3,10.0,PENDING,PENDING,PENDING,0.0,54.87264622047368,14.253705453697249,1.58503350858894,66.3759824085664,6.351546845654895,0.9880126875903581,1.80429082946234,0.37659300217261776,3.33429082946234
1.0,4-hydroxy-TEMPO,5,n-Bu4NOAc,0.1,1.0,1.5,MeCN:EtOAc=6:4,10.0,PENDING,PENDING,PENDING,0.0,55.03507577314847,14.153661786483912,1.5895234481184866,66.642818662659,6.307933194920482,1.0442527406437812,1.804674532765193,0.3739888874939201,3.334674532765193
1.0,4-hydroxy-TEMPO,5,n-Bu4NOAc,0.1,1.0,1.5,MeCN:EtOAc=5:5,10.0,PENDING,PENDING,PENDING,0.0,55.321509638769314,14.139746408215004,1.6439243283481813,67.21452818854188,6.301379918525576,1.2053116520725138,1.7970301999102907,0.373610556270128,3.3270301999102907
1.0,4-hydroxy-TEMPO,5,n-Bu4NOAc,0.1,1.0,1.5,MeCN:EtOAc=4:6,10.0,PENDING,PENDING,PENDING,0.0,54.86962823445265,14.171401853610602,1.561483955301016,66.03397906547353,6.311994095199575,0.8903862510291494,1.7951365602435356,0.37433705091881975,3.3251365602435357
1.0,4-hydroxy-TEMPO,5,n-Bu4NOAc,0.1,1.0,1.5,MeCN:EtOAc=3:7,10.0,PENDING,PENDING,PENDING,0.0,53.764586577050366,14.191256156787647,1.3596058425600352,65.82425235702583,6.326410444873614,0.845580506379848,1.8547834628484074,0.3762692369988874,3.3847834628484073
1.0,4-hydroxy-TEMPO,5,n-Bu4NOAc,0.1,1.0,1.5,MeCN:EtOAc=2:8,10.0,PENDING,PENDING,PENDING,0.0,54.87756996264675,14.14270443054244,1.555073997587947,66.39889450525841,6.302764358918716,0.9781650511883402,1.8035531047769269,0.3736746765967479,3.333553104776927
1.0,4-hydroxy-TEMPO,5,n-Bu4NOAc,0.1,1.0,1.0,MeCN:EtOAc=7:3,10.0,PENDING,PENDING,PENDING,0.0,54.87137419788022,14.280452971021685,1.5922588368824444,66.3703968952735,6.363303056352019,0.9903699906436094,1.8044706116328944,0.3772962230643823,3.334470611632894
1.0,4-hydroxy-TEMPO,5,n-Bu4NOAc,0.1,1.0,1.0,MeCN:EtOAc=6:4,10.0,PENDING,PENDING,PENDING,0.0,55.03265495823061,14.181924647161944,1.596976179020614,66.63519820474274,6.320361436272426,1.0463045538128262,1.8048524265999075,0.3747317963821459,3.3348524265999075
1.0,4-hydroxy-TEMPO,5,n-Bu4NOAc,0.1,1.0,1.0,MeCN:EtOAc=5:5,10.0,PENDING,PENDING,PENDING,0.0,55.31704709637032,14.168233228119746,1.6511340572417166,67.20284237490709,6.31391864069292,1.2061608852384982,1.7972625236269055,0.37435937033357114,3.3272625236269056
1.0,4-hydroxy-TEMPO,5,n-Bu4NOAc,0.1,1.0,1.0,MeCN:EtOAc=4:6,10.0,PENDING,PENDING,PENDING,0.0,54.86855760369779,14.19932673096072,1.5690468575747705,66.03085478753323,6.324353782234996,0.8934773283136557,1.7953841691682406,0.3750731737834016,3.325384169168241
1.0,4-hydroxy-TEMPO,5,n-Bu4NOAc,0.1,1.0,1.0,MeCN:EtOAc=3:7,10.0,PENDING,PENDING,PENDING,0.0,53.77131520859244,14.218942374948588,1.368005336445476,65.82272263979793,6.3385355164718025,0.8489112146186724,1.8546059091119278,0.3769756907482002,3.3846059091119276
1.0,4-hydroxy-TEMPO,5,n-Bu4NOAc,0.1,1.0,1.0,MeCN:EtOAc=2:8,10.0,PENDING,PENDING,PENDING,0.0,54.87636472381241,14.171071935188825,1.5627261449377277,66.39307931724996,6.315230425886705,0.9806914514858738,1.8037403779295005,0.374420483943824,3.3337403779295007
1.0,4-hydroxy-TEMPO,5,n-Bu4NOAc,0.05,1.0,2.0,MeCN:EtOAc=7:3,10.0,PENDING,PENDING,PENDING,0.0,54.890144729525815,14.322127954965008,1.6076982892453016,66.26553438359522,6.382425735928833,0.9696927120731129,1.8008263860236908,0.3784997709546319,3.330826386023691
1.0,4-hydroxy-TEMPO,5,n-Bu4NOAc,0.05,1.0,2.0,MeCN:EtOAc=6:4,10.0,PENDING,PENDING,PENDING,0.0,55.05095249772737,14.22339800864621,1.6123463521518127,66.52784538856595,6.33950537214723,1.0238451459205165,1.8011520047823135,0.37592160216550674,3.3311520047823135
1.0,4-hydroxy-TEMPO,5,n-Bu4NOAc,0.05,1.0,2.0,MeCN:EtOAc=5:5,10.0,PENDING,PENDING,PENDING,0.0,55.33467318648333,14.220057409925172,1.6696172294260911,67.08486312085019,6.340858309861187,1.1803499997244455,1.7934717589220963,0.37582193066326075,3.3234717589220963
1.0,4-hydroxy-TEMPO,5,n-Bu4NOAc,0.05,1.0,2.0,MeCN:EtOAc=4:6,10.0,PENDING,PENDING,PENDING,0.0,54.88770261705342,14.241201292100616,1.5845415372235814,65.92743828469992,6.343115553518319,0.874698286067944,1.7917473362428091,0.3762724911624633,3.321747336242809
1.0,4-hydroxy-TEMPO,5,n-Bu4NOAc,0.05,1.0,2.0,MeCN:EtOAc=3:7,10.0,PENDING,PENDING,PENDING,0.0,53.79536396520249,14.257104693592371,1.3822570171099335,65.72181771823688,6.356741770191878,0.8313887671984499,1.8508245053310113,0.3780384133883287,3.3808245053310113
1.0,4-hydroxy-TEMPO,5,n-Bu4NOAc,0.05,1.0,2.0,MeCN:EtOAc=2:8,10.0,PENDING,PENDING,PENDING,0.0,54.89577440281756,14.215371730972672,1.578933603395515,66.28503939413919,6.335509171427603,0.9596215838905686,1.7999872754962911,0.3756992404680324,3.329987275496291
1.0,4-hydroxy-TEMPO,5,n-Bu4NOAc,0.05,1.0,1.5,MeCN:EtOAc=7:3,10.0,PENDING,PENDING,PENDING,0.0,54.89157366221704,14.296017254933425,1.600660543719591,66.27033815038332,6.370950326789359,0.9672371263832598,1.8006198096588228,0.3778148007560245,3.330619809658823
1.0,4-hydroxy-TEMPO,5,n-Bu4NOAc,0.05,1.0,1.5,MeCN:EtOAc=6:4,10.0,PENDING,PENDING,PENDING,0.0,55.05352569949154,14.195774812167992,1.605082290568617,66.53465715270879,6.3273609960935016,1.0216720891124493,1.8009467265989332,0.37519689896978714,3.330946726598933
1.0,4-hydroxy-TEMPO,5,n-Bu4NOAc,0.05,1.0,1.5,MeCN:EtOAc=5:5,10.0,PENDING,PENDING,PENDING,0.0,55.339281937376285,14.192393070502057,1.6626506362260556,67.09562876680017,6.328739627627903,1.1793453473213789,1.7932110407898092,0.37509610530526244,3.3232110407898094
1.0,4-hydroxy-TEMPO,5,n-Bu4NOAc,0.05,1.0,1.5,MeCN:EtOAc=4:6,10.0,PENDING,PENDING,PENDING,0.0,54.88893579049341,14.213921733402472,1.577166960450517,65.92979544544737,6.331032998906354,0.8715370664061068,1.7914730092740139,0.37555469625059934,3.3214730092740137
1.0,4-hydroxy-TEMPO,5,n-Bu4NOAc,0.05,1.0,1.5,MeCN:EtOAc=3:7,10.0,PENDING,PENDING,PENDING,0.0,53.7888462865539,14.229998998148595,1.374011609135915,65.72260716302186,6.344883277731211,0.8280022869055723,1.8509739705959933,0.37734778751064846,3.3809739705959934
1.0,4-hydroxy-TEMPO,5,n-Bu4NOAc,0.05,1.0,1.5,MeCN:EtOAc=2:8,10.0,PENDING,PENDING,PENDING,0.0,54.89714433448532,14.187693887093898,1.5714810073690013,66.29003878767456,6.32334628264254,0.9569973618765917,1.7997720604878102,0.37497318684720415,3.3297720604878105
1.0,4-hydroxy-TEMPO,5,n-Bu4NOAc,0.05,1.0,1.0,MeCN:EtOAc=7:3,10.0,PENDING,PENDING,PENDING,0.0,54.890144729525815,14.322127954965008,1.6076982892453016,66.26553438359522,6.382425735928833,0.9696927120731129,1.8008263860236917,0.37849977095463183,3.3308263860236917
1.0,4-hydroxy-TEMPO,5,n-Bu4NOAc,0.05,1.0,1.0,MeCN:EtOAc=6:4,10.0,PENDING,PENDING,PENDING,0.0,55.05095249772737,14.22339800864621,1.6123463521518127,66.52784538856595,6.339505372147232,1.0238451459205178,1.8011520047823135,0.37592160216550674,3.3311520047823135
1.0,4-hydroxy-TEMPO,5,n-Bu4NOAc,0.05,1.0,1.0,MeCN:EtOAc=5:5,10.0,PENDING,PENDING,PENDING,0.0,55.33467318648333,14.22005740992517,1.6696172294260907,67.08486312085019,6.340858309861187,1.1803499997244455,1.7934717589220963,0.37582193066326075,3.3234717589220963
1.0,4-hydroxy-TEMPO,5,n-Bu4NOAc,0.05,1.0,1.0,MeCN:EtOAc=4:6,10.0,PENDING,PENDING,PENDING,0.0,54.88770261705342,14.241201292100616,1.5845415372235814,65.92743828469993,6.343115553518318,0.8746982860679475,1.7917473362428091,0.3762724911624633,3.321747336242809
1.0,4-hydroxy-TEMPO,5,n-Bu4NOAc,0.05,1.0,1.0,MeCN:EtOAc=3:7,10.0,PENDING,PENDING,PENDING,0.0,53.795363965202505,14.257104693592371,1.3822570171099366,65.72181771823688,6.356741770191878,0.8313887671984499,1.8508245053310113,0.3780384133883287,3.3808245053310113
1.0,4-hydroxy-TEMPO,5,n-Bu4NOAc,0.05,1.0,1.0,MeCN:EtOAc=2:8,10.0,PENDING,PENDING,PENDING,0.0,54.89577440281755,14.215371730972668,1.5789336033955137,66.28503939413919,6.335509171427602,0.959621583890568,1.7999872754962913,0.3756992404680324,3.3299872754962916
1.0,4-hydroxy-TEMPO,5,n-Bu4NClO4,0.2,1.0,2.0,MeCN:EtOAc=7:3,10.0,PENDING,PENDING,PENDING,0.0,56.594758017458794,14.35313319379741,1.9890495874535299,66.40886687205497,6.381506401478816,1.0062493458845494,1.7879548110975203,0.37847401325240376,3.31795481109752
1.0,4-hydroxy-TEMPO,5,n-Bu4NClO4,0.2,1.0,2.0,MeCN:EtOAc=6:4,10.0,PENDING,PENDING,PENDING,0.0,56.780297309455904,14.243256023214034,1.9991566353138284,66.6658074099676,6.335022607508294,1.0594750429626614,1.7881058737677205,0.37573820498618693,3.3181058737677205
1.0,4-hydroxy-TEMPO,5,n-Bu4NClO4,0.2,1.0,2.0,MeCN:EtOAc=5:5,10.0,PENDING,PENDING,PENDING,0.0,57.08997641116798,14.231701178892111,2.0704901855164537,67.23921756652737,6.327756839334766,1.2219705547979383,1.780075075419494,0.37538952285636407,3.310075075419494
1.0,4-hydroxy-TEMPO,5,n-Bu4NClO4,0.2,1.0,2.0,MeCN:EtOAc=4:6,10.0,PENDING,PENDING,PENDING,0.0,56.613947864001744,14.294183207251322,1.9754173311451977,66.0754819569362,6.348732184957988,0.911853500298951,1.77889710989042,0.3766877805393278,3.3088971098904203
1.0,4-hydroxy-TEMPO,5,n-Bu4NClO4,0.2,1.0,2.0,MeCN:EtOAc=3:7,10.0,PENDING,PENDING,PENDING,0.0,55.55022974587099,14.315197506548651,1.74258796780392,65.87055627696941,6.361382082654324,0.8669688555970623,1.8375035935419364,0.3785430934746275,3.3675035935419366
1.0,4-hydroxy-TEMPO,5,n-Bu4NClO4,0.2,1.0,2.0,MeCN:EtOAc=2:8,10.0,PENDING,PENDING,PENDING,0.0,56.650863588613646,14.248017355381041,1.9699090636971923,66.43247788229635,6.334541656485557,0.9971507698451472,1.7867423877703108,0.37566730879839405,3.3167423877703106
1.0,4-hydroxy-TEMPO,5,n-Bu4NClO4,0.2,1.0,1.5,MeCN:EtOAc=7:3,10.0,PENDING,PENDING,PENDING,0.0,56.60861211506562,14.327422232273324,1.9843980559452183,66.41468208319965,6.370019224637797,1.004034178822839,1.787656302942741,0.37778757097694815,3.317656302942741
1.0,4-hydroxy-TEMPO,5,n-Bu4NClO4,0.2,1.0,1.5,MeCN:EtOAc=6:4,10.0,PENDING,PENDING,PENDING,0.0,56.795550006171396,14.21585255224212,1.9943038799851607,66.67357272067254,6.322807913441268,1.0575337658224486,1.7878069102981324,0.3750093806056649,3.3178069102981325
1.0,4-hydroxy-TEMPO,5,n-Bu4NClO4,0.2,1.0,1.5,MeCN:EtOAc=5:5,10.0,PENDING,PENDING,PENDING,0.0,57.107536692776655,14.204117228261987,2.0661205971071532,67.25111016118497,6.3154211706724315,1.2212675134376938,1.7797169751942414,0.3746552760729511,3.3097169751942417
1.0,4-hydroxy-TEMPO,5,n-Bu4NClO4,0.2,1.0,1.5,MeCN:EtOAc=4:6,10.0,PENDING,PENDING,PENDING,0.0,56.62784194576152,14.267665570342666,1.9705291927390642,66.07889835650143,6.336747270275987,0.908933629569016,1.7785311199331897,0.37597584827605574,3.30853111993319
1.0,4-hydroxy-TEMPO,5,n-Bu4NClO4,0.2,1.0,1.5,MeCN:EtOAc=3:7,10.0,PENDING,PENDING,PENDING,0.0,55.55664380722078,14.288943505548495,1.7363132532659091,65.87241403254427,6.34960285526467,0.8637975308824719,1.837556774874008,0.3778596696796097,3.367556774874008
1.0,4-hydroxy-TEMPO,5,n-Bu4NClO4,0.2,1.0,1.5,MeCN:EtOAc=2:8,10.0,PENDING,PENDING,PENDING,0.0,56.665181848539696,14.220767414539633,1.9648950667392184,66.43852933104561,6.3223662484695256,0.9947742411008478,1.7864314729226434,0.3749395874066951,3.3164314729226434
1.0,4-hydroxy-TEMPO,5,n-Bu4NClO4,0.2,1.0,1.0,MeCN:EtOAc=7:3,10.0,PENDING,PENDING,PENDING,0.0,56.594758017458794,14.35313319379741,1.9890495874535299,66.40886687205497,6.381506401478816,1.0062493458845494,1.7879548110975203,0.37847401325240376,3.31795481109752
1.0,4-hydroxy-TEMPO,5,n-Bu4NClO4,0.2,1.0,1.0,MeCN:EtOAc=6:4,10.0,PENDING,PENDING,PENDING,0.0,56.780297309455904,14.243256023214034,1.9991566353138284,66.6658074099676,6.335022607508294,1.0594750429626614,1.7881058737677205,0.37573820498618693,3.3181058737677205
1.0,4-hydroxy-TEMPO,5,n-Bu4NClO4,0.2,1.0,1.0,MeCN:EtOAc=5:5,10.0,PENDING,PENDING,PENDING,0.0,57.08997641116798,14.231701178892111,2.0704901855164537,67.23921756652737,6.327756839334766,1.2219705547979383,1.780075075419494,0.37538952285636407,3.310075075419494
1.0,4-hydroxy-TEMPO,5,n-Bu4NClO4,0.2,1.0,1.0,MeCN:EtOAc=4:6,10.0,PENDING,PENDING,PENDING,0.0,56.613947864001744,14.294183207251322,1.9754173311451977,66.0754819569362,6.348732184957988,0.911853500298951,1.77889710989042,0.3766877805393278,3.3088971098904203
1.0,4-hydroxy-TEMPO,5,n-Bu4NClO4,0.2,1.0,1.0,MeCN:EtOAc=3:7,10.0,PENDING,PENDING,PENDING,0.0,55.55022974587099,14.315197506548651,1.74258796780392,65.87055627696941,6.361382082654324,0.8669688555970623,1.8375035935419364,0.3785430934746275,3.3675035935419366
1.0,4-hydroxy-TEMPO,5,n-Bu4NClO4,0.2,1.0,1.0,MeCN:EtOAc=2:8,10.0,PENDING,PENDING,PENDING,0.0,56.650863588613646,14.248017355381041,1.9699090636971923,66.43247788229635,6.334541656485557,0.9971507698451472,1.7867423877703108,0.37566730879839405,3.3167423877703106
1.0,4-hydroxy-TEMPO,5,n-Bu4NClO4,0.1,1.0,2.0,MeCN:EtOAc=7:3,10.0,PENDING,PENDING,PENDING,0.0,56.66989219101613,14.308815982020576,1.9931674725403634,66.22618264782395,6.359789755283489,0.9525440902489009,1.7795592925868058,0.37734047809173,3.3095592925868056
1.0,4-hydroxy-TEMPO,5,n-Bu4NClO4,0.1,1.0,2.0,MeCN:EtOAc=6:4,10.0,PENDING,PENDING,PENDING,0.0,56.8597785086171,14.191909320517857,2.002233971620845,66.48741156581687,6.309938083542931,1.0035080163412886,1.779600518528811,0.3743796217028102,3.309600518528811
1.0,4-hydroxy-TEMPO,5,n-Bu4NClO4,0.1,1.0,2.0,MeCN:EtOAc=5:5,10.0,PENDING,PENDING,PENDING,0.0,57.177016093532835,14.19623777296508,2.080729619324911,67.058821650557,6.316737253819965,1.1643834531545627,1.7711332975492968,0.37451103028381694,3.301133297549297
1.0,4-hydroxy-TEMPO,5,n-Bu4NClO4,0.1,1.0,2.0,MeCN:EtOAc=4:6,10.0,PENDING,PENDING,PENDING,0.0,56.68964222694115,14.245978269307408,1.978446544837242,65.88435939104019,6.323672055166778,0.8586506044694637,1.7702137796969386,0.3754072096763935,3.3002137796969384
1.0,4-hydroxy-TEMPO,5,n-Bu4NClO4,0.1,1.0,2.0,MeCN:EtOAc=3:7,10.0,PENDING,PENDING,PENDING,0.0,55.605082214236106,14.261729150882266,1.7387465087760625,65.67709622456603,6.33637706755519,0.8152365868271698,1.830418112851408,0.3771597937093882,3.3604181128514083
1.0,4-hydroxy-TEMPO,5,n-Bu4NClO4,0.1,1.0,2.0,MeCN:EtOAc=2:8,10.0,PENDING,PENDING,PENDING,0.0,56.728378939839125,14.20106343222922,1.9737591306811773,66.24454363564703,6.311488213205939,0.9417790645101709,1.778083051148468,0.37446685770382804,3.308083051148468
1.0,4-hydroxy-TEMPO,5,n-Bu4NClO4,0.1,1.0,1.5,MeCN:EtOAc=7:3,10.0,PENDING,PENDING,PENDING,0.0,56.68433149452014,14.282464388554823,1.9884526012448007,66.23070468084944,6.34797805065835,0.949918698394743,1.7791959222161569,0.3766377736035503,3.3091959222161567
1.0,4-hydroxy-TEMPO,5,n-Bu4NClO4,0.1,1.0,1.5,MeCN:EtOAc=6:4,10.0,PENDING,PENDING,PENDING,0.0,56.87566344138826,14.163735461147294,1.9972894883075072,66.49393170493488,6.297334942278312,1.0011115666408594,1.7792354631517464,0.37363040464272684,3.3092354631517464
1.0,4-hydroxy-TEMPO,5,n-Bu4NClO4,0.1,1.0,1.5,MeCN:EtOAc=5:5,10.0,PENDING,PENDING,PENDING,0.0,57.1952891649734,14.16815106187068,2.076375292041479,67.06944108809576,6.304254959052039,1.163201876785525,1.770704450960041,0.37376464303536827,3.300704450960041
1.0,4-hydroxy-TEMPO,5,n-Bu4NClO4,0.1,1.0,1.5,MeCN:EtOAc=4:6,10.0,PENDING,PENDING,PENDING,0.0,56.704123863851734,14.218754796493423,1.9734751335307283,65.88639662456292,6.31130214083647,0.8553450408774501,1.769779865035157,0.3746764758723897,3.2997798650351573
1.0,4-hydroxy-TEMPO,5,n-Bu4NClO4,0.1,1.0,1.5,MeCN:EtOAc=3:7,10.0,PENDING,PENDING,PENDING,0.0,55.611878308885245,14.234679452383626,1.7323180492938182,65.67754759802656,6.324216328814959,0.8117078567839358,1.8304196173970797,0.37645600940007024,3.3604196173970795
1.0,4-hydroxy-TEMPO,5,n-Bu4NClO4,0.1,1.0,1.5,MeCN:EtOAc=2:8,10.0,PENDING,PENDING,PENDING,0.0,56.7433096849279,14.173122346582844,1.9686718999431378,66.24924976966689,6.298961923948011,0.9389750922978217,1.7777043221617406,0.3737216029648034,3.3077043221617406
1.0,4-hydroxy-TEMPO,5,n-Bu4NClO4,0.1,1.0,1.0,MeCN:EtOAc=7:3,10.0,PENDING,PENDING,PENDING,0.0,56.66989219101613,14.308815982020576,1.9931674725403634,66.22618264782395,6.359789755283489,0.9525440902489009,1.7795592925868062,0.37734047809173,3.3095592925868065
1.0,4-hydroxy-TEMPO,5,n-Bu4NClO4,0.1,1.0,1.0,MeCN:EtOAc=6:4,10.0,PENDING,PENDING,PENDING,0.0,56.8597785086171,14.191909320517855,2.0022339716208446,66.48741156581686,6.309938083542931,1.0035080163412844,1.7796005185288108,0.37437962170281014,3.3096005185288107
1.0,4-hydroxy-TEMPO,5,n-Bu4NClO4,0.1,1.0,1.0,MeCN:EtOAc=5:5,10.0,PENDING,PENDING,PENDING,0.0,57.177016093532835,14.19623777296508,2.080729619324911,67.058821650557,6.316737253819965,1.1643834531545627,1.7711332975492968,0.37451103028381694,3.301133297549297
1.0,4-hydroxy-TEMPO,5,n-Bu4NClO4,0.1,1.0,1.0,MeCN:EtOAc=4:6,10.0,PENDING,PENDING,PENDING,0.0,56.68964222694115,14.245978269307408,1.978446544837242,65.88435939104019,6.323672055166778,0.8586506044694637,1.7702137796969386,0.3754072096763935,3.3002137796969384
1.0,4-hydroxy-TEMPO,5,n-Bu4NClO4,0.1,1.0,1.0,MeCN:EtOAc=3:7,10.0,PENDING,PENDING,PENDING,0.0,55.605082214236106,14.261729150882266,1.7387465087760625,65.67709622456603,6.33637706755519,0.8152365868271698,1.830418112851408,0.3771597937093882,3.3604181128514083
1.0,4-hydroxy-TEMPO,5,n-Bu4NClO4,0.1,1.0,1.0,MeCN:EtOAc=2:8,10.0,PENDING,PENDING,PENDING,0.0,56.728378939839125,14.20106343222922,1.9737591306811773,66.24454363564703,6.311488213205939,0.9417790645101709,1.778083051148468,0.37446685770382804,3.308083051148468
1.0,4-hydroxy-TEMPO,5,n-Bu4NClO4,0.05,1.0,2.0,MeCN:EtOAc=7:3,10.0,PENDING,PENDING,PENDING,0.0,56.67842842235498,14.330579732827244,2.0019238600158373,66.12611295323514,6.371825197196477,0.9314892452857764,1.7762204516543212,0.3780495187523276,3.306220451654321
1.0,4-hydroxy-TEMPO,5,n-Bu4NClO4,0.05,1.0,2.0,MeCN:EtOAc=6:4,10.0,PENDING,PENDING,PENDING,0.0,56.86761422218021,14.213420635097352,2.010799349656032,66.38493095839586,6.321969434479673,0.9807676937624994,1.77621157901709,0.37506726873580254,3.30621157901709
1.0,4-hydroxy-TEMPO,5,n-Bu4NClO4,0.05,1.0,2.0,MeCN:EtOAc=5:5,10.0,PENDING,PENDING,PENDING,0.0,57.18387786085221,14.224955261084995,2.091491663588681,66.94611286701274,6.334914430944756,1.1379024836334517,1.7676692805121565,0.3754144665161926,3.2976692805121566
1.0,4-hydroxy-TEMPO,5,n-Bu4NClO4,0.05,1.0,2.0,MeCN:EtOAc=4:6,10.0,PENDING,PENDING,PENDING,0.0,56.69836612326884,14.267278748561626,1.9870912167610073,65.78577866509177,6.335236102193973,0.8394381802176383,1.7668870315748375,0.376096392047029,3.2968870315748378
1.0,4-hydroxy-TEMPO,5,n-Bu4NClO4,0.05,1.0,2.0,MeCN:EtOAc=3:7,10.0,PENDING,PENDING,PENDING,0.0,55.61866486787443,14.280296634873643,1.7470772387540272,65.58094960072202,6.347606151315133,0.7973014807568999,1.8269286224071368,0.3777630532836556,3.356928622407137
1.0,4-hydroxy-TEMPO,5,n-Bu4NClO4,0.05,1.0,2.0,MeCN:EtOAc=2:8,10.0,PENDING,PENDING,PENDING,0.0,56.737121606844624,14.224077902898786,1.9829414177689957,66.14149851846722,6.324199281280182,0.9202730847839939,1.7746483950493803,0.3752169713300206,3.30464839504938
1.0,4-hydroxy-TEMPO,5,n-Bu4NClO4,0.05,1.0,1.5,MeCN:EtOAc=7:3,10.0,PENDING,PENDING,PENDING,0.0,56.692918815529104,14.304532323011681,1.9973129310192497,66.12990264003189,6.360177914669293,0.9287515161981139,1.7758334802203444,0.3773568013110145,3.305833480220344
1.0,4-hydroxy-TEMPO,5,n-Bu4NClO4,0.05,1.0,1.5,MeCN:EtOAc=6:4,10.0,PENDING,PENDING,PENDING,0.0,56.88354238299057,14.185551199980662,2.0059578610138136,66.39069295933339,6.309532841358632,0.9782375548228075,1.7758224234045992,0.3743278037818455,3.3058224234045994
1.0,4-hydroxy-TEMPO,5,n-Bu4NClO4,0.05,1.0,1.5,MeCN:EtOAc=5:5,10.0,PENDING,PENDING,PENDING,0.0,57.20218344031451,14.197291608799935,2.0872784776988076,66.9558687657447,6.32270124720645,1.1365436233683452,1.7672155559868927,0.37468144157494915,3.2972155559868925
1.0,4-hydroxy-TEMPO,5,n-Bu4NClO4,0.05,1.0,1.5,MeCN:EtOAc=4:6,10.0,PENDING,PENDING,PENDING,0.0,56.71290162988662,14.240352862527992,1.9822218949428847,65.7870988069388,6.323024106430477,0.8360474837617942,1.766429662075533,0.375375362878606,3.296429662075533
1.0,4-hydroxy-TEMPO,5,n-Bu4NClO4,0.05,1.0,1.5,MeCN:EtOAc=3:7,10.0,PENDING,PENDING,PENDING,0.0,55.625562797485415,14.253499701249583,1.7407359158075804,65.5807096079357,6.335597375923453,0.7937028435407003,1.8269050335084491,0.3770675175498317,3.356905033508449
1.0,4-hydroxy-TEMPO,5,n-Bu4NClO4,0.05,1.0,1.5,MeCN:EtOAc=2:8,10.0,PENDING,PENDING,PENDING,0.0,56.75210483001798,14.196464127316359,1.9779650043777735,66.1454412334,6.311849615605203,0.9173556451129303,1.7742451134629669,0.37448246914417593,3.304245113462967
1.0,4-hydroxy-TEMPO,5,n-Bu4NClO4,0.05,1.0,1.0,MeCN:EtOAc=7:3,10.0,PENDING,PENDING,PENDING,0.0,56.67842842235498,14.330579732827244,2.0019238600158373,66.12611295323514,6.371825197196477,0.9314892452857764,1.7762204516543212,0.3780495187523276,3.306220451654321
1.0,4-hydroxy-TEMPO,5,n-Bu4NClO4,0.05,1.0,1.0,MeCN:EtOAc=6:4,10.0,PENDING,PENDING,PENDING,0.0,56.86761422218021,14.213420635097352,2.010799349656032,66.38493095839586,6.321969434479673,0.9807676937624994,1.77621157901709,0.37506726873580254,3.30621157901709
1.0,4-hydroxy-TEMPO,5,n-Bu4NClO4,0.05,1.0,1.0,MeCN:EtOAc=5:5,10.0,PENDING,PENDING,PENDING,0.0,57.18387786085221,14.224955261084995,2.091491663588681,66.94611286701274,6.334914430944756,1.1379024836334517,1.7676692805121565,0.3754144665161926,3.2976692805121566
1.0,4-hydroxy-TEMPO,5,n-Bu4NClO4,0.05,1.0,1.0,MeCN:EtOAc=4:6,10.0,PENDING,PENDING,PENDING,0.0,56.69836612326884,14.267278748561626,1.9870912167610073,65.78577866509177,6.335236102193973,0.8394381802176383,1.7668870315748375,0.376096392047029,3.2968870315748378
1.0,4-hydroxy-TEMPO,5,n-Bu4NClO4,0.05,1.0,1.0,MeCN:EtOAc=3:7,10.0,PENDING,PENDING,PENDING,0.0,55.61866486787442,14.280296634873643,1.747077238754025,65.58094960072202,6.347606151315133,0.7973014807568999,1.8269286224071373,0.3777630532836556,3.3569286224071373
1.0,4-hydroxy-TEMPO,5,n-Bu4NClO4,0.05,1.0,1.0,MeCN:EtOAc=2:8,10.0,PENDING,PENDING,PENDING,0.0,56.737121606844624,14.224077902898788,1.9829414177689961,66.14149851846722,6.324199281280182,0.9202730847839939,1.7746483950493803,0.3752169713300206,3.30464839504938
1.0,4-hydroxy-TEMPO,5,n-Bu4NBF4,0.2,1.0,2.0,MeCN:EtOAc=7:3,10.0,PENDING,PENDING,PENDING,0.0,59.07501897733341,14.367600512291688,2.64903248041702,66.39986705771354,6.376343301560758,1.0022295142626758,1.7483078655978357,0.3789773206439187,3.278307865597836
1.0,4-hydroxy-TEMPO,5,n-Bu4NBF4,0.2,1.0,2.0,MeCN:EtOAc=6:4,10.0,PENDING,PENDING,PENDING,0.0,59.270393703053976,14.295173325596851,2.6816597416775947,66.65985790093902,6.337954390510206,1.0588280589143706,1.7478527411109235,0.3769004276708708,3.2778527411109235
1.0,4-hydroxy-TEMPO,5,n-Bu4NBF4,0.2,1.0,2.0,MeCN:EtOAc=5:5,10.0,PENDING,PENDING,PENDING,0.0,59.49441422179558,14.2917475152563,2.7475558083808025,67.21575651720649,6.333821683624226,1.2169880282407903,1.7408711939949209,0.37662177057250545,3.270871193994921
1.0,4-hydroxy-TEMPO,5,n-Bu4NBF4,0.2,1.0,2.0,MeCN:EtOAc=4:6,10.0,PENDING,PENDING,PENDING,0.0,59.270408367379574,14.231286578659613,2.6595744998348607,66.06912914194207,6.327946257723082,0.9038164560033131,1.7369864761321856,0.3757549753102948,3.2669864761321854
1.0,4-hydroxy-TEMPO,5,n-Bu4NBF4,0.2,1.0,2.0,MeCN:EtOAc=3:7,10.0,PENDING,PENDING,PENDING,0.0,58.14046699258094,14.34268677921749,2.377281491614942,65.86223368778903,6.356192378100275,0.8634412762508519,1.7972896030425438,0.3793642921851181,3.327289603042544
1.0,4-hydroxy-TEMPO,5,n-Bu4NBF4,0.2,1.0,2.0,MeCN:EtOAc=2:8,10.0,PENDING,PENDING,PENDING,0.0,59.20203736027143,14.262768848213009,2.6502512646332583,66.42328500478025,6.328961362091571,0.9929496619848011,1.7459282956067537,0.3761903618328301,3.2759282956067537
1.0,4-hydroxy-TEMPO,5,n-Bu4NBF4,0.2,1.0,1.5,MeCN:EtOAc=7:3,10.0,PENDING,PENDING,PENDING,0.0,59.106341009666984,14.341962293999643,2.649395245094902,66.40563436224902,6.364755477287552,0.9999702220613225,1.7477220326340572,0.3782957431893654,3.277722032634057
1.0,4-hydroxy-TEMPO,5,n-Bu4NBF4,0.2,1.0,1.5,MeCN:EtOAc=6:4,10.0,PENDING,PENDING,PENDING,0.0,59.303207124477225,14.268474683735507,2.682164625223771,66.66760704326803,6.325774678480536,1.0568939140852864,1.7472602188753976,0.37618771693436537,3.277260218875398
1.0,4-hydroxy-TEMPO,5,n-Bu4NBF4,0.2,1.0,1.5,MeCN:EtOAc=4:6,10.0,PENDING,PENDING,PENDING,0.0,59.303545302061266,14.203544068177708,2.6597989592832074,66.07252600559114,6.315592108077462,0.9007817628917847,1.736309381139862,0.3750234027702045,3.266309381139862
1.0,4-hydroxy-TEMPO,5,n-Bu4NBF4,0.2,1.0,1.5,MeCN:EtOAc=3:7,10.0,PENDING,PENDING,PENDING,0.0,58.16540826150127,14.31672707314606,2.3754393673209155,65.86405025950585,6.344315549178019,0.8602344863927434,1.7970506162250004,0.3786912237521399,3.3270506162250006
1.0,4-hydroxy-TEMPO,5,n-Bu4NBF4,0.2,1.0,1.5,MeCN:EtOAc=2:8,10.0,PENDING,PENDING,PENDING,0.0,59.23452566453324,14.235586849154835,2.650454968299525,66.42928759354774,6.316675328171901,0.9905257558297726,1.7453180117609302,0.3754676970154253,3.2753180117609304
1.0,4-hydroxy-TEMPO,5,n-Bu4NBF4,0.2,1.0,1.0,MeCN:EtOAc=7:3,10.0,PENDING,PENDING,PENDING,0.0,59.075018977333414,14.36760051229169,2.6490324804170218,66.39986705771352,6.37634330156076,1.0022295142626725,1.748307865597836,0.3789773206439187,3.278307865597836
1.0,4-hydroxy-TEMPO,5,n-Bu4NBF4,0.2,1.0,1.0,MeCN:EtOAc=6:4,10.0,PENDING,PENDING,PENDING,0.0,59.27039370305398,14.295173325596854,2.6816597416775987,66.65985790093902,6.337954390510208,1.0588280589143717,1.7478527411109237,0.37690042767087084,3.277852741110924
1.0,4-hydroxy-TEMPO,5,n-Bu4NBF4,0.2,1.0,1.0,MeCN:EtOAc=4:6,10.0,PENDING,PENDING,PENDING,0.0,59.270408367379574,14.23128657865961,2.65957449983486,66.06912914194207,6.327946257723082,0.9038164560033131,1.7369864761321854,0.3757549753102948,3.2669864761321854
1.0,4-hydroxy-TEMPO,5,n-Bu4NBF4,0.2,1.0,1.0,MeCN:EtOAc=3:7,10.0,PENDING,PENDING,PENDING,0.0,58.14046699258094,14.34268677921749,2.377281491614942,65.86223368778903,6.356192378100274,0.8634412762508512,1.7972896030425436,0.3793642921851181,3.3272896030425434
1.0,4-hydroxy-TEMPO,5,n-Bu4NBF4,0.2,1.0,1.0,MeCN:EtOAc=2:8,10.0,PENDING,PENDING,PENDING,0.0,59.20203736027143,14.262768848213007,2.6502512646332574,66.42328500478025,6.3289613620915715,0.9929496619848011,1.7459282956067537,0.37619036183283017,3.2759282956067537
1.0,4-hydroxy-TEMPO,5,n-Bu4NBF4,0.1,1.0,2.0,MeCN:EtOAc=7:3,10.0,PENDING,PENDING,PENDING,0.0,59.1931930599721,14.315200949312583,2.665731689764693,66.2172691970474,6.355012597196699,0.948791756734338,1.7393530286933163,0.3776604506592757,3.2693530286933163
1.0,4-hydroxy-TEMPO,5,n-Bu4NBF4,0.1,1.0,2.0,MeCN:EtOAc=6:4,10.0,PENDING,PENDING,PENDING,0.0,59.39308022085874,14.237459298680681,2.69820381412943,66.48165173053918,6.313612354209096,1.003194330468627,1.738775442663579,0.37539090844934087,3.2687754426635793
1.0,4-hydroxy-TEMPO,5,n-Bu4NBF4,0.1,1.0,2.0,MeCN:EtOAc=4:6,10.0,PENDING,PENDING,PENDING,0.0,59.393901902255664,14.171316880884367,2.675501086740046,65.87818409318989,6.3023394432643824,0.8507045967062699,1.7276767171225762,0.37420724851074966,3.2576767171225764
1.0,4-hydroxy-TEMPO,5,n-Bu4NBF4,0.1,1.0,2.0,MeCN:EtOAc=3:7,10.0,PENDING,PENDING,PENDING,0.0,58.24125673221515,14.283416484244523,2.384990095599666,65.66887845394503,6.33157862666324,0.8119721289272728,1.7896159635737745,0.37784359535041695,3.3196159635737743
1.0,4-hydroxy-TEMPO,5,n-Bu4NBF4,0.1,1.0,2.0,MeCN:EtOAc=2:8,10.0,PENDING,PENDING,PENDING,0.0,59.32432588208902,14.207140632636516,2.667207884821182,66.23544421349979,6.306307551482417,0.9378609096522068,1.7366862739615756,0.3747930588361999,3.2666862739615756
1.0,4-hydroxy-TEMPO,5,n-Bu4NBF4,0.1,1.0,1.5,MeCN:EtOAc=7:3,10.0,PENDING,PENDING,PENDING,0.0,59.22552469104999,14.288779074640598,2.666159961695929,66.22174503458818,6.343103672297222,0.9461260040776813,1.738696618094121,0.376959345828076,3.268696618094121
1.0,4-hydroxy-TEMPO,5,n-Bu4NBF4,0.1,1.0,1.5,MeCN:EtOAc=6:4,10.0,PENDING,PENDING,PENDING,0.0,59.42695235435419,14.209882950649746,2.6987626465406787,66.48815894813744,6.301055223012215,1.0008097460758907,1.738110928731418,0.37465521884852654,3.268110928731418
1.0,4-hydroxy-TEMPO,5,n-Bu4NBF4,0.1,1.0,1.5,MeCN:EtOAc=5:5,10.0,PENDING,PENDING,PENDING,0.0,59.65751455202268,14.22039209617405,2.772144655198113,67.04542674793306,6.311935128173634,1.1588147461095364,1.7306883300195994,0.37483433059149407,3.2606883300195992
1.0,4-hydroxy-TEMPO,5,n-Bu4NBF4,0.1,1.0,1.5,MeCN:EtOAc=4:6,10.0,PENDING,PENDING,PENDING,0.0,59.42811876878276,14.142646290342299,2.675767088003981,65.88020491080024,6.289583516222603,0.8472850492192174,1.7269249688081836,0.3734517942369086,3.2569249688081836
1.0,4-hydroxy-TEMPO,5,n-Bu4NBF4,0.1,1.0,1.5,MeCN:EtOAc=3:7,10.0,PENDING,PENDING,PENDING,0.0,58.267043375091134,14.25656313936102,2.383095211282594,65.66929061094059,6.319324083001427,0.808411679684339,1.7893192170358545,0.3771478511699546,3.3193192170358543
1.0,4-hydroxy-TEMPO,5,n-Bu4NBF4,0.1,1.0,1.5,MeCN:EtOAc=2:8,10.0,PENDING,PENDING,PENDING,0.0,59.35787524054444,14.179110909230257,2.667473831664569,66.24010336763071,6.293674043550314,0.9350135943474858,1.73600211816399,0.3740492836724907,3.26600211816399
1.0,4-hydroxy-TEMPO,5,n-Bu4NBF4,0.1,1.0,1.0,MeCN:EtOAc=7:3,10.0,PENDING,PENDING,PENDING,0.0,59.1931930599721,14.315200949312583,2.665731689764693,66.2172691970474,6.355012597196699,0.948791756734338,1.7393530286933163,0.3776604506592757,3.2693530286933163
1.0,4-hydroxy-TEMPO,5,n-Bu4NBF4,0.1,1.0,1.0,MeCN:EtOAc=6:4,10.0,PENDING,PENDING,PENDING,0.0,59.39308022085874,14.237459298680681,2.69820381412943,66.48165173053918,6.313612354209096,1.003194330468627,1.738775442663579,0.37539090844934087,3.2687754426635793
1.0,4-hydroxy-TEMPO,5,n-Bu4NBF4,0.1,1.0,1.0,MeCN:EtOAc=4:6,10.0,PENDING,PENDING,PENDING,0.0,59.393901902255664,14.171316880884367,2.675501086740046,65.87818409318989,6.3023394432643824,0.8507045967062699,1.7276767171225762,0.37420724851074966,3.2576767171225764
1.0,4-hydroxy-TEMPO,5,n-Bu4NBF4,0.1,1.0,1.0,MeCN:EtOAc=3:7,10.0,PENDING,PENDING,PENDING,0.0,58.241256732215156,14.283416484244523,2.3849900955996692,65.66887845394503,6.33157862666324,0.8119721289272728,1.7896159635737747,0.37784359535041695,3.3196159635737748
1.0,4-hydroxy-TEMPO,5,n-Bu4NBF4,0.1,1.0,1.0,MeCN:EtOAc=2:8,10.0,PENDING,PENDING,PENDING,0.0,59.32432588208903,14.207140632636516,2.6672078848211846,66.23544421349979,6.306307551482417,0.9378609096522068,1.7366862739615756,0.3747930588361999,3.2666862739615756
1.0,4-hydroxy-TEMPO,5,n-Bu4NBF4,0.05,1.0,2.0,MeCN:EtOAc=7:3,10.0,PENDING,PENDING,PENDING,0.0,59.18773258603656,14.334793953646582,2.6708822526346183,66.11734693685277,6.36746502949329,0.9279599853794533,1.73637574145157,0.37829481494848266,3.26637574145157
1.0,4-hydroxy-TEMPO,5,n-Bu4NBF4,0.05,1.0,2.0,MeCN:EtOAc=6:4,10.0,PENDING,PENDING,PENDING,0.0,59.38681543165788,14.25644230290664,2.702921098622196,66.37929444999301,6.3259216044331446,0.9805919295389265,1.7357556687377942,0.3759955692790942,3.2657556687377944
1.0,4-hydroxy-TEMPO,5,n-Bu4NBF4,0.05,1.0,2.0,MeCN:EtOAc=5:5,10.0,PENDING,PENDING,PENDING,0.0,59.61539228040817,14.272880048943389,2.7776815342390777,66.92257835629539,6.342991860964452,1.1339016215100652,1.7283088072373056,0.3763745714569683,3.258308807237306
1.0,4-hydroxy-TEMPO,5,n-Bu4NBF4,0.05,1.0,2.0,MeCN:EtOAc=4:6,10.0,PENDING,PENDING,PENDING,0.0,59.3873711891638,14.191313064517189,2.6804872688764627,65.77972865850323,6.3144932833674465,0.8317935015488391,1.7247320116859213,0.37483629464077745,3.2547320116859213
1.0,4-hydroxy-TEMPO,5,n-Bu4NBF4,0.05,1.0,2.0,MeCN:EtOAc=3:7,10.0,PENDING,PENDING,PENDING,0.0,58.240120193021426,14.300433699864024,2.3903310800742728,65.57287263076486,6.343220018055176,0.7942382453889545,1.786485264843478,0.3783798175421782,3.316485264843478
1.0,4-hydroxy-TEMPO,5,n-Bu4NBF4,0.05,1.0,2.0,MeCN:EtOAc=2:8,10.0,PENDING,PENDING,PENDING,0.0,59.31850621884189,14.227859295182554,2.6726503117019704,66.1325517829702,6.319464919522098,0.9165921861921908,1.7336283406585988,0.3754636465894796,3.263628340658599
1.0,4-hydroxy-TEMPO,5,n-Bu4NBF4,0.05,1.0,1.5,MeCN:EtOAc=7:3,10.0,PENDING,PENDING,PENDING,0.0,59.21997682328023,14.308645791875387,2.6713814451926265,66.12109171926221,6.355727612804633,0.925185331308604,1.7356994399502903,0.3776025206650772,3.26569943995029
1.0,4-hydroxy-TEMPO,5,n-Bu4NBF4,0.05,1.0,1.5,MeCN:EtOAc=6:4,10.0,PENDING,PENDING,PENDING,0.0,59.4205909215842,14.229131827257918,2.7035451224012927,66.38504445865888,6.313535135901339,0.9780752412828233,1.7350708759782836,0.3752682635935464,3.2650708759782834
1.0,4-hydroxy-TEMPO,5,n-Bu4NBF4,0.05,1.0,1.5,MeCN:EtOAc=5:5,10.0,PENDING,PENDING,PENDING,0.0,59.650666843922075,14.245849650255392,2.778975459414256,66.93213680821127,6.330900568414466,1.1325247235740556,1.72757091135309,0.3756541453477043,3.25757091135309
1.0,4-hydroxy-TEMPO,5,n-Bu4NBF4,0.05,1.0,1.5,MeCN:EtOAc=4:6,10.0,PENDING,PENDING,PENDING,0.0,59.42148540251933,14.162928523598644,2.6808237579344154,65.78103332967869,6.301906408036274,0.8282943221178576,1.7239608277878533,0.37408970016337895,3.2539608277878536
1.0,4-hydroxy-TEMPO,5,n-Bu4NBF4,0.05,1.0,1.5,MeCN:EtOAc=3:7,10.0,PENDING,PENDING,PENDING,0.0,58.26586043182887,14.273813849946029,2.388503153280532,65.572594619223,6.3311243780077575,0.7906108264716603,1.7861670845323105,0.3776912767375506,3.3161670845323106
1.0,4-hydroxy-TEMPO,5,n-Bu4NBF4,0.05,1.0,1.5,MeCN:EtOAc=2:8,10.0,PENDING,PENDING,PENDING,0.0,59.35196165205779,14.200124254650085,2.672992752982449,66.13644886832441,6.307015780720382,0.9136351391506232,1.7329235651339296,0.3747293497436019,3.2629235651339297
1.0,4-hydroxy-TEMPO,5,n-Bu4NBF4,0.05,1.0,1.0,MeCN:EtOAc=7:3,10.0,PENDING,PENDING,PENDING,0.0,59.18773258603655,14.334793953646582,2.670882252634617,66.11734693685277,6.367465029493289,0.9279599853794531,1.7363757414515701,0.37829481494848266,3.2663757414515704
1.0,4-hydroxy-TEMPO,5,n-Bu4NBF4,0.05,1.0,1.0,MeCN:EtOAc=6:4,10.0,PENDING,PENDING,PENDING,0.0,59.38681543165789,14.256442302906638,2.702921098622197,66.37929444999301,6.3259216044331446,0.9805919295389265,1.7357556687377942,0.37599556927909417,3.2657556687377944
1.0,4-hydroxy-TEMPO,5,n-Bu4NBF4,0.05,1.0,1.0,MeCN:EtOAc=5:5,10.0,PENDING,PENDING,PENDING,0.0,59.61539228040817,14.272880048943389,2.7776815342390777,66.92257835629539,6.342991860964452,1.1339016215100652,1.7283088072373056,0.3763745714569683,3.258308807237306
1.0,4-hydroxy-TEMPO,5,n-Bu4NBF4,0.05,1.0,1.0,MeCN:EtOAc=4:6,10.0,PENDING,PENDING,PENDING,0.0,59.3873711891638,14.191313064517189,2.6804872688764627,65.77972865850323,6.3144932833674465,0.8317935015488391,1.7247320116859213,0.37483629464077745,3.2547320116859213
1.0,4-hydroxy-TEMPO,5,n-Bu4NBF4,0.05,1.0,1.0,MeCN:EtOAc=3:7,10.0,PENDING,PENDING,PENDING,0.0,58.240120193021426,14.300433699864024,2.3903310800742728,65.57287263076486,6.343220018055176,0.7942382453889545,1.786485264843478,0.3783798175421782,3.316485264843478
1.0,4-hydroxy-TEMPO,5,n-Bu4NBF4,0.05,1.0,1.0,MeCN:EtOAc=2:8,10.0,PENDING,PENDING,PENDING,0.0,59.31850621884189,14.227859295182554,2.6726503117019704,66.1325517829702,6.319464919522098,0.9165921861921908,1.7336283406585988,0.3754636465894796,3.263628340658599
1.0,4-hydroxy-TEMPO,5,Et4NOAc,0.2,1.0,2.0,MeCN:EtOAc=7:3,10.0,PENDING,PENDING,PENDING,0.0,54.566129218891334,14.299888434146194,1.5375188012288445,66.37925196593663,6.370704592694135,0.9950530012577101,1.8124499342195697,0.3778007478866019,3.3424499342195695
1.0,4-hydroxy-TEMPO,5,Et4NOAc,0.2,1.0,2.0,MeCN:EtOAc=6:4,10.0,PENDING,PENDING,PENDING,0.0,54.72352243560232,14.194398652801363,1.5391156698074617,66.65137873719813,6.324408760954398,1.052028838036478,1.8129478242997001,0.3750990452705337,3.3429478242997
1.0,4-hydroxy-TEMPO,5,Et4NOAc,0.2,1.0,2.0,MeCN:EtOAc=5:5,10.0,PENDING,PENDING,PENDING,0.0,55.00106283612361,14.198473777297599,1.5952700203609194,67.19827697999771,6.328029354861234,1.2096998273562471,1.8054544789297189,0.3751599770389155,3.335454478929719
1.0,4-hydroxy-TEMPO,5,Et4NOAc,0.2,1.0,2.0,MeCN:EtOAc=4:6,10.0,PENDING,PENDING,PENDING,0.0,54.545716252124606,14.209766685570692,1.5088621405180769,66.03251819097031,6.330376635794503,0.8957490982403282,1.803876405775036,0.37539147887933455,3.333876405775036
1.0,4-hydroxy-TEMPO,5,Et4NOAc,0.2,1.0,2.0,MeCN:EtOAc=3:7,10.0,PENDING,PENDING,PENDING,0.0,53.4856280505523,14.256367342896246,1.3274978445333385,65.83988707460388,6.351275241438965,0.8567518767906295,1.8614932858980642,0.37789734020916005,3.391493285898064
1.0,4-hydroxy-TEMPO,5,Et4NOAc,0.2,1.0,2.0,MeCN:EtOAc=2:8,10.0,PENDING,PENDING,PENDING,0.0,54.562366270079686,14.191302882242654,1.507016410333196,66.40230127285427,6.322989718333345,0.985579060184401,1.8119617228880742,0.3749469764843749,3.3419617228880742
1.0,4-hydroxy-TEMPO,5,Et4NOAc,0.2,1.0,1.5,MeCN:EtOAc=7:3,10.0,PENDING,PENDING,PENDING,0.0,54.56524509376781,14.273336477161502,1.5300501820470096,66.38492722170331,6.359035846652655,0.9927458112750365,1.8123296995689084,0.37710291643456834,3.3423296995689085
1.0,4-hydroxy-TEMPO,5,Et4NOAc,0.2,1.0,1.5,MeCN:EtOAc=6:4,10.0,PENDING,PENDING,PENDING,0.0,54.72374988365459,14.166203537319879,1.5313801854946498,66.65916800642898,6.312007682320121,1.0500318875259858,1.8128307161094213,0.37435900403210676,3.3428307161094213
1.0,4-hydroxy-TEMPO,5,Et4NOAc,0.2,1.0,1.5,MeCN:EtOAc=5:5,10.0,PENDING,PENDING,PENDING,0.0,55.00326113631975,14.17037109083697,1.5878250430603966,67.20991166236452,6.3156955480410115,1.2089073626486952,1.8052838856416642,0.37442169200203473,3.3352838856416644
1.0,4-hydroxy-TEMPO,5,Et4NOAc,0.2,1.0,1.5,MeCN:EtOAc=4:6,10.0,PENDING,PENDING,PENDING,0.0,54.544452502511646,14.181881863609144,1.5010021754115903,66.03565749805581,6.318084815982368,0.8926810875812767,1.8036937295128406,0.3746575768669246,3.3336937295128406
1.0,4-hydroxy-TEMPO,5,Et4NOAc,0.2,1.0,1.5,MeCN:EtOAc=3:7,10.0,PENDING,PENDING,PENDING,0.0,53.47694289499363,14.229181945830858,1.3190365601756415,65.84159268949654,6.339327849726623,0.8535065225210186,1.8617194768276923,0.37720327744594273,3.391719476827692
1.0,4-hydroxy-TEMPO,5,Et4NOAc,0.2,1.0,1.5,MeCN:EtOAc=2:8,10.0,PENDING,PENDING,PENDING,0.0,54.56132843909318,14.163139851404386,1.4991235561449727,66.40821157031301,6.310616467781158,0.9831055763756011,1.811836584604644,0.37420683530150295,3.341836584604644
1.0,4-hydroxy-TEMPO,5,Et4NOAc,0.2,1.0,1.0,MeCN:EtOAc=7:3,10.0,PENDING,PENDING,PENDING,0.0,54.566129218891334,14.299888434146194,1.5375188012288445,66.37925196593663,6.370704592694135,0.9950530012577101,1.81244993421957,0.3778007478866019,3.34244993421957
1.0,4-hydroxy-TEMPO,5,Et4NOAc,0.2,1.0,1.0,MeCN:EtOAc=6:4,10.0,PENDING,PENDING,PENDING,0.0,54.72352243560232,14.194398652801363,1.5391156698074617,66.65137873719813,6.324408760954398,1.052028838036478,1.8129478242997001,0.3750990452705337,3.3429478242997
1.0,4-hydroxy-TEMPO,5,Et4NOAc,0.2,1.0,1.0,MeCN:EtOAc=5:5,10.0,PENDING,PENDING,PENDING,0.0,55.00106283612361,14.198473777297599,1.5952700203609194,67.19827697999771,6.328029354861234,1.2096998273562471,1.8054544789297189,0.3751599770389155,3.335454478929719
1.0,4-hydroxy-TEMPO,5,Et4NOAc,0.2,1.0,1.0,MeCN:EtOAc=4:6,10.0,PENDING,PENDING,PENDING,0.0,54.545716252124606,14.209766685570692,1.5088621405180769,66.03251819097031,6.330376635794503,0.8957490982403282,1.803876405775036,0.37539147887933455,3.333876405775036
1.0,4-hydroxy-TEMPO,5,Et4NOAc,0.2,1.0,1.0,MeCN:EtOAc=3:7,10.0,PENDING,PENDING,PENDING,0.0,53.4856280505523,14.256367342896246,1.3274978445333385,65.83988707460388,6.351275241438965,0.8567518767906295,1.8614932858980642,0.37789734020916005,3.391493285898064
1.0,4-hydroxy-TEMPO,5,Et4NOAc,0.2,1.0,1.0,MeCN:EtOAc=2:8,10.0,PENDING,PENDING,PENDING,0.0,54.56236627007967,14.191302882242654,1.5070164103331938,66.40230127285427,6.322989718333345,0.985579060184401,1.8119617228880742,0.37494697648437497,3.3419617228880742
1.0,4-hydroxy-TEMPO,5,Et4NOAc,0.1,1.0,2.0,MeCN:EtOAc=7:3,10.0,PENDING,PENDING,PENDING,0.0,54.60283215546641,14.258921034400439,1.5333796746662003,66.19567141548183,6.349644742522419,0.9416978187940781,1.8045421589288584,0.37666343405327213,3.3345421589288584
1.0,4-hydroxy-TEMPO,5,Et4NOAc,0.1,1.0,2.0,MeCN:EtOAc=6:4,10.0,PENDING,PENDING,PENDING,0.0,54.76382365088914,14.145588069976066,1.5335161240477007,66.47259866431224,6.299793752476698,0.996326423135127,1.8049400305200465,0.3737241314636861,3.3349400305200465
1.0,4-hydroxy-TEMPO,5,Et4NOAc,0.1,1.0,2.0,MeCN:EtOAc=5:5,10.0,PENDING,PENDING,PENDING,0.0,55.04808325956858,14.16997482921381,1.5967239506580406,67.01655639724558,6.318911026786886,1.152795113560338,1.7970249060953853,0.37432034754850885,3.327024906095385
1.0,4-hydroxy-TEMPO,5,Et4NOAc,0.1,1.0,2.0,MeCN:EtOAc=4:6,10.0,PENDING,PENDING,PENDING,0.0,54.58186331792626,14.163462814630414,1.5031550432310024,65.8400633696798,6.305635104524689,0.8429086190024204,1.7956952765259313,0.37407633154150893,3.3256952765259316
1.0,4-hydroxy-TEMPO,5,Et4NOAc,0.1,1.0,2.0,MeCN:EtOAc=3:7,10.0,PENDING,PENDING,PENDING,0.0,53.50106072911964,14.205323001433927,1.317103102311505,65.64549751411015,6.326939347386929,0.8053982845890781,1.85488194452032,0.37650756398500473,3.3848819445203198
1.0,4-hydroxy-TEMPO,5,Et4NOAc,0.1,1.0,2.0,MeCN:EtOAc=2:8,10.0,PENDING,PENDING,PENDING,0.0,54.599834619895155,14.147900198395426,1.5023563731506981,66.21344764369015,6.300623300908949,0.9305865816326697,1.8038106952333224,0.37374175843493374,3.333810695233322
1.0,4-hydroxy-TEMPO,5,Et4NOAc,0.1,1.0,1.5,MeCN:EtOAc=7:3,10.0,PENDING,PENDING,PENDING,0.0,54.602138033489595,14.231777500225043,1.5257847850600905,66.20004775157634,6.337658921057331,0.9389874589234339,1.8043620916557332,0.37594910784065616,3.3343620916557333
1.0,4-hydroxy-TEMPO,5,Et4NOAc,0.1,1.0,1.5,MeCN:EtOAc=6:4,10.0,PENDING,PENDING,PENDING,0.0,54.76427733671976,14.116653869186056,1.525621743148974,66.4791450171958,6.287007267825129,0.9938788747470939,1.804762004280424,0.3729631743872268,3.334762004280424
1.0,4-hydroxy-TEMPO,5,Et4NOAc,0.1,1.0,1.5,MeCN:EtOAc=5:5,10.0,PENDING,PENDING,PENDING,0.0,55.05057577736173,14.141492663262186,1.5892217609238921,67.02690578156893,6.306463459715635,1.15153842577279,1.7967889601768487,0.37357056854438914,3.3267889601768488
1.0,4-hydroxy-TEMPO,5,Et4NOAc,0.1,1.0,1.5,MeCN:EtOAc=4:6,10.0,PENDING,PENDING,PENDING,0.0,54.580775001025,14.134890771966136,1.4951432320768991,65.84181139104615,6.2929586062083995,0.839463250599148,1.7954499202100453,0.3733227354199047,3.3254499202100454
1.0,4-hydroxy-TEMPO,5,Et4NOAc,0.1,1.0,1.5,MeCN:EtOAc=3:7,10.0,PENDING,PENDING,PENDING,0.0,53.49234839036248,14.177372052929352,1.3084620433048766,65.64579043714677,6.314618312304606,0.8018031126982816,1.8550612859782423,0.37579287217427143,3.3850612859782423
1.0,4-hydroxy-TEMPO,5,Et4NOAc,0.1,1.0,1.5,MeCN:EtOAc=2:8,10.0,PENDING,PENDING,PENDING,0.0,54.598990373703806,14.119098608025258,1.494326504315894,66.21800682966105,6.287906898802393,0.9276933458338641,1.8036230757606397,0.3729838112376898,3.3336230757606398
1.0,4-hydroxy-TEMPO,5,Et4NOAc,0.1,1.0,1.0,MeCN:EtOAc=7:3,10.0,PENDING,PENDING,PENDING,0.0,54.60283215546641,14.258921034400439,1.5333796746662003,66.19567141548183,6.349644742522419,0.9416978187940781,1.8045421589288584,0.37666343405327213,3.3345421589288584
1.0,4-hydroxy-TEMPO,5,Et4NOAc,0.1,1.0,1.0,MeCN:EtOAc=6:4,10.0,PENDING,PENDING,PENDING,0.0,54.76382365088915,14.145588069976068,1.5335161240477029,66.47259866431224,6.299793752476697,0.996326423135127,1.8049400305200465,0.3737241314636861,3.3349400305200465
1.0,4-hydroxy-TEMPO,5,Et4NOAc,0.1,1.0,1.0,MeCN:EtOAc=5:5,10.0,PENDING,PENDING,PENDING,0.0,55.04808325956858,14.169974829213809,1.5967239506580402,67.01655639724558,6.318911026786886,1.152795113560338,1.7970249060953853,0.3743203475485089,3.327024906095385
1.0,4-hydroxy-TEMPO,5,Et4NOAc,0.1,1.0,1.0,MeCN:EtOAc=4:6,10.0,PENDING,PENDING,PENDING,0.0,54.58186331792626,14.163462814630414,1.5031550432310024,65.8400633696798,6.305635104524689,0.8429086190024204,1.7956952765259313,0.37407633154150893,3.3256952765259316
1.0,4-hydroxy-TEMPO,5,Et4NOAc,0.1,1.0,1.0,MeCN:EtOAc=3:7,10.0,PENDING,PENDING,PENDING,0.0,53.50106072911964,14.205323001433927,1.317103102311505,65.64549751411015,6.326939347386929,0.8053982845890781,1.85488194452032,0.37650756398500473,3.3848819445203198
1.0,4-hydroxy-TEMPO,5,Et4NOAc,0.1,1.0,1.0,MeCN:EtOAc=2:8,10.0,PENDING,PENDING,PENDING,0.0,54.599834619895155,14.147900198395426,1.5023563731506981,66.21344764369015,6.300623300908949,0.9305865816326697,1.8038106952333224,0.37374175843493374,3.333810695233322
1.0,4-hydroxy-TEMPO,5,Et4NOAc,0.05,1.0,2.0,MeCN:EtOAc=7:3,10.0,PENDING,PENDING,PENDING,0.0,54.62219362808368,14.283205938445327,1.5438353087255123,66.09549715961118,6.362375959172079,0.9210067366653627,1.8010445888706206,0.37739182606302724,3.3310445888706206
1.0,4-hydroxy-TEMPO,5,Et4NOAc,0.05,1.0,2.0,MeCN:EtOAc=6:4,10.0,PENDING,PENDING,PENDING,0.0,54.78269763903193,14.169118456569409,1.5437169702774929,66.36987892884288,6.312445785466304,0.9738285305871686,1.801389149152245,0.3744248653446562,3.331389149152245
1.0,4-hydroxy-TEMPO,5,Et4NOAc,0.05,1.0,2.0,MeCN:EtOAc=5:5,10.0,PENDING,PENDING,PENDING,0.0,55.06625147441667,14.202169013748046,1.6094569408882036,66.90381272943999,6.337938534366792,1.126820535432307,1.7933934911824216,0.37524655412849467,3.3233934911824217
1.0,4-hydroxy-TEMPO,5,Et4NOAc,0.05,1.0,2.0,MeCN:EtOAc=4:6,10.0,PENDING,PENDING,PENDING,0.0,54.60171478265756,14.187604014562428,1.5135852519463362,65.74148685951411,6.3180193401306175,0.8241924099187972,1.7922055659367893,0.3747931763395884,3.3222055659367893
1.0,4-hydroxy-TEMPO,5,Et4NOAc,0.05,1.0,2.0,MeCN:EtOAc=3:7,10.0,PENDING,PENDING,PENDING,0.0,53.52571493715089,14.226161662234187,1.3267088043976911,65.54925858386788,6.338840439934624,0.7877997698271297,1.851238823251589,0.37712761775843984,3.3812388232515893
1.0,4-hydroxy-TEMPO,5,Et4NOAc,0.05,1.0,2.0,MeCN:EtOAc=2:8,10.0,PENDING,PENDING,PENDING,0.0,54.61985962671434,14.173610398289187,1.5132536520864561,66.11028994782379,6.314078510999317,0.9094680688539125,1.8002105786717306,0.3745126708115181,3.3302105786717306
1.0,4-hydroxy-TEMPO,5,Et4NOAc,0.05,1.0,1.5,MeCN:EtOAc=7:3,10.0,PENDING,PENDING,PENDING,0.0,54.6216623846048,14.25640881972465,1.5363487488620495,66.09913921422313,6.35056625878748,0.9181897862788657,1.8008392745667472,0.3766878359243917,3.330839274566747
1.0,4-hydroxy-TEMPO,5,Et4NOAc,0.05,1.0,1.5,MeCN:EtOAc=6:4,10.0,PENDING,PENDING,PENDING,0.0,54.783309434043304,14.14052129456418,1.535928106226947,66.37566309737731,6.299836261186687,0.9712509521178594,1.801185329185615,0.3736738901451934,3.3311853291856153
1.0,4-hydroxy-TEMPO,5,Et4NOAc,0.05,1.0,1.5,MeCN:EtOAc=5:5,10.0,PENDING,PENDING,PENDING,0.0,55.06889541627434,14.174170977092645,1.6021025882001116,66.91329769460263,6.325774461221487,1.1253947852964872,1.7931308914157906,0.37451054400142053,3.323130891415791
1.0,4-hydroxy-TEMPO,5,Et4NOAc,0.05,1.0,1.5,MeCN:EtOAc=4:6,10.0,PENDING,PENDING,PENDING,0.0,54.600796723053215,14.159379062857079,1.5056807322502168,65.74251745625605,6.305515146971619,0.8206701321628771,1.7919350455409804,0.3740498195320146,3.3219350455409806
1.0,4-hydroxy-TEMPO,5,Et4NOAc,0.05,1.0,1.5,MeCN:EtOAc=3:7,10.0,PENDING,PENDING,PENDING,0.0,53.517219730778145,14.198500817949755,1.3181515427043928,65.54885840586934,6.326682564443779,0.784139762391775,1.8513915009100221,0.3764214667257007,3.381391500910022
1.0,4-hydroxy-TEMPO,5,Et4NOAc,0.05,1.0,1.5,MeCN:EtOAc=2:8,10.0,PENDING,PENDING,PENDING,0.0,54.61918638949042,14.145182207521108,1.5053377258790337,66.11408359056098,6.30155150468619,0.9064676013363884,1.7999966606227755,0.37376586031290465,3.3299966606227756
1.0,4-hydroxy-TEMPO,5,Et4NOAc,0.05,1.0,1.0,MeCN:EtOAc=7:3,10.0,PENDING,PENDING,PENDING,0.0,54.62219362808368,14.283205938445327,1.5438353087255123,66.09549715961118,6.362375959172079,0.9210067366653627,1.8010445888706206,0.37739182606302724,3.3310445888706206
1.0,4-hydroxy-TEMPO,5,Et4NOAc,0.05,1.0,1.0,MeCN:EtOAc=6:4,10.0,PENDING,PENDING,PENDING,0.0,54.78269763903193,14.169118456569409,1.5437169702774929,66.36987892884288,6.312445785466304,0.9738285305871686,1.801389149152245,0.3744248653446562,3.331389149152245
1.0,4-hydroxy-TEMPO,5,Et4NOAc,0.05,1.0,1.0,MeCN:EtOAc=5:5,10.0,PENDING,PENDING,PENDING,0.0,55.06625147441667,14.202169013748046,1.6094569408882036,66.90381272943999,6.337938534366792,1.126820535432307,1.7933934911824216,0.37524655412849467,3.3233934911824217
1.0,4-hydroxy-TEMPO,5,Et4NOAc,0.05,1.0,1.0,MeCN:EtOAc=4:6,10.0,PENDING,PENDING,PENDING,0.0,54.60171478265756,14.187604014562428,1.5135852519463362,65.74148685951411,6.3180193401306175,0.8241924099187972,1.7922055659367893,0.3747931763395884,3.3222055659367893
1.0,4-hydroxy-TEMPO,5,Et4NOAc,0.05,1.0,1.0,MeCN:EtOAc=3:7,10.0,PENDING,PENDING,PENDING,0.0,53.52571493715088,14.226161662234185,1.326708804397689,65.54925858386788,6.338840439934624,0.7877997698271297,1.851238823251589,0.37712761775843984,3.3812388232515893
1.0,4-hydroxy-TEMPO,5,Et4NOAc,0.05,1.0,1.0,MeCN:EtOAc=2:8,10.0,PENDING,PENDING,PENDING,0.0,54.61985962671432,14.173610398289187,1.5132536520864548,66.11028994782379,6.314078510999316,0.9094680688539123,1.8002105786717306,0.3745126708115181,3.3302105786717306
1.0,4-hydroxy-TEMPO,5,Et4NClO4,0.2,1.0,2.0,MeCN:EtOAc=7:3,10.0,PENDING,PENDING,PENDING,0.0,53.79728102177396,14.32572073939771,1.400580975352454,65.81673452116394,6.3853066990587095,0.8617634203828297,1.8539125708316226,0.3797015599451202,3.3839125708316224
1.0,4-hydroxy-TEMPO,5,Et4NClO4,0.2,1.0,2.0,MeCN:EtOAc=6:4,10.0,PENDING,PENDING,PENDING,0.0,53.938289170306724,14.240991494286021,1.4037789914337746,66.06662520114584,6.351165746788759,0.9104647345982619,1.8549318715469838,0.37762812813548224,3.384931871546984
1.0,4-hydroxy-TEMPO,5,Et4NClO4,0.2,1.0,2.0,MeCN:EtOAc=5:5,10.0,PENDING,PENDING,PENDING,0.0,54.217890626081,14.229223575983589,1.4520604576021348,66.62937131014765,6.348617992958457,1.054082656364951,1.8476767377561492,0.3773201065104808,3.377676737756149
1.0,4-hydroxy-TEMPO,5,Et4NClO4,0.2,1.0,2.0,MeCN:EtOAc=4:6,10.0,PENDING,PENDING,PENDING,0.0,53.78261464150981,14.256555200437493,1.3798327554451277,65.48712796894986,6.355737506731207,0.7793170357811621,1.8458931922809665,0.37792461158212803,3.3758931922809667
1.0,4-hydroxy-TEMPO,5,Et4NClO4,0.2,1.0,2.0,MeCN:EtOAc=3:7,10.0,PENDING,PENDING,PENDING,0.0,52.66441397110279,14.201391827760467,1.1777805065603824,65.25271601237725,6.327389467027965,0.7221063055338137,1.9055994500352385,0.37549276021234596,3.4355994500352383
1.0,4-hydroxy-TEMPO,5,Et4NClO4,0.2,1.0,2.0,MeCN:EtOAc=2:8,10.0,PENDING,PENDING,PENDING,0.0,53.77131520859243,14.218942374948588,1.3680053364454747,65.82272263979793,6.3385355164718025,0.8489112146186724,1.8546059091119278,0.3769756907482002,3.3846059091119276
1.0,4-hydroxy-TEMPO,5,Et4NClO4,0.2,1.0,1.5,MeCN:EtOAc=7:3,10.0,PENDING,PENDING,PENDING,0.0,53.79092867718922,14.299606114388503,1.3925876198091767,65.81821225708269,6.373866777235398,0.8586193177182249,1.854083419580625,0.37903471319057286,3.384083419580625
1.0,4-hydroxy-TEMPO,5,Et4NClO4,0.2,1.0,1.5,MeCN:EtOAc=6:4,10.0,PENDING,PENDING,PENDING,0.0,53.93288104782089,14.213604836081908,1.3955862442440616,66.06997776239692,6.339207392861673,0.9075394402254988,1.8551109162065906,0.37693041460407584,3.3851109162065907
1.0,4-hydroxy-TEMPO,5,Et4NClO4,0.2,1.0,1.5,MeCN:EtOAc=5:5,10.0,PENDING,PENDING,PENDING,0.0,54.21447734155358,14.201648299095583,1.4440366868846843,66.6367455628503,6.336615882396626,1.0521052999955103,1.84780466407861,0.3766176666340096,3.37780466407861
1.0,4-hydroxy-TEMPO,5,Et4NClO4,0.2,1.0,1.5,MeCN:EtOAc=4:6,10.0,PENDING,PENDING,PENDING,0.0,53.77595137371692,14.229462840134994,1.3715725310901794,65.48624433576012,6.3438552658850025,0.7756561761798271,1.8460069954287546,0.3772325104844362,3.376006995428755
1.0,4-hydroxy-TEMPO,5,Et4NClO4,0.2,1.0,1.5,MeCN:EtOAc=3:7,10.0,PENDING,PENDING,PENDING,0.0,52.649719427998676,14.173275488949344,1.1686863820360833,65.24996462199387,6.315023875460308,0.7180525468483381,1.9061436077980258,0.37475778844043095,3.4361436077980256
1.0,4-hydroxy-TEMPO,5,Et4NClO4,0.2,1.0,1.5,MeCN:EtOAc=2:8,10.0,PENDING,PENDING,PENDING,0.0,53.764586577050366,14.191256156787647,1.3596058425600352,65.82425235702583,6.326410444873614,0.845580506379848,1.8547834628484074,0.3762692369988874,3.3847834628484073
1.0,4-hydroxy-TEMPO,5,Et4NClO4,0.2,1.0,1.0,MeCN:EtOAc=7:3,10.0,PENDING,PENDING,PENDING,0.0,53.79728102177396,14.32572073939771,1.400580975352454,65.81673452116394,6.3853066990587095,0.8617634203828297,1.8539125708316226,0.3797015599451202,3.3839125708316224
1.0,4-hydroxy-TEMPO,5,Et4NClO4,0.2,1.0,1.0,MeCN:EtOAc=6:4,10.0,PENDING,PENDING,PENDING,0.0,53.938289170306724,14.240991494286021,1.4037789914337746,66.06662520114584,6.351165746788758,0.9104647345982619,1.8549318715469838,0.3776281281354823,3.384931871546984
1.0,4-hydroxy-TEMPO,5,Et4NClO4,0.2,1.0,1.0,MeCN:EtOAc=5:5,10.0,PENDING,PENDING,PENDING,0.0,54.217890626081,14.229223575983589,1.4520604576021348,66.62937131014765,6.348617992958457,1.054082656364951,1.8476767377561492,0.3773201065104808,3.377676737756149
1.0,4-hydroxy-TEMPO,5,Et4NClO4,0.2,1.0,1.0,MeCN:EtOAc=4:6,10.0,PENDING,PENDING,PENDING,0.0,53.78261464150981,14.256555200437493,1.3798327554451277,65.48712796894986,6.355737506731207,0.7793170357811621,1.8458931922809665,0.37792461158212803,3.3758931922809667
1.0,4-hydroxy-TEMPO,5,Et4NClO4,0.2,1.0,1.0,MeCN:EtOAc=3:7,10.0,PENDING,PENDING,PENDING,0.0,52.66441397110279,14.201391827760467,1.1777805065603824,65.25271601237725,6.327389467027965,0.7221063055338137,1.9055994500352385,0.37549276021234596,3.4355994500352383
1.0,4-hydroxy-TEMPO,5,Et4NClO4,0.2,1.0,1.0,MeCN:EtOAc=2:8,10.0,PENDING,PENDING,PENDING,0.0,53.77131520859243,14.218942374948588,1.3680053364454747,65.82272263979793,6.3385355164718025,0.8489112146186724,1.8546059091119278,0.3769756907482002,3.3846059091119276
1.0,4-hydroxy-TEMPO,5,Et4NClO4,0.1,1.0,2.0,MeCN:EtOAc=7:3,10.0,PENDING,PENDING,PENDING,0.0,53.818580032694705,14.28746890157224,1.3943765879249614,65.6243060059428,6.364080841333711,0.8117455507531737,1.8472191545304988,0.3785871791416544,3.377219154530499
1.0,4-hydroxy-TEMPO,5,Et4NClO4,0.1,1.0,2.0,MeCN:EtOAc=6:4,10.0,PENDING,PENDING,PENDING,0.0,53.96271871173938,14.196369310860588,1.3964476019217638,65.87829754254257,6.327199945966844,0.8583184479739621,1.848160657051488,0.37632708776949614,3.378160657051488
1.0,4-hydroxy-TEMPO,5,Et4NClO4,0.1,1.0,2.0,MeCN:EtOAc=5:5,10.0,PENDING,PENDING,PENDING,0.0,54.24907574763367,14.203298140692558,1.450921206807649,66.43912860823896,6.338958774388576,1.0003188034587003,1.8405075719947575,0.3764780070325755,3.3705075719947573
1.0,4-hydroxy-TEMPO,5,Et4NClO4,0.1,1.0,2.0,MeCN:EtOAc=4:6,10.0,PENDING,PENDING,PENDING,0.0,53.80353520599304,14.214051301503002,1.372470871010265,65.2864037481423,6.3314193751391175,0.7301312662711543,1.8389481015816422,0.3766699495317561,3.3689481015816423
1.0,4-hydroxy-TEMPO,5,Et4NClO4,0.1,1.0,2.0,MeCN:EtOAc=3:7,10.0,PENDING,PENDING,PENDING,0.0,52.66297153567959,14.149165548836569,1.1649703468514008,65.048608138037,6.300849455221128,0.6742059723609344,1.9002680029893304,0.37391278908676967,3.4302680029893304
1.0,4-hydroxy-TEMPO,5,Et4NClO4,0.1,1.0,2.0,MeCN:EtOAc=2:8,10.0,PENDING,PENDING,PENDING,0.0,53.79274905209003,14.178459947803532,1.3612760134077355,65.62462661341317,6.316000550987193,0.7975451691168935,1.8477187983427263,0.3757960783851502,3.3777187983427264
1.0,4-hydroxy-TEMPO,5,Et4NClO4,0.1,1.0,1.5,MeCN:EtOAc=7:3,10.0,PENDING,PENDING,PENDING,0.0,53.81226335111624,14.260812085056035,1.386255300959831,65.62438850785527,6.352323142241057,0.8082680533124698,1.8473423016267794,0.37790447424257617,3.377342301626779
1.0,4-hydroxy-TEMPO,5,Et4NClO4,0.1,1.0,1.5,MeCN:EtOAc=6:4,10.0,PENDING,PENDING,PENDING,0.0,53.95737567938613,14.168325548247402,1.3881030332644966,65.88029995505396,6.314873396774832,0.855019215932665,1.8482912255388768,0.37561021989937515,3.378291225538877
1.0,4-hydroxy-TEMPO,5,Et4NClO4,0.1,1.0,1.5,MeCN:EtOAc=5:5,10.0,PENDING,PENDING,PENDING,0.0,54.24579619689308,14.175389778598426,1.4428288397997537,66.44512642337718,6.326834074302996,0.9979439052475947,1.8405829411136072,0.37576418776077314,3.3705829411136072
1.0,4-hydroxy-TEMPO,5,Et4NClO4,0.1,1.0,1.5,MeCN:EtOAc=4:6,10.0,PENDING,PENDING,PENDING,0.0,53.79689610870825,14.18634416944795,1.3640654460741786,65.28404089623449,6.319164269434088,0.7261668022126369,1.8390116573717505,0.3759595906131134,3.3690116573717503
1.0,4-hydroxy-TEMPO,5,Et4NClO4,0.1,1.0,1.5,MeCN:EtOAc=3:7,10.0,PENDING,PENDING,PENDING,0.0,52.64807380880543,14.120250181360431,1.155692296747647,65.04433460911805,6.28806617427121,0.669876716461993,1.9007783839247503,0.3731533458957158,3.4307783839247503
1.0,4-hydroxy-TEMPO,5,Et4NClO4,0.1,1.0,1.5,MeCN:EtOAc=2:8,10.0,PENDING,PENDING,PENDING,0.0,53.78605070746843,14.150189447929732,1.35273965987043,65.62470267485347,6.303531814767355,0.7938713251742289,1.8478467024124288,0.37507254211442564,3.3778467024124286
1.0,4-hydroxy-TEMPO,5,Et4NClO4,0.1,1.0,1.0,MeCN:EtOAc=7:3,10.0,PENDING,PENDING,PENDING,0.0,53.818580032694705,14.28746890157224,1.3943765879249614,65.6243060059428,6.364080841333711,0.8117455507531737,1.8472191545304988,0.3785871791416544,3.377219154530499
1.0,4-hydroxy-TEMPO,5,Et4NClO4,0.1,1.0,1.0,MeCN:EtOAc=6:4,10.0,PENDING,PENDING,PENDING,0.0,53.96271871173938,14.196369310860588,1.3964476019217638,65.87829754254257,6.327199945966844,0.8583184479739621,1.848160657051488,0.37632708776949614,3.378160657051488
1.0,4-hydroxy-TEMPO,5,Et4NClO4,0.1,1.0,1.0,MeCN:EtOAc=5:5,10.0,PENDING,PENDING,PENDING,0.0,54.24907574763367,14.20329814069256,1.4509212068076494,66.43912860823896,6.338958774388576,1.0003188034587003,1.8405075719947575,0.3764780070325755,3.3705075719947573
1.0,4-hydroxy-TEMPO,5,Et4NClO4,0.1,1.0,1.0,MeCN:EtOAc=4:6,10.0,PENDING,PENDING,PENDING,0.0,53.80353520599305,14.214051301503002,1.3724708710102669,65.2864037481423,6.3314193751391175,0.7301312662711543,1.838948101581642,0.3766699495317561,3.3689481015816423
1.0,4-hydroxy-TEMPO,5,Et4NClO4,0.1,1.0,1.0,MeCN:EtOAc=3:7,10.0,PENDING,PENDING,PENDING,0.0,52.6629715356796,14.149165548836569,1.1649703468514039,65.048608138037,6.300849455221129,0.6742059723609346,1.90026800298933,0.37391278908676967,3.43026800298933
1.0,4-hydroxy-TEMPO,5,Et4NClO4,0.1,1.0,1.0,MeCN:EtOAc=2:8,10.0,PENDING,PENDING,PENDING,0.0,53.79274905209002,14.178459947803532,1.361276013407732,65.62462661341317,6.3160005509871935,0.797545169116894,1.8477187983427261,0.3757960783851503,3.377718798342726
1.0,4-hydroxy-TEMPO,5,Et4NClO4,0.05,1.0,2.0,MeCN:EtOAc=7:3,10.0,PENDING,PENDING,PENDING,0.0,53.84141697796704,14.312432041723886,1.4050540605925206,65.52949663504633,6.376393119026724,0.7945488811990025,1.8436576669085514,0.37928267995317516,3.373657666908551
1.0,4-hydroxy-TEMPO,5,Et4NClO4,0.05,1.0,2.0,MeCN:EtOAc=6:4,10.0,PENDING,PENDING,PENDING,0.0,53.985178180020924,14.220554715771167,1.406902412288758,65.78116050049098,6.339333279118536,0.8396226896638523,1.8445450922825792,0.3769950306951416,3.3745450922825793
1.0,4-hydroxy-TEMPO,5,Et4NClO4,0.05,1.0,2.0,MeCN:EtOAc=5:5,10.0,PENDING,PENDING,PENDING,0.0,54.27079957102398,14.235966008048612,1.4637631189259732,66.332036082825,6.357209752108605,0.978542224341546,1.83681718441824,0.3773524741102164,3.36681718441824
1.0,4-hydroxy-TEMPO,5,Et4NClO4,0.05,1.0,2.0,MeCN:EtOAc=4:6,10.0,PENDING,PENDING,PENDING,0.0,53.8268098987811,14.23869779043705,1.3830747562161854,65.19306438865974,6.34325393622631,0.7145046122272818,1.835392766246766,0.37734883026533056,3.365392766246766
1.0,4-hydroxy-TEMPO,5,Et4NClO4,0.05,1.0,2.0,MeCN:EtOAc=3:7,10.0,PENDING,PENDING,PENDING,0.0,52.69147606304703,14.171517267082656,1.174847008934543,64.95791978216901,6.31283988579651,0.6600902934325485,1.896533167756243,0.37455393564068235,3.4265331677562427
1.0,4-hydroxy-TEMPO,5,Et4NClO4,0.05,1.0,2.0,MeCN:EtOAc=2:8,10.0,PENDING,PENDING,PENDING,0.0,53.81639179818907,14.20488829995599,1.372373880246327,65.52706401499199,6.329006806291375,0.7801036705172235,1.8440524005521204,0.3765314911918375,3.37405240055212
1.0,4-hydroxy-TEMPO,5,Et4NClO4,0.05,1.0,1.5,MeCN:EtOAc=7:3,10.0,PENDING,PENDING,PENDING,0.0,53.83529799603695,14.286131374090255,1.3970361570133099,65.52890112826782,6.364804291095957,0.7910093644143221,1.8437549867075997,0.37860968340626694,3.3737549867076
1.0,4-hydroxy-TEMPO,5,Et4NClO4,0.05,1.0,1.5,MeCN:EtOAc=6:4,10.0,PENDING,PENDING,PENDING,0.0,53.980029686272424,14.19285652806588,1.3986587077765473,65.78246037036938,6.327173889319414,0.8362438475050429,1.8446492786062776,0.3762874892041435,3.3746492786062774
1.0,4-hydroxy-TEMPO,5,Et4NClO4,0.05,1.0,1.5,MeCN:EtOAc=5:5,10.0,PENDING,PENDING,PENDING,0.0,54.267707392226725,14.208546934439553,1.4558102635511108,66.3372298702597,6.345353729011143,0.9760570423543087,1.8368653958219479,0.376651392191947,3.366865395821948
1.0,4-hydroxy-TEMPO,5,Et4NClO4,0.05,1.0,1.5,MeCN:EtOAc=4:6,10.0,PENDING,PENDING,PENDING,0.0,53.820374986636786,14.211343501231022,1.3747708238671579,65.19003851805117,6.331160967443222,0.7104992417698619,1.8354305560503095,0.3766479599661973,3.3654305560503097
1.0,4-hydroxy-TEMPO,5,Et4NClO4,0.05,1.0,1.5,MeCN:EtOAc=3:7,10.0,PENDING,PENDING,PENDING,0.0,52.67683583929157,14.142920616080021,1.1656480050259157,64.95301227892956,6.300223750266078,0.6557398265689232,1.8970159040097414,0.373803586989664,3.4270159040097417
1.0,4-hydroxy-TEMPO,5,Et4NClO4,0.05,1.0,1.5,MeCN:EtOAc=2:8,10.0,PENDING,PENDING,PENDING,0.0,53.809901304243105,14.177001597643553,1.363945514292122,65.52643428031247,6.316719521052296,0.7763700886934672,1.844153397011885,0.3758183970754272,3.3741533970118853
1.0,4-hydroxy-TEMPO,5,Et4NClO4,0.05,1.0,1.0,MeCN:EtOAc=7:3,10.0,PENDING,PENDING,PENDING,0.0,53.84141697796705,14.312432041723888,1.4050540605925215,65.52949663504633,6.376393119026725,0.7945488811990025,1.8436576669085512,0.3792826799531753,3.373657666908551
1.0,4-hydroxy-TEMPO,5,Et4NClO4,0.05,1.0,1.0,MeCN:EtOAc=6:4,10.0,PENDING,PENDING,PENDING,0.0,53.985178180020924,14.220554715771167,1.406902412288758,65.78116050049098,6.339333279118536,0.8396226896638523,1.8445450922825792,0.3769950306951416,3.3745450922825793
1.0,4-hydroxy-TEMPO,5,Et4NClO4,0.05,1.0,1.0,MeCN:EtOAc=5:5,10.0,PENDING,PENDING,PENDING,0.0,54.27079957102398,14.235966008048612,1.4637631189259732,66.332036082825,6.357209752108605,0.978542224341546,1.83681718441824,0.3773524741102164,3.36681718441824
1.0,4-hydroxy-TEMPO,5,Et4NClO4,0.05,1.0,1.0,MeCN:EtOAc=4:6,10.0,PENDING,PENDING,PENDING,0.0,53.8268098987811,14.23869779043705,1.3830747562161854,65.19306438865974,6.34325393622631,0.7145046122272818,1.835392766246766,0.37734883026533056,3.365392766246766
1.0,4-hydroxy-TEMPO,5,Et4NClO4,0.05,1.0,1.0,MeCN:EtOAc=3:7,10.0,PENDING,PENDING,PENDING,0.0,52.69147606304703,14.171517267082656,1.174847008934543,64.95791978216901,6.31283988579651,0.6600902934325485,1.896533167756243,0.37455393564068235,3.4265331677562427
1.0,4-hydroxy-TEMPO,5,Et4NClO4,0.05,1.0,1.0,MeCN:EtOAc=2:8,10.0,PENDING,PENDING,PENDING,0.0,53.81639179818907,14.204888299955986,1.3723738802463274,65.527064014992,6.329006806291373,0.7801036705172262,1.8440524005521202,0.3765314911918375,3.37405240055212
1.0,4-hydroxy-TEMPO,5,Et4NBF4,0.2,1.0,2.0,MeCN:EtOAc=7:3,10.0,PENDING,PENDING,PENDING,0.0,54.871374197880215,14.280452971021685,1.5922588368824435,66.3703968952735,6.363303056352019,0.9903699906436094,1.804470611632894,0.3772962230643823,3.334470611632894
1.0,4-hydroxy-TEMPO,5,Et4NBF4,0.2,1.0,2.0,MeCN:EtOAc=6:4,10.0,PENDING,PENDING,PENDING,0.0,55.03265495823061,14.181924647161944,1.596976179020614,66.63519820474274,6.320361436272426,1.0463045538128262,1.8048524265999075,0.3747317963821459,3.3348524265999075
1.0,4-hydroxy-TEMPO,5,Et4NBF4,0.2,1.0,2.0,MeCN:EtOAc=5:5,10.0,PENDING,PENDING,PENDING,0.0,55.31704709637032,14.168233228119746,1.6511340572417166,67.20284237490709,6.31391864069292,1.2061608852384982,1.7972625236269053,0.3743593703335712,3.3272625236269056
1.0,4-hydroxy-TEMPO,5,Et4NBF4,0.2,1.0,2.0,MeCN:EtOAc=4:6,10.0,PENDING,PENDING,PENDING,0.0,54.86855760369778,14.19932673096072,1.5690468575747696,66.03085478753323,6.324353782234996,0.8934773283136557,1.7953841691682402,0.3750731737834016,3.32538416916824
1.0,4-hydroxy-TEMPO,5,Et4NBF4,0.2,1.0,2.0,MeCN:EtOAc=3:7,10.0,PENDING,PENDING,PENDING,0.0,53.77131520859243,14.218942374948588,1.3680053364454747,65.82272263979793,6.3385355164718025,0.8489112146186724,1.8546059091119278,0.3769756907482002,3.3846059091119276
1.0,4-hydroxy-TEMPO,5,Et4NBF4,0.2,1.0,2.0,MeCN:EtOAc=2:8,10.0,PENDING,PENDING,PENDING,0.0,54.8763647238124,14.171071935188827,1.5627261449377263,66.39307931724996,6.315230425886706,0.9806914514858747,1.8037403779295005,0.374420483943824,3.3337403779295007
1.0,4-hydroxy-TEMPO,5,Et4NBF4,0.2,1.0,1.5,MeCN:EtOAc=7:3,10.0,PENDING,PENDING,PENDING,0.0,54.87264622047367,14.253705453697247,1.5850335085889369,66.3759824085664,6.351546845654895,0.9880126875903581,1.80429082946234,0.37659300217261776,3.33429082946234
1.0,4-hydroxy-TEMPO,5,Et4NBF4,0.2,1.0,1.5,MeCN:EtOAc=6:4,10.0,PENDING,PENDING,PENDING,0.0,55.03507577314847,14.153661786483912,1.5895234481184866,66.642818662659,6.307933194920482,1.0442527406437812,1.804674532765193,0.3739888874939201,3.334674532765193
1.0,4-hydroxy-TEMPO,5,Et4NBF4,0.2,1.0,1.5,MeCN:EtOAc=5:5,10.0,PENDING,PENDING,PENDING,0.0,55.3215096387693,14.139746408215004,1.6439243283481786,67.21452818854188,6.301379918525576,1.2053116520725138,1.7970301999102907,0.373610556270128,3.3270301999102907
1.0,4-hydroxy-TEMPO,5,Et4NBF4,0.2,1.0,1.5,MeCN:EtOAc=4:6,10.0,PENDING,PENDING,PENDING,0.0,54.86962823445265,14.171401853610606,1.5614839553010182,66.03397906547353,6.311994095199575,0.8903862510291494,1.7951365602435356,0.3743370509188197,3.3251365602435357
1.0,4-hydroxy-TEMPO,5,Et4NBF4,0.2,1.0,1.5,MeCN:EtOAc=3:7,10.0,PENDING,PENDING,PENDING,0.0,53.76458657705038,14.191256156787647,1.359605842560038,65.82425235702583,6.3264104448736145,0.8455805063798487,1.8547834628484074,0.3762692369988874,3.3847834628484073
1.0,4-hydroxy-TEMPO,5,Et4NBF4,0.2,1.0,1.5,MeCN:EtOAc=2:8,10.0,PENDING,PENDING,PENDING,0.0,54.87756996264677,14.142704430542437,1.5550739975879488,66.39889450525841,6.302764358918715,0.97816505118834,1.803553104776927,0.3736746765967479,3.333553104776927
1.0,4-hydroxy-TEMPO,5,Et4NBF4,0.2,1.0,1.0,MeCN:EtOAc=7:3,10.0,PENDING,PENDING,PENDING,0.0,54.871374197880215,14.280452971021685,1.5922588368824435,66.3703968952735,6.363303056352019,0.9903699906436094,1.804470611632894,0.3772962230643823,3.334470611632894
1.0,4-hydroxy-TEMPO,5,Et4NBF4,0.2,1.0,1.0,MeCN:EtOAc=6:4,10.0,PENDING,PENDING,PENDING,0.0,55.03265495823061,14.181924647161944,1.596976179020614,66.63519820474274,6.320361436272426,1.0463045538128262,1.8048524265999075,0.3747317963821459,3.3348524265999075
1.0,4-hydroxy-TEMPO,5,Et4NBF4,0.2,1.0,1.0,MeCN:EtOAc=5:5,10.0,PENDING,PENDING,PENDING,0.0,55.3170470963703,14.168233228119746,1.651134057241713,67.20284237490709,6.31391864069292,1.2061608852384982,1.7972625236269053,0.3743593703335712,3.3272625236269056
1.0,4-hydroxy-TEMPO,5,Et4NBF4,0.2,1.0,1.0,MeCN:EtOAc=4:6,10.0,PENDING,PENDING,PENDING,0.0,54.86855760369779,14.19932673096072,1.5690468575747705,66.03085478753323,6.324353782234996,0.8934773283136557,1.7953841691682402,0.3750731737834016,3.32538416916824
1.0,4-hydroxy-TEMPO,5,Et4NBF4,0.2,1.0,1.0,MeCN:EtOAc=3:7,10.0,PENDING,PENDING,PENDING,0.0,53.77131520859243,14.218942374948588,1.3680053364454747,65.82272263979793,6.3385355164718025,0.8489112146186724,1.8546059091119274,0.3769756907482002,3.3846059091119276
1.0,4-hydroxy-TEMPO,5,Et4NBF4,0.2,1.0,1.0,MeCN:EtOAc=2:8,10.0,PENDING,PENDING,PENDING,0.0,54.87636472381241,14.171071935188825,1.5627261449377277,66.39307931724996,6.315230425886705,0.9806914514858738,1.8037403779295007,0.374420483943824,3.3337403779295007
1.0,4-hydroxy-TEMPO,5,Et4NBF4,0.1,1.0,2.0,MeCN:EtOAc=7:3,10.0,PENDING,PENDING,PENDING,0.0,54.914624527923806,14.251173503985747,1.5927115539355903,66.18334449011986,6.344424679972518,0.9369806481102025,1.7962476330513921,0.37641523873350907,3.326247633051392
1.0,4-hydroxy-TEMPO,5,Et4NBF4,0.1,1.0,2.0,MeCN:EtOAc=6:4,10.0,PENDING,PENDING,PENDING,0.0,55.079619767662294,14.145761368583381,1.596270076191968,66.45265462241824,6.298242841361858,0.9906216457122079,1.7965228560063242,0.37363366583634616,3.3265228560063242
1.0,4-hydroxy-TEMPO,5,Et4NBF4,0.1,1.0,2.0,MeCN:EtOAc=5:5,10.0,PENDING,PENDING,PENDING,0.0,55.3709599272914,14.152372321244139,1.6577707672379525,67.01770607388794,6.307262687119969,1.1491381784567434,1.78850148362926,0.37379470847576257,3.31850148362926
1.0,4-hydroxy-TEMPO,5,Et4NBF4,0.1,1.0,2.0,MeCN:EtOAc=4:6,10.0,PENDING,PENDING,PENDING,0.0,54.91174955850025,14.165442520229163,1.5681778009450267,65.83514376695449,6.301787639832599,0.8406106743352801,1.7868693405953815,0.3740276385523594,3.3168693405953817
1.0,4-hydroxy-TEMPO,5,Et4NBF4,0.1,1.0,2.0,MeCN:EtOAc=3:7,10.0,PENDING,PENDING,PENDING,0.0,53.79274905209003,14.178459947803532,1.3612760134077355,65.62462661341317,6.316000550987193,0.7975451691168935,1.847718798342726,0.3757960783851503,3.377718798342726
1.0,4-hydroxy-TEMPO,5,Et4NBF4,0.1,1.0,2.0,MeCN:EtOAc=2:8,10.0,PENDING,PENDING,PENDING,0.0,54.92064759380594,14.14020251283274,1.5629089221710566,66.20060034874669,6.2952021541129515,0.9256895533045861,1.7952603869673038,0.3734902117529375,3.3252603869673036
1.0,4-hydroxy-TEMPO,5,Et4NBF4,0.1,1.0,1.5,MeCN:EtOAc=7:3,10.0,PENDING,PENDING,PENDING,0.0,54.916151939899834,14.22403872575764,1.5854211463624406,66.18759359673285,6.332389272739268,0.9342260422141326,1.7960046561172347,0.37570002202198316,3.3260046561172345
1.0,4-hydroxy-TEMPO,5,Et4NBF4,0.1,1.0,1.5,MeCN:EtOAc=6:4,10.0,PENDING,PENDING,PENDING,0.0,55.08233377534858,14.116985659440767,1.5887251896996188,66.45899015209491,6.285474177952573,0.9881268192180148,1.7962805814528404,0.37287481007003537,3.3262805814528402
1.0,4-hydroxy-TEMPO,5,Et4NBF4,0.1,1.0,1.5,MeCN:EtOAc=5:5,10.0,PENDING,PENDING,PENDING,0.0,55.37578704966926,14.123731263359785,1.6505769329405107,67.02806984164924,6.294654109938724,1.1478295021924503,1.7882001990522896,0.37303931213151476,3.3182001990522894
1.0,4-hydroxy-TEMPO,5,Et4NBF4,0.1,1.0,1.5,MeCN:EtOAc=4:6,10.0,PENDING,PENDING,PENDING,0.0,54.91306817315116,14.13705131959318,1.5605277692552528,65.83684247409852,6.2890810375522515,0.8371477363668183,1.7865554108285864,0.37327662667748857,3.3165554108285864
1.0,4-hydroxy-TEMPO,5,Et4NBF4,0.1,1.0,1.5,MeCN:EtOAc=3:7,10.0,PENDING,PENDING,PENDING,0.0,53.78605070746843,14.150189447929732,1.35273965987043,65.62470267485347,6.303531814767355,0.7938713251742289,1.8478467024124288,0.37507254211442564,3.3778467024124286
1.0,4-hydroxy-TEMPO,5,Et4NBF4,0.1,1.0,1.5,MeCN:EtOAc=2:8,10.0,PENDING,PENDING,PENDING,0.0,54.92211558561943,14.11141993172973,1.555185156657437,66.20502453731972,6.282434335221035,0.9227501409937138,1.7950070591362945,0.3727315212226353,3.3250070591362944
1.0,4-hydroxy-TEMPO,5,Et4NBF4,0.1,1.0,1.0,MeCN:EtOAc=7:3,10.0,PENDING,PENDING,PENDING,0.0,54.914624527923806,14.251173503985747,1.5927115539355903,66.18334449011986,6.344424679972518,0.9369806481102025,1.7962476330513921,0.37641523873350907,3.326247633051392
1.0,4-hydroxy-TEMPO,5,Et4NBF4,0.1,1.0,1.0,MeCN:EtOAc=6:4,10.0,PENDING,PENDING,PENDING,0.0,55.079619767662294,14.145761368583381,1.596270076191968,66.45265462241824,6.298242841361858,0.9906216457122079,1.7965228560063242,0.37363366583634616,3.3265228560063242
1.0,4-hydroxy-TEMPO,5,Et4NBF4,0.1,1.0,1.0,MeCN:EtOAc=5:5,10.0,PENDING,PENDING,PENDING,0.0,55.3709599272914,14.152372321244139,1.6577707672379525,67.01770607388794,6.307262687119969,1.1491381784567434,1.78850148362926,0.37379470847576257,3.31850148362926
1.0,4-hydroxy-TEMPO,5,Et4NBF4,0.1,1.0,1.0,MeCN:EtOAc=4:6,10.0,PENDING,PENDING,PENDING,0.0,54.91174955850025,14.165442520229163,1.5681778009450267,65.83514376695449,6.301787639832599,0.8406106743352801,1.7868693405953815,0.3740276385523594,3.3168693405953817
1.0,4-hydroxy-TEMPO,5,Et4NBF4,0.1,1.0,1.0,MeCN:EtOAc=3:7,10.0,PENDING,PENDING,PENDING,0.0,53.79274905209003,14.178459947803532,1.3612760134077355,65.62462661341317,6.316000550987193,0.7975451691168935,1.847718798342726,0.3757960783851503,3.377718798342726
1.0,4-hydroxy-TEMPO,5,Et4NBF4,0.1,1.0,1.0,MeCN:EtOAc=2:8,10.0,PENDING,PENDING,PENDING,0.0,54.92064759380594,14.14020251283274,1.5629089221710566,66.20060034874669,6.2952021541129515,0.9256895533045861,1.7952603869673038,0.3734902117529375,3.3252603869673036
1.0,4-hydroxy-TEMPO,5,Et4NBF4,0.05,1.0,2.0,MeCN:EtOAc=7:3,10.0,PENDING,PENDING,PENDING,0.0,54.9328379902488,14.280975268948714,1.604723401318933,66.08176047957498,6.358231280581962,0.9163553588718174,1.79273224716039,0.3772643250285521,3.32273224716039
1.0,4-hydroxy-TEMPO,5,Et4NBF4,0.05,1.0,2.0,MeCN:EtOAc=6:4,10.0,PENDING,PENDING,PENDING,0.0,55.09732693686125,14.174992184081795,1.6080838578226175,66.34856994295258,6.3119759097913315,0.96822410033536,1.7929538366329534,0.37445869716255376,3.322953836632953
1.0,4-hydroxy-TEMPO,5,Et4NBF4,0.05,1.0,2.0,MeCN:EtOAc=5:5,10.0,PENDING,PENDING,PENDING,0.0,55.387928664058826,14.190826908689946,1.6723268178719506,66.90326481521944,6.327719320422854,1.1231946412709932,1.7848495775863187,0.3748594783347162,3.314849577586319
1.0,4-hydroxy-TEMPO,5,Et4NBF4,0.05,1.0,2.0,MeCN:EtOAc=4:6,10.0,PENDING,PENDING,PENDING,0.0,54.93033560713497,14.195127452259483,1.5801673620689813,65.73508834540733,6.315199080317244,0.8219028827791364,1.7833649634658642,0.3748641893661616,3.3133649634658644
1.0,4-hydroxy-TEMPO,5,Et4NBF4,0.05,1.0,2.0,MeCN:EtOAc=3:7,10.0,PENDING,PENDING,PENDING,0.0,53.81639179818907,14.20488829995599,1.372373880246327,65.527064014992,6.329006806291374,0.7801036705172264,1.8440524005521204,0.37653149119183743,3.37405240055212
1.0,4-hydroxy-TEMPO,5,Et4NBF4,0.05,1.0,2.0,MeCN:EtOAc=2:8,10.0,PENDING,PENDING,PENDING,0.0,54.93947856808922,14.171806878598023,1.5754728813869074,66.09597585750811,6.309804804967474,0.9046516839326653,1.7916417729460117,0.37439003679616784,3.3216417729460117
1.0,4-hydroxy-TEMPO,5,Et4NBF4,0.05,1.0,1.5,MeCN:EtOAc=7:3,10.0,PENDING,PENDING,PENDING,0.0,54.93451701001452,14.254278274834759,1.597568099612138,66.0852613376062,6.346389454728075,0.9134977211723163,1.7924638560505604,0.37656143486359955,3.32246385605056
1.0,4-hydroxy-TEMPO,5,Et4NBF4,0.05,1.0,1.5,MeCN:EtOAc=6:4,10.0,PENDING,PENDING,PENDING,0.0,55.10018754329238,14.146648755186684,1.6006725232374905,66.35413005283887,6.299401679944784,0.9656034199452437,1.7926855971119884,0.37371188975731395,3.322685597111988
1.0,4-hydroxy-TEMPO,5,Et4NBF4,0.05,1.0,1.5,MeCN:EtOAc=5:5,10.0,PENDING,PENDING,PENDING,0.0,55.39289521919399,14.162777254350532,1.6653135820738254,66.91274591405919,6.315419245304924,1.1217207363079391,1.7845214317450426,0.3741202235910503,3.3145214317450424
1.0,4-hydroxy-TEMPO,5,Et4NBF4,0.05,1.0,1.5,MeCN:EtOAc=4:6,10.0,PENDING,PENDING,PENDING,0.0,54.93181151278751,14.16717539051385,1.572651738597385,65.73605463328498,6.3026814087767375,0.818365510893635,1.7830257505662166,0.3741253913716648,3.313025750566217
1.0,4-hydroxy-TEMPO,5,Et4NBF4,0.05,1.0,1.5,MeCN:EtOAc=3:7,10.0,PENDING,PENDING,PENDING,0.0,53.80990130424311,14.177001597643553,1.3639455142921229,65.52643428031246,6.3167195210522955,0.7763700886934637,1.8441533970118853,0.3758183970754272,3.3741533970118853
1.0,4-hydroxy-TEMPO,5,Et4NBF4,0.05,1.0,1.5,MeCN:EtOAc=2:8,10.0,PENDING,PENDING,PENDING,0.0,54.9411056619699,14.1434971344684,1.5678921235122592,66.09961974183294,6.297245352702668,0.9016090194615398,1.7913619705695165,0.37364464835359,3.3213619705695168
1.0,4-hydroxy-TEMPO,5,Et4NBF4,0.05,1.0,1.0,MeCN:EtOAc=7:3,10.0,PENDING,PENDING,PENDING,0.0,54.932837990248814,14.280975268948712,1.6047234013189353,66.08176047957498,6.358231280581962,0.9163553588718174,1.79273224716039,0.37726432502855217,3.32273224716039
1.0,4-hydroxy-TEMPO,5,Et4NBF4,0.05,1.0,1.0,MeCN:EtOAc=6:4,10.0,PENDING,PENDING,PENDING,0.0,55.09732693686126,14.174992184081791,1.608083857822617,66.34856994295258,6.311975909791331,0.9682241003353598,1.7929538366329534,0.37445869716255376,3.322953836632953
1.0,4-hydroxy-TEMPO,5,Et4NBF4,0.05,1.0,1.0,MeCN:EtOAc=5:5,10.0,PENDING,PENDING,PENDING,0.0,55.387928664058826,14.190826908689942,1.6723268178719493,66.90326481521944,6.327719320422854,1.1231946412709932,1.784849577586319,0.3748594783347162,3.314849577586319
1.0,4-hydroxy-TEMPO,5,Et4NBF4,0.05,1.0,1.0,MeCN:EtOAc=4:6,10.0,PENDING,PENDING,PENDING,0.0,54.93033560713498,14.195127452259483,1.5801673620689822,65.73508834540735,6.315199080317244,0.8219028827791399,1.7833649634658642,0.3748641893661616,3.3133649634658644
1.0,4-hydroxy-TEMPO,5,Et4NBF4,0.05,1.0,1.0,MeCN:EtOAc=3:7,10.0,PENDING,PENDING,PENDING,0.0,53.81639179818908,14.204888299955988,1.3723738802463283,65.527064014992,6.329006806291375,0.7801036705172264,1.8440524005521204,0.37653149119183743,3.37405240055212
1.0,4-hydroxy-TEMPO,5,Et4NBF4,0.05,1.0,1.0,MeCN:EtOAc=2:8,10.0,PENDING,PENDING,PENDING,0.0,54.93947856808923,14.171806878598023,1.57547288138691,66.09597585750811,6.309804804967474,0.9046516839326653,1.7916417729460117,0.37439003679616784,3.3216417729460117
1.0,4-acetamido-TEMPO,15,n-Bu4NOAc,0.2,1.0,2.0,MeCN:EtOAc=7:3,10.0,PENDING,PENDING,PENDING,0.0,54.06223318120482,14.322355472308546,1.4480720532304416,66.01900922710864,6.393535773840137,0.9121705432880685,1.8303191176939002,0.3784022046653535,3.3603191176939005
1.0,4-acetamido-TEMPO,15,n-Bu4NOAc,0.2,1.0,2.0,MeCN:EtOAc=6:4,10.0,PENDING,PENDING,PENDING,0.0,54.208480771799614,14.235956684023131,1.4521122895911729,66.2598653456184,6.355315417074225,0.9595907427153547,1.8310470602478315,0.3761517162737046,3.3610470602478317
1.0,4-acetamido-TEMPO,15,n-Bu4NOAc,0.2,1.0,2.0,MeCN:EtOAc=5:5,10.0,PENDING,PENDING,PENDING,0.0,54.50154422591674,14.201325525871034,1.4980853515304502,66.85773989286999,6.333773795257,1.1123280442560217,1.8233900248964734,0.3752144330415903,3.3533900248964734
1.0,4-acetamido-TEMPO,15,n-Bu4NOAc,0.2,1.0,2.0,MeCN:EtOAc=4:6,10.0,PENDING,PENDING,PENDING,0.0,54.0316657644759,14.237117216937477,1.4197678422071403,65.67023752314438,6.356736241163249,0.8197863907596667,1.8222365035750645,0.37617569857267086,3.3522365035750648
1.0,4-acetamido-TEMPO,15,n-Bu4NOAc,0.2,1.0,2.0,MeCN:EtOAc=3:7,10.0,PENDING,PENDING,PENDING,0.0,52.950280687546005,14.271222544794554,1.2409046579725986,65.4973337015962,6.372185504627953,0.786332768501657,1.8805737648303258,0.37836562572845084,3.4105737648303256
1.0,4-acetamido-TEMPO,15,n-Bu4NOAc,0.2,1.0,2.0,MeCN:EtOAc=2:8,10.0,PENDING,PENDING,PENDING,0.0,54.04393818807911,14.215347889237394,1.4162422648163888,66.03107078517739,6.347343479214694,0.9006808766013832,1.830343756467066,0.3755885089464862,3.360343756467066
1.0,4-acetamido-TEMPO,15,n-Bu4NOAc,0.2,1.0,1.5,MeCN:EtOAc=7:3,10.0,PENDING,PENDING,PENDING,0.0,54.05777003495844,14.296185358307303,1.4402671112597538,66.02198151124706,6.382235968696271,0.9093632487023138,1.830325206301281,0.3777140841175045,3.360325206301281
1.0,4-acetamido-TEMPO,15,n-Bu4NOAc,0.2,1.0,1.5,MeCN:EtOAc=6:4,10.0,PENDING,PENDING,PENDING,0.0,54.20501408860123,14.208486989724292,1.4441086519134445,66.2646187675383,6.343429971471875,0.9569949378275537,1.8310585368968015,0.37542946393795384,3.3610585368968016
1.0,4-acetamido-TEMPO,15,n-Bu4NOAc,0.2,1.0,1.5,MeCN:EtOAc=5:5,10.0,PENDING,PENDING,PENDING,0.0,54.50020920345542,14.173269861080051,1.4901906387968862,66.86687649198733,6.321521051922649,1.110767217260758,1.8233463881472858,0.3744765413898854,3.353346388147286
1.0,4-acetamido-TEMPO,15,n-Bu4NOAc,0.2,1.0,1.5,MeCN:EtOAc=4:6,10.0,PENDING,PENDING,PENDING,0.0,54.02672794259848,14.209696232297958,1.411601309659972,65.67065191147051,6.344875310398414,0.8163353462597176,1.8221850929746661,0.3754546103843896,3.352185092974666
1.0,4-acetamido-TEMPO,15,n-Bu4NOAc,0.2,1.0,1.5,MeCN:EtOAc=3:7,10.0,PENDING,PENDING,PENDING,0.0,52.93769165394285,14.244297129969825,1.2321891686547581,65.49652048058066,6.360577892878261,0.782756587596884,1.880938483938731,0.37767913248309576,3.410938483938731
1.0,4-acetamido-TEMPO,15,n-Bu4NOAc,0.2,1.0,1.5,MeCN:EtOAc=2:8,10.0,PENDING,PENDING,PENDING,0.0,54.03917566286853,14.187601226021528,1.4080256650389829,66.03415935071763,6.335371089623736,0.8976972073921898,1.8303500381349505,0.37485891874190014,3.3603500381349507
1.0,4-acetamido-TEMPO,15,n-Bu4NOAc,0.2,1.0,1.0,MeCN:EtOAc=7:3,10.0,PENDING,PENDING,PENDING,0.0,54.06223318120482,14.32235547230855,1.448072053230442,66.01900922710864,6.393535773840137,0.9121705432880685,1.8303191176939002,0.37840220466535357,3.3603191176939005
1.0,4-acetamido-TEMPO,15,n-Bu4NOAc,0.2,1.0,1.0,MeCN:EtOAc=6:4,10.0,PENDING,PENDING,PENDING,0.0,54.208480771799614,14.235956684023131,1.4521122895911729,66.2598653456184,6.355315417074225,0.9595907427153547,1.8310470602478315,0.3761517162737046,3.3610470602478317
1.0,4-acetamido-TEMPO,15,n-Bu4NOAc,0.2,1.0,1.0,MeCN:EtOAc=5:5,10.0,PENDING,PENDING,PENDING,0.0,54.50154422591674,14.201325525871034,1.4980853515304502,66.85773989286999,6.333773795257,1.1123280442560217,1.8233900248964734,0.3752144330415903,3.3533900248964734
1.0,4-acetamido-TEMPO,15,n-Bu4NOAc,0.2,1.0,1.0,MeCN:EtOAc=4:6,10.0,PENDING,PENDING,PENDING,0.0,54.0316657644759,14.237117216937477,1.4197678422071403,65.67023752314438,6.356736241163249,0.8197863907596667,1.8222365035750645,0.37617569857267086,3.3522365035750648
1.0,4-acetamido-TEMPO,15,n-Bu4NOAc,0.2,1.0,1.0,MeCN:EtOAc=3:7,10.0,PENDING,PENDING,PENDING,0.0,52.950280687546005,14.271222544794554,1.2409046579725986,65.4973337015962,6.372185504627953,0.786332768501657,1.8805737648303258,0.37836562572845084,3.4105737648303256
1.0,4-acetamido-TEMPO,15,n-Bu4NOAc,0.2,1.0,1.0,MeCN:EtOAc=2:8,10.0,PENDING,PENDING,PENDING,0.0,54.04393818807911,14.215347889237394,1.4162422648163888,66.03107078517739,6.347343479214694,0.9006808766013832,1.830343756467066,0.3755885089464862,3.360343756467066
1.0,4-acetamido-TEMPO,15,n-Bu4NOAc,0.1,1.0,2.0,MeCN:EtOAc=7:3,10.0,PENDING,PENDING,PENDING,0.0,54.08975894543717,14.313271980059,1.450743839075674,65.82597323808048,6.383763003406967,0.8634344733388088,1.8226636512211933,0.3781215353536247,3.352663651221193
1.0,4-acetamido-TEMPO,15,n-Bu4NOAc,0.1,1.0,2.0,MeCN:EtOAc=6:4,10.0,PENDING,PENDING,PENDING,0.0,54.23930269244857,14.221659984242434,1.454025163057672,66.07056554272243,6.343005845000002,0.9088691890921254,1.8232957466250983,0.37570027740722606,3.3532957466250983
1.0,4-acetamido-TEMPO,15,n-Bu4NOAc,0.1,1.0,2.0,MeCN:EtOAc=5:5,10.0,PENDING,PENDING,PENDING,0.0,54.53955026144373,14.20632576965384,1.5067364929702398,66.66709492512126,6.335566236693573,1.0600065528258813,1.8152055663228785,0.37527477927717035,3.3452055663228784
1.0,4-acetamido-TEMPO,15,n-Bu4NOAc,0.1,1.0,2.0,MeCN:EtOAc=4:6,10.0,PENDING,PENDING,PENDING,0.0,54.058386578387925,14.223899007716403,1.4211557769286092,65.46825183687369,6.3437466786886,0.7717695992312927,1.8143205534804856,0.37575166752913125,3.3443205534804856
1.0,4-acetamido-TEMPO,15,n-Bu4NOAc,0.1,1.0,2.0,MeCN:EtOAc=3:7,10.0,PENDING,PENDING,PENDING,0.0,52.955649574453304,14.252006782924424,1.2370332359168468,65.29408145960369,6.3591355461453976,0.7396047493476154,1.8742577167426062,0.3777838184591613,3.404257716742606
1.0,4-acetamido-TEMPO,15,n-Bu4NOAc,0.1,1.0,2.0,MeCN:EtOAc=2:8,10.0,PENDING,PENDING,PENDING,0.0,54.07185599785274,14.206074940460963,1.4188942489533618,65.83234562148075,6.33705960759779,0.8506805148690457,1.822454856458579,0.3753001226710263,3.352454856458579
1.0,4-acetamido-TEMPO,15,n-Bu4NOAc,0.1,1.0,1.5,MeCN:EtOAc=7:3,10.0,PENDING,PENDING,PENDING,0.0,54.08539440717627,14.287053565553993,1.442934140932246,65.82754496159494,6.372338543944179,0.86031418439211,1.8226123139573571,0.3774314809489855,3.352612313957357
1.0,4-acetamido-TEMPO,15,n-Bu4NOAc,0.1,1.0,1.5,MeCN:EtOAc=6:4,10.0,PENDING,PENDING,PENDING,0.0,54.235966390662036,14.194053200217898,1.4459995323568893,66.07395809425685,6.330950309493357,0.9059236516623415,1.8232487655125695,0.37497316595661756,3.3532487655125696
1.0,4-acetamido-TEMPO,15,n-Bu4NOAc,0.1,1.0,1.5,MeCN:EtOAc=5:5,10.0,PENDING,PENDING,PENDING,0.0,54.53842050169366,14.178469686024476,1.4989145480481074,66.67485243439538,6.323384882277389,1.0580742573624509,1.8150988679431217,0.37454091349325536,3.345098867943122
1.0,4-acetamido-TEMPO,15,n-Bu4NOAc,0.1,1.0,1.5,MeCN:EtOAc=4:6,10.0,PENDING,PENDING,PENDING,0.0,54.053529613132845,14.196361424944744,1.4129649475540802,65.46717213093808,6.331704326636426,0.7680337529845085,1.8142090507401267,0.375026230811206,3.344209050740127
1.0,4-acetamido-TEMPO,15,n-Bu4NOAc,0.1,1.0,1.5,MeCN:EtOAc=3:7,10.0,PENDING,PENDING,PENDING,0.0,52.942928914224694,14.224860096840706,1.228250790162427,65.29176272776782,6.347347483166329,0.7357654272805596,1.8745786107746658,0.3770902900324288,3.404578610774666
1.0,4-acetamido-TEMPO,15,n-Bu4NOAc,0.1,1.0,1.5,MeCN:EtOAc=2:8,10.0,PENDING,PENDING,PENDING,0.0,54.06719038610141,14.17828263344285,1.4106723818638716,65.83397496420844,6.3249540866349445,0.8473756582850858,1.8224011934679625,0.37456861398864066,3.3524011934679625
1.0,4-acetamido-TEMPO,15,n-Bu4NOAc,0.1,1.0,1.0,MeCN:EtOAc=7:3,10.0,PENDING,PENDING,PENDING,0.0,54.08975894543716,14.313271980059,1.4507438390756717,65.82597323808048,6.383763003406967,0.8634344733388088,1.8226636512211933,0.3781215353536247,3.352663651221193
1.0,4-acetamido-TEMPO,15,n-Bu4NOAc,0.1,1.0,1.0,MeCN:EtOAc=6:4,10.0,PENDING,PENDING,PENDING,0.0,54.23930269244856,14.221659984242434,1.4540251630576706,66.07056554272245,6.343005845000003,0.9088691890921292,1.8232957466250983,0.37570027740722606,3.3532957466250983
1.0,4-acetamido-TEMPO,15,n-Bu4NOAc,0.1,1.0,1.0,MeCN:EtOAc=5:5,10.0,PENDING,PENDING,PENDING,0.0,54.53955026144372,14.20632576965384,1.5067364929702394,66.66709492512126,6.335566236693573,1.0600065528258813,1.8152055663228792,0.3752747792771704,3.3452055663228792
1.0,4-acetamido-TEMPO,15,n-Bu4NOAc,0.1,1.0,1.0,MeCN:EtOAc=4:6,10.0,PENDING,PENDING,PENDING,0.0,54.05838657838793,14.223899007716403,1.4211557769286118,65.46825183687369,6.3437466786886,0.7717695992312927,1.8143205534804856,0.37575166752913125,3.3443205534804856
1.0,4-acetamido-TEMPO,15,n-Bu4NOAc,0.1,1.0,1.0,MeCN:EtOAc=3:7,10.0,PENDING,PENDING,PENDING,0.0,52.955649574453304,14.252006782924424,1.2370332359168468,65.29408145960367,6.3591355461453976,0.7396047493476128,1.8742577167426062,0.3777838184591613,3.404257716742606
1.0,4-acetamido-TEMPO,15,n-Bu4NOAc,0.1,1.0,1.0,MeCN:EtOAc=2:8,10.0,PENDING,PENDING,PENDING,0.0,54.07185599785274,14.206074940460962,1.4188942489533618,65.83234562148074,6.33705960759779,0.8506805148690424,1.822454856458579,0.3753001226710263,3.352454856458579
1.0,4-acetamido-TEMPO,15,n-Bu4NOAc,0.05,1.0,2.0,MeCN:EtOAc=7:3,10.0,PENDING,PENDING,PENDING,0.0,54.111819472410275,14.351477661966499,1.465075056280806,65.72750684446352,6.400855619509503,0.8459783956730289,1.8190103384032439,0.37921750196474246,3.349010338403244
1.0,4-acetamido-TEMPO,15,n-Bu4NOAc,0.05,1.0,2.0,MeCN:EtOAc=6:4,10.0,PENDING,PENDING,PENDING,0.0,54.26096041006663,14.259656305474172,1.4682959517798113,65.96981569005166,6.360156859990739,0.8899932593597017,1.8195861854005855,0.376781693146714,3.3495861854005855
1.0,4-acetamido-TEMPO,15,n-Bu4NOAc,0.05,1.0,2.0,MeCN:EtOAc=5:5,10.0,PENDING,PENDING,PENDING,0.0,54.56040341531374,14.253764430689605,1.5237416914220971,66.55584241388358,6.35939560248936,1.037840548035501,1.8114138197597316,0.3766061462977687,3.3414138197597314
1.0,4-acetamido-TEMPO,15,n-Bu4NOAc,0.05,1.0,2.0,MeCN:EtOAc=4:6,10.0,PENDING,PENDING,PENDING,0.0,54.08100678016812,14.262350091011385,1.4355382248832838,65.37139811001673,6.360567191822386,0.7561172331508215,1.8106703688346553,0.37684500749768857,3.3406703688346555
1.0,4-acetamido-TEMPO,15,n-Bu4NOAc,0.05,1.0,2.0,MeCN:EtOAc=3:7,10.0,PENDING,PENDING,PENDING,0.0,52.98322625833626,14.286987481934226,1.250234103905354,65.19940753436977,6.375465161299636,0.7248623925680815,1.8704522282263747,0.3787548196062117,3.4004522282263747
1.0,4-acetamido-TEMPO,15,n-Bu4NOAc,0.05,1.0,2.0,MeCN:EtOAc=2:8,10.0,PENDING,PENDING,PENDING,0.0,54.094691106298924,14.246649749099952,1.4338791964448219,65.73097299362514,6.355163460787776,0.8329858085535269,1.8186925653060102,0.3764634261044785,3.3486925653060102
1.0,4-acetamido-TEMPO,15,n-Bu4NOAc,0.05,1.0,1.5,MeCN:EtOAc=7:3,10.0,PENDING,PENDING,PENDING,0.0,54.10764498729357,14.325834325289433,1.4574254794787413,65.7283631317878,6.389676952344139,0.8427975078862406,1.818932180226059,0.3785437968546921,3.348932180226059
1.0,4-acetamido-TEMPO,15,n-Bu4NOAc,0.05,1.0,1.5,MeCN:EtOAc=6:4,10.0,PENDING,PENDING,PENDING,0.0,54.2578106507018,14.232626487889755,1.4604311830953471,65.97246895470737,6.348350583038587,0.8869711956387125,1.8195117949389141,0.3760708488391445,3.3495117949389144
1.0,4-acetamido-TEMPO,15,n-Bu4NOAc,0.05,1.0,1.5,MeCN:EtOAc=5:5,10.0,PENDING,PENDING,PENDING,0.0,54.55945204458553,14.226649166776555,1.5161267707551676,66.56275112353646,6.347576850427155,1.0357990083178463,1.811278826026648,0.37589285609657985,3.341278826026648
1.0,4-acetamido-TEMPO,15,n-Bu4NOAc,0.05,1.0,1.5,MeCN:EtOAc=4:6,10.0,PENDING,PENDING,PENDING,0.0,54.07634815465717,14.23539702551739,1.4275075086781146,65.36962006212511,6.3487685508742056,0.7523459969307706,1.810532060013978,0.376136025382946,3.3405320600139783
1.0,4-acetamido-TEMPO,15,n-Bu4NOAc,0.05,1.0,1.5,MeCN:EtOAc=3:7,10.0,PENDING,PENDING,PENDING,0.0,52.97075321144013,14.260365110246054,1.241580073841802,65.19641240207784,6.363911549224523,0.7209959501832099,1.8707447897955929,0.3780755345879125,3.400744789795593
1.0,4-acetamido-TEMPO,15,n-Bu4NOAc,0.05,1.0,1.5,MeCN:EtOAc=2:8,10.0,PENDING,PENDING,PENDING,0.0,54.09022526996639,14.21947939741008,1.4258263885516391,65.73185687770864,6.3433228353742015,0.8296229900484251,1.818610937482153,0.37574958781476975,3.348610937482153
1.0,4-acetamido-TEMPO,15,n-Bu4NOAc,0.05,1.0,1.0,MeCN:EtOAc=7:3,10.0,PENDING,PENDING,PENDING,0.0,54.111819472410275,14.351477661966499,1.465075056280806,65.72750684446352,6.400855619509503,0.8459783956730289,1.8190103384032439,0.37921750196474246,3.349010338403244
1.0,4-acetamido-TEMPO,15,n-Bu4NOAc,0.05,1.0,1.0,MeCN:EtOAc=6:4,10.0,PENDING,PENDING,PENDING,0.0,54.26096041006663,14.259656305474172,1.4682959517798113,65.96981569005166,6.360156859990739,0.8899932593597017,1.8195861854005855,0.376781693146714,3.3495861854005855
1.0,4-acetamido-TEMPO,15,n-Bu4NOAc,0.05,1.0,1.0,MeCN:EtOAc=5:5,10.0,PENDING,PENDING,PENDING,0.0,54.56040341531374,14.253764430689605,1.5237416914220971,66.55584241388358,6.35939560248936,1.037840548035501,1.8114138197597316,0.3766061462977687,3.3414138197597314
1.0,4-acetamido-TEMPO,15,n-Bu4NOAc,0.05,1.0,1.0,MeCN:EtOAc=4:6,10.0,PENDING,PENDING,PENDING,0.0,54.08100678016812,14.262350091011385,1.4355382248832838,65.37139811001673,6.360567191822386,0.7561172331508215,1.8106703688346553,0.37684500749768857,3.3406703688346555
1.0,4-acetamido-TEMPO,15,n-Bu4NOAc,0.05,1.0,1.0,MeCN:EtOAc=3:7,10.0,PENDING,PENDING,PENDING,0.0,52.98322625833626,14.286987481934226,1.250234103905354,65.19940753436977,6.375465161299636,0.7248623925680815,1.8704522282263747,0.3787548196062117,3.4004522282263747
1.0,4-acetamido-TEMPO,15,n-Bu4NOAc,0.05,1.0,1.0,MeCN:EtOAc=2:8,10.0,PENDING,PENDING,PENDING,0.0,54.094691106298924,14.246649749099952,1.4338791964448219,65.73097299362513,6.355163460787774,0.8329858085535231,1.8186925653060102,0.3764634261044784,3.3486925653060102
1.0,4-acetamido-TEMPO,15,n-Bu4NClO4,0.2,1.0,2.0,MeCN:EtOAc=7:3,10.0,PENDING,PENDING,PENDING,0.0,55.89680180517114,14.359353347402317,1.8310833893240015,65.87582507326653,6.395220855740898,0.8785790250151606,1.8053423555581103,0.3788691178911399,3.3353423555581103
1.0,4-acetamido-TEMPO,15,n-Bu4NClO4,0.2,1.0,2.0,MeCN:EtOAc=6:4,10.0,PENDING,PENDING,PENDING,0.0,56.072607771398026,14.252939366064377,1.8385101152727112,66.11292252712971,6.349974539842734,0.921373853215979,1.8057284933400732,0.3762271044972085,3.3357284933400733
1.0,4-acetamido-TEMPO,15,n-Bu4NClO4,0.2,1.0,2.0,MeCN:EtOAc=5:5,10.0,PENDING,PENDING,PENDING,0.0,56.39831301959171,14.240041814478543,1.9085774729731604,66.71525630073465,6.341586856474208,1.0752057387311014,1.7971938118465238,0.37582989427692487,3.3271938118465236
1.0,4-acetamido-TEMPO,15,n-Bu4NClO4,0.2,1.0,2.0,MeCN:EtOAc=4:6,10.0,PENDING,PENDING,PENDING,0.0,55.89028117394565,14.293180109946496,1.8099885481010487,65.52472614050241,6.361654529169455,0.7891765237912349,1.7969974343625656,0.3769471950089662,3.326997434362566
1.0,4-acetamido-TEMPO,15,n-Bu4NClO4,0.2,1.0,2.0,MeCN:EtOAc=3:7,10.0,PENDING,PENDING,PENDING,0.0,54.82069084102548,14.32338633736547,1.5941467501163733,65.35288251025733,6.375864970647325,0.7566384654148972,1.8563205896315589,0.3789853028056327,3.386320589631559
1.0,4-acetamido-TEMPO,15,n-Bu4NClO4,0.2,1.0,2.0,MeCN:EtOAc=2:8,10.0,PENDING,PENDING,PENDING,0.0,55.93345980463321,14.254545712363013,1.808057918620642,65.88360604450892,6.349151825582072,0.866270842312143,1.8046182793230732,0.37608623884026443,3.334618279323073
1.0,4-acetamido-TEMPO,15,n-Bu4NClO4,0.2,1.0,1.5,MeCN:EtOAc=7:3,10.0,PENDING,PENDING,PENDING,0.0,55.90586260728048,14.333717726308148,1.8254686606273562,65.87774388459437,6.383950866549516,0.8755687220779536,1.8051641935142468,0.37818846492359925,3.335164193514247
1.0,4-acetamido-TEMPO,15,n-Bu4NClO4,0.2,1.0,1.5,MeCN:EtOAc=6:4,10.0,PENDING,PENDING,PENDING,0.0,56.08297540685909,14.225665084062301,1.8326771453913264,66.11658280724332,6.337998211993253,0.9185070447185015,1.8055521286715794,0.37550564717083723,3.3355521286715795
1.0,4-acetamido-TEMPO,15,n-Bu4NClO4,0.2,1.0,1.5,MeCN:EtOAc=5:5,10.0,PENDING,PENDING,PENDING,0.0,56.4111558312917,14.212567020894651,1.903186141740425,66.72334409206437,6.329471761092511,1.0733877030003907,1.7969529674224958,0.3751022482486744,3.326952967422496
1.0,4-acetamido-TEMPO,15,n-Bu4NClO4,0.2,1.0,1.5,MeCN:EtOAc=4:6,10.0,PENDING,PENDING,PENDING,0.0,55.8991312428416,14.26661498134125,1.8040645949136533,65.52406279871185,6.349876870624468,0.7855741580744413,1.796759008549976,0.3762387570186434,3.326759008549976
1.0,4-acetamido-TEMPO,15,n-Bu4NClO4,0.2,1.0,1.5,MeCN:EtOAc=3:7,10.0,PENDING,PENDING,PENDING,0.0,54.82199194898864,14.297248849534917,1.5871035662918178,65.35100310497629,6.364319726405682,0.7529220471561668,1.8565085976006879,0.37830866638922894,3.386508597600688
1.0,4-acetamido-TEMPO,15,n-Bu4NClO4,0.2,1.0,1.5,MeCN:EtOAc=2:8,10.0,PENDING,PENDING,PENDING,0.0,55.94279984336711,14.227375745180188,1.8020594436018258,65.8855961168562,6.337211981212917,0.8630798839925733,1.8044324037568795,0.37536476154347065,3.3344324037568795
1.0,4-acetamido-TEMPO,15,n-Bu4NClO4,0.2,1.0,1.0,MeCN:EtOAc=7:3,10.0,PENDING,PENDING,PENDING,0.0,55.89680180517114,14.359353347402319,1.8310833893240033,65.87582507326653,6.395220855740899,0.8785790250151613,1.8053423555581103,0.37886911789114003,3.3353423555581103
1.0,4-acetamido-TEMPO,15,n-Bu4NClO4,0.2,1.0,1.0,MeCN:EtOAc=6:4,10.0,PENDING,PENDING,PENDING,0.0,56.072607771398026,14.252939366064377,1.8385101152727112,66.11292252712973,6.349974539842734,0.9213738532159825,1.8057284933400732,0.3762271044972085,3.3357284933400733
1.0,4-acetamido-TEMPO,15,n-Bu4NClO4,0.2,1.0,1.0,MeCN:EtOAc=5:5,10.0,PENDING,PENDING,PENDING,0.0,56.39831301959171,14.240041814478543,1.9085774729731604,66.71525630073465,6.341586856474208,1.0752057387311014,1.7971938118465238,0.37582989427692487,3.3271938118465236
1.0,4-acetamido-TEMPO,15,n-Bu4NClO4,0.2,1.0,1.0,MeCN:EtOAc=4:6,10.0,PENDING,PENDING,PENDING,0.0,55.89028117394565,14.293180109946494,1.8099885481010478,65.52472614050241,6.361654529169455,0.7891765237912349,1.7969974343625656,0.3769471950089662,3.326997434362566
1.0,4-acetamido-TEMPO,15,n-Bu4NClO4,0.2,1.0,1.0,MeCN:EtOAc=3:7,10.0,PENDING,PENDING,PENDING,0.0,54.82069084102548,14.32338633736547,1.5941467501163733,65.35288251025733,6.375864970647325,0.7566384654148972,1.8563205896315587,0.37898530280563264,3.3863205896315587
1.0,4-acetamido-TEMPO,15,n-Bu4NClO4,0.2,1.0,1.0,MeCN:EtOAc=2:8,10.0,PENDING,PENDING,PENDING,0.0,55.9334598046332,14.254545712363013,1.8080579186206402,65.88360604450892,6.349151825582072,0.866270842312143,1.8046182793230727,0.37608623884026443,3.334618279323073
1.0,4-acetamido-TEMPO,15,n-Bu4NClO4,0.1,1.0,2.0,MeCN:EtOAc=7:3,10.0,PENDING,PENDING,PENDING,0.0,55.958061280891975,14.309805099529678,1.8299358550861418,65.68749419749547,6.370804085207974,0.8278700690622396,1.7974789245670957,0.37756738860916617,3.327478924567096
1.0,4-acetamido-TEMPO,15,n-Bu4NClO4,0.1,1.0,2.0,MeCN:EtOAc=6:4,10.0,PENDING,PENDING,PENDING,0.0,56.137946612492456,14.196666893580138,1.8363110426068467,65.92830603242095,6.3224022235576305,0.8685348167253446,1.797765508516133,0.3747077259894671,3.327765508516133
1.0,4-acetamido-TEMPO,15,n-Bu4NClO4,0.1,1.0,2.0,MeCN:EtOAc=5:5,10.0,PENDING,PENDING,PENDING,0.0,56.47162341552839,14.197956528808032,1.912696485993584,66.53029426704597,6.325776793649254,1.0199954758391259,1.788786635676957,0.3747427784015328,3.318786635676957
1.0,4-acetamido-TEMPO,15,n-Bu4NClO4,0.1,1.0,2.0,MeCN:EtOAc=4:6,10.0,PENDING,PENDING,PENDING,0.0,55.95140382564044,14.239324006299142,1.8075042188988864,65.32741932587078,6.334023551778914,0.7393267085145458,1.7888707273986195,0.3754912270326099,3.3188707273986195
1.0,4-acetamido-TEMPO,15,n-Bu4NClO4,0.1,1.0,2.0,MeCN:EtOAc=3:7,10.0,PENDING,PENDING,PENDING,0.0,54.86080195319971,14.265329934590646,1.5859203589817934,65.1542022758066,6.3485289119976915,0.7081869667659817,1.8498030432207477,0.377467260299475,3.3798030432207478
1.0,4-acetamido-TEMPO,15,n-Bu4NClO4,0.1,1.0,2.0,MeCN:EtOAc=2:8,10.0,PENDING,PENDING,PENDING,0.0,55.99656054178754,14.20199452628604,1.8064045188703526,65.68978204475589,6.323225273994165,0.8141420253143068,1.796512501570932,0.37470579061663706,3.326512501570932
1.0,4-acetamido-TEMPO,15,n-Bu4NClO4,0.1,1.0,1.5,MeCN:EtOAc=7:3,10.0,PENDING,PENDING,PENDING,0.0,55.967574952125695,14.28344023143984,1.8241994939375648,65.68806041146226,6.359167574442642,0.8245090894789642,1.7972411578065657,0.37686761762668625,3.327241157806566
1.0,4-acetamido-TEMPO,15,n-Bu4NClO4,0.1,1.0,1.5,MeCN:EtOAc=6:4,10.0,PENDING,PENDING,PENDING,0.0,56.148810646814056,14.16853893223968,1.830328964807046,65.93065302122366,6.309999571175902,0.8652773256683817,1.7975284519558883,0.3739631535192171,3.3275284519558883
1.0,4-acetamido-TEMPO,15,n-Bu4NClO4,0.1,1.0,1.5,MeCN:EtOAc=5:5,10.0,PENDING,PENDING,PENDING,0.0,56.48504937403713,14.169861604411766,1.9072444294629034,66.53706549003687,6.313430343642281,1.0177457267053664,1.7884803265439748,0.3739992875011725,3.318480326543975
1.0,4-acetamido-TEMPO,15,n-Bu4NClO4,0.1,1.0,1.5,MeCN:EtOAc=4:6,10.0,PENDING,PENDING,PENDING,0.0,55.96069957666578,14.211955152501147,1.8014354641380508,65.32530944683029,6.321821522513512,0.7354054981270373,1.788569988339674,0.3747609641424736,3.318569988339674
1.0,4-acetamido-TEMPO,15,n-Bu4NClO4,0.1,1.0,1.5,MeCN:EtOAc=3:7,10.0,PENDING,PENDING,PENDING,0.0,54.86234033797728,14.238321207501007,1.578684864608277,65.15086340187166,6.336567705079122,0.7041760992114814,1.8499451442065282,0.3767680894715111,3.3799451442065283
1.0,4-acetamido-TEMPO,15,n-Bu4NClO4,0.1,1.0,1.5,MeCN:EtOAc=2:8,10.0,PENDING,PENDING,PENDING,0.0,56.00637357765201,14.174036769176922,1.8002712252545363,65.69036370291612,6.310889145688811,0.8105889033828513,1.7962643682912611,0.37396366497960326,3.326264368291261
1.0,4-acetamido-TEMPO,15,n-Bu4NClO4,0.1,1.0,1.0,MeCN:EtOAc=7:3,10.0,PENDING,PENDING,PENDING,0.0,55.95806128089197,14.30980509952968,1.82993585508614,65.68749419749548,6.370804085207974,0.8278700690622431,1.7974789245670957,0.37756738860916617,3.327478924567096
1.0,4-acetamido-TEMPO,15,n-Bu4NClO4,0.1,1.0,1.0,MeCN:EtOAc=6:4,10.0,PENDING,PENDING,PENDING,0.0,56.137946612492456,14.196666893580138,1.8363110426068467,65.92830603242095,6.3224022235576305,0.8685348167253446,1.797765508516133,0.3747077259894671,3.327765508516133
1.0,4-acetamido-TEMPO,15,n-Bu4NClO4,0.1,1.0,1.0,MeCN:EtOAc=5:5,10.0,PENDING,PENDING,PENDING,0.0,56.47162341552839,14.197956528808032,1.912696485993584,66.53029426704596,6.325776793649254,1.0199954758391225,1.788786635676957,0.37474277840153275,3.318786635676957
1.0,4-acetamido-TEMPO,15,n-Bu4NClO4,0.1,1.0,1.0,MeCN:EtOAc=4:6,10.0,PENDING,PENDING,PENDING,0.0,55.95140382564043,14.239324006299142,1.807504218898885,65.32741932587076,6.334023551778914,0.7393267085145432,1.788870727398619,0.3754912270326099,3.318870727398619
1.0,4-acetamido-TEMPO,15,n-Bu4NClO4,0.1,1.0,1.0,MeCN:EtOAc=3:7,10.0,PENDING,PENDING,PENDING,0.0,54.86080195319971,14.265329934590646,1.5859203589817934,65.15420227580658,6.348528911997691,0.7081869667659786,1.849803043220748,0.377467260299475,3.3798030432207478
1.0,4-acetamido-TEMPO,15,n-Bu4NClO4,0.1,1.0,1.0,MeCN:EtOAc=2:8,10.0,PENDING,PENDING,PENDING,0.0,55.99656054178753,14.20199452628604,1.8064045188703508,65.68978204475589,6.323225273994164,0.8141420253143066,1.796512501570932,0.37470579061663706,3.326512501570932
1.0,4-acetamido-TEMPO,15,n-Bu4NClO4,0.05,1.0,2.0,MeCN:EtOAc=7:3,10.0,PENDING,PENDING,PENDING,0.0,55.96946316650394,14.329345020083675,1.8382963325768245,65.59359537142898,6.381354681946249,0.8100796283742573,1.7941277109041223,0.37819746484313965,3.324127710904122
1.0,4-acetamido-TEMPO,15,n-Bu4NClO4,0.05,1.0,2.0,MeCN:EtOAc=6:4,10.0,PENDING,PENDING,PENDING,0.0,56.148702848602156,14.216008886013013,1.8445187144041113,65.83220234529384,6.333006724838183,0.8494149732806142,1.7943640422393912,0.3753169366496832,3.324364042239391
1.0,4-acetamido-TEMPO,15,n-Bu4NClO4,0.05,1.0,2.0,MeCN:EtOAc=5:5,10.0,PENDING,PENDING,PENDING,0.0,56.481270086020736,14.223793972668298,1.9228074187365811,66.42403909679732,6.341569692139122,0.9972351682072014,1.7853179955090095,0.375548668630978,3.3153179955090097
1.0,4-acetamido-TEMPO,15,n-Bu4NClO4,0.05,1.0,2.0,MeCN:EtOAc=4:6,10.0,PENDING,PENDING,PENDING,0.0,55.96315936841894,14.258455795337841,1.8157884146065566,65.23517538837271,6.3441877998314204,0.7232892033890037,1.7855272868635044,0.37610340868722153,3.3155272868635044
1.0,4-acetamido-TEMPO,15,n-Bu4NClO4,0.05,1.0,2.0,MeCN:EtOAc=3:7,10.0,PENDING,PENDING,PENDING,0.0,54.87747246465024,14.281888912328219,1.593879605447186,65.06406412145772,6.358399745229831,0.6930794996234328,1.8462864591708505,0.3780038091353041,3.3762864591708506
1.0,4-acetamido-TEMPO,15,n-Bu4NClO4,0.05,1.0,2.0,MeCN:EtOAc=2:8,10.0,PENDING,PENDING,PENDING,0.0,56.008279272165886,14.222637587213226,1.8151393313718622,65.59316569394939,6.334352659549206,0.7960632370107386,1.7930651710809207,0.3753715516128957,3.3230651710809207
1.0,4-acetamido-TEMPO,15,n-Bu4NClO4,0.05,1.0,1.5,MeCN:EtOAc=7:3,10.0,PENDING,PENDING,PENDING,0.0,55.9790549975276,14.303248559971715,1.8326515410151,65.59349232670748,6.369858642860789,0.8066460772742741,1.793866267841946,0.37750637602801757,3.3238662678419457
1.0,4-acetamido-TEMPO,15,n-Bu4NClO4,0.05,1.0,1.5,MeCN:EtOAc=6:4,10.0,PENDING,PENDING,PENDING,0.0,56.15963788626126,14.188150424612017,1.838627708996726,65.83385736836158,6.320747664296073,0.8460704820851328,1.7941028098264944,0.37458081208830696,3.3241028098264946
1.0,4-acetamido-TEMPO,15,n-Bu4NClO4,0.05,1.0,1.5,MeCN:EtOAc=5:5,10.0,PENDING,PENDING,PENDING,0.0,56.494754297425146,14.196073295573003,1.9174785811373694,66.43001394408371,6.329450622766545,0.9948573494016999,1.7849868515943534,0.37481685771509465,3.3149868515943535
1.0,4-acetamido-TEMPO,15,n-Bu4NClO4,0.05,1.0,1.5,MeCN:EtOAc=4:6,10.0,PENDING,PENDING,PENDING,0.0,55.972538335459056,14.231349914618248,1.8098097236117265,65.23241395661567,6.332121281130973,0.7193199073338552,1.785202955279201,0.3753815834818878,3.315202955279201
1.0,4-acetamido-TEMPO,15,n-Bu4NClO4,0.05,1.0,1.5,MeCN:EtOAc=3:7,10.0,PENDING,PENDING,PENDING,0.0,54.879142955442774,14.255101027730129,1.5867194530269284,65.06009458292003,6.346568820711443,0.6890295658985262,1.846403179719333,0.3773118110424308,3.376403179719333
1.0,4-acetamido-TEMPO,15,n-Bu4NClO4,0.05,1.0,1.5,MeCN:EtOAc=2:8,10.0,PENDING,PENDING,PENDING,0.0,56.01817329599035,14.194968313576858,1.8091030630417602,65.59305078149802,6.322167134435219,0.7924389339114919,1.7927924095626913,0.3746387585996465,3.322792409562691
1.0,4-acetamido-TEMPO,15,n-Bu4NClO4,0.05,1.0,1.0,MeCN:EtOAc=7:3,10.0,PENDING,PENDING,PENDING,0.0,55.96946316650394,14.329345020083675,1.8382963325768245,65.59359537142898,6.381354681946249,0.8100796283742573,1.7941277109041223,0.37819746484313965,3.324127710904122
1.0,4-acetamido-TEMPO,15,n-Bu4NClO4,0.05,1.0,1.0,MeCN:EtOAc=6:4,10.0,PENDING,PENDING,PENDING,0.0,56.148702848602156,14.216008886013013,1.8445187144041113,65.83220234529384,6.3330067248381825,0.8494149732806147,1.7943640422393912,0.3753169366496832,3.324364042239391
1.0,4-acetamido-TEMPO,15,n-Bu4NClO4,0.05,1.0,1.0,MeCN:EtOAc=5:5,10.0,PENDING,PENDING,PENDING,0.0,56.481270086020736,14.223793972668298,1.9228074187365811,66.42403909679732,6.341569692139122,0.9972351682072014,1.7853179955090095,0.375548668630978,3.3153179955090097
1.0,4-acetamido-TEMPO,15,n-Bu4NClO4,0.05,1.0,1.0,MeCN:EtOAc=4:6,10.0,PENDING,PENDING,PENDING,0.0,55.96315936841894,14.258455795337841,1.8157884146065566,65.23517538837271,6.3441877998314204,0.7232892033890037,1.7855272868635044,0.37610340868722153,3.3155272868635044
1.0,4-acetamido-TEMPO,15,n-Bu4NClO4,0.05,1.0,1.0,MeCN:EtOAc=3:7,10.0,PENDING,PENDING,PENDING,0.0,54.87747246465024,14.281888912328219,1.593879605447186,65.06406412145772,6.358399745229831,0.6930794996234328,1.8462864591708505,0.3780038091353041,3.3762864591708506
1.0,4-acetamido-TEMPO,15,n-Bu4NClO4,0.05,1.0,1.0,MeCN:EtOAc=2:8,10.0,PENDING,PENDING,PENDING,0.0,56.008279272165886,14.222637587213226,1.8151393313718622,65.59316569394939,6.334352659549206,0.7960632370107386,1.7930651710809207,0.3753715516128957,3.3230651710809207
1.0,4-acetamido-TEMPO,15,n-Bu4NBF4,0.2,1.0,2.0,MeCN:EtOAc=7:3,10.0,PENDING,PENDING,PENDING,0.0,58.322791287069336,14.426235160591201,2.4549215570752096,65.86429119536722,6.400700224569015,0.8775551250286635,1.7666881971892376,0.38026502229696896,3.296688197189238
1.0,4-acetamido-TEMPO,15,n-Bu4NBF4,0.2,1.0,2.0,MeCN:EtOAc=6:4,10.0,PENDING,PENDING,PENDING,0.0,58.50710569452227,14.359300379698764,2.4836718998244303,66.10459908493297,6.364307111835923,0.9238400421296034,1.7664883562542943,0.37831918469513154,3.2964883562542946
1.0,4-acetamido-TEMPO,15,n-Bu4NBF4,0.2,1.0,2.0,MeCN:EtOAc=5:5,10.0,PENDING,PENDING,PENDING,0.0,58.74399787292878,14.354239214948011,2.5488111932032016,66.68868029944693,6.358795212022687,1.0736411091819915,1.759046160763285,0.3779899151191997,3.2890461607632853
1.0,4-acetamido-TEMPO,15,n-Bu4NBF4,0.2,1.0,2.0,MeCN:EtOAc=4:6,10.0,PENDING,PENDING,PENDING,0.0,58.489635826576915,14.29005976629282,2.455543942842803,65.51574067449445,6.352666308217252,0.7845908314868559,1.75613514634194,0.3770224806096857,3.28613514634194
1.0,4-acetamido-TEMPO,15,n-Bu4NBF4,0.2,1.0,2.0,MeCN:EtOAc=3:7,10.0,PENDING,PENDING,PENDING,0.0,57.361991293459,14.399749852898484,2.1917377866546435,65.34203631224366,6.380136911690097,0.7555950111970289,1.8169451452301812,0.38055212222937923,3.3469451452301815
1.0,4-acetamido-TEMPO,15,n-Bu4NBF4,0.2,1.0,2.0,MeCN:EtOAc=2:8,10.0,PENDING,PENDING,PENDING,0.0,58.4280587781403,14.325233787621471,2.4502408802890794,65.8717750701615,6.354950389658211,0.8652846535257557,1.7648406342565455,0.3775634304813815,3.2948406342565457
1.0,4-acetamido-TEMPO,15,n-Bu4NBF4,0.2,1.0,1.5,MeCN:EtOAc=7:3,10.0,PENDING,PENDING,PENDING,0.0,58.34875681353143,14.401525668982064,2.453830711354585,65.86613663871326,6.389507849178342,0.8745537136924437,1.7662333764859066,0.37960413389699504,3.2962333764859064
1.0,4-acetamido-TEMPO,15,n-Bu4NBF4,0.2,1.0,1.5,MeCN:EtOAc=6:4,10.0,PENDING,PENDING,PENDING,0.0,58.53445135411829,14.333627910367506,2.4826816546406203,66.10822013547153,6.352559965827638,0.9210352687687153,1.7660294100752219,0.37762954625613365,3.2960294100752217
1.0,4-acetamido-TEMPO,15,n-Bu4NBF4,0.2,1.0,1.5,MeCN:EtOAc=5:5,10.0,PENDING,PENDING,PENDING,0.0,58.772924558254545,14.32849825889449,2.5483179584139295,66.69653816804629,6.3469563127718915,1.0718513141575827,1.7585341559316046,0.37729528816419816,3.288534155931605
1.0,4-acetamido-TEMPO,15,n-Bu4NBF4,0.2,1.0,1.5,MeCN:EtOAc=4:6,10.0,PENDING,PENDING,PENDING,0.0,58.5171237467553,14.263274576093215,2.4542030335948026,65.51503084319339,6.34072297385024,0.7809372355144137,1.7555971265312378,0.37631175651201676,3.285597126531238
1.0,4-acetamido-TEMPO,15,n-Bu4NBF4,0.2,1.0,1.5,MeCN:EtOAc=3:7,10.0,PENDING,PENDING,PENDING,0.0,57.381329155777486,14.374693156229316,2.1886199153964054,65.34009039702637,6.368649754827957,0.7518851305635204,1.816849469198243,0.37989787328872143,3.346849469198243
1.0,4-acetamido-TEMPO,15,n-Bu4NBF4,0.2,1.0,1.5,MeCN:EtOAc=2:8,10.0,PENDING,PENDING,PENDING,0.0,58.45497141745236,14.299059151758822,2.44893377952639,65.87368933867378,6.343094106350826,0.8621040515386422,1.764366731364053,0.37686323458971244,3.294366731364053
1.0,4-acetamido-TEMPO,15,n-Bu4NBF4,0.2,1.0,1.0,MeCN:EtOAc=7:3,10.0,PENDING,PENDING,PENDING,0.0,58.32279128706934,14.426235160591204,2.454921557075213,65.86429119536722,6.400700224569016,0.877555125028664,1.7666881971892376,0.38026502229696896,3.296688197189238
1.0,4-acetamido-TEMPO,15,n-Bu4NBF4,0.2,1.0,1.0,MeCN:EtOAc=6:4,10.0,PENDING,PENDING,PENDING,0.0,58.50710569452227,14.359300379698764,2.4836718998244303,66.10459908493297,6.364307111835923,0.9238400421296034,1.7664883562542943,0.37831918469513154,3.2964883562542946
1.0,4-acetamido-TEMPO,15,n-Bu4NBF4,0.2,1.0,1.0,MeCN:EtOAc=5:5,10.0,PENDING,PENDING,PENDING,0.0,58.74399787292878,14.354239214948011,2.5488111932032016,66.68868029944693,6.358795212022687,1.0736411091819915,1.759046160763285,0.3779899151191997,3.2890461607632853
1.0,4-acetamido-TEMPO,15,n-Bu4NBF4,0.2,1.0,1.0,MeCN:EtOAc=4:6,10.0,PENDING,PENDING,PENDING,0.0,58.489635826576915,14.29005976629282,2.455543942842803,65.51574067449445,6.352666308217252,0.7845908314868559,1.75613514634194,0.3770224806096857,3.28613514634194
1.0,4-acetamido-TEMPO,15,n-Bu4NBF4,0.2,1.0,1.0,MeCN:EtOAc=3:7,10.0,PENDING,PENDING,PENDING,0.0,57.361991293459,14.399749852898484,2.1917377866546435,65.34203631224366,6.380136911690097,0.7555950111970289,1.8169451452301812,0.38055212222937923,3.3469451452301815
1.0,4-acetamido-TEMPO,15,n-Bu4NBF4,0.2,1.0,1.0,MeCN:EtOAc=2:8,10.0,PENDING,PENDING,PENDING,0.0,58.4280587781403,14.325233787621467,2.450240880289078,65.8717750701615,6.354950389658211,0.8652846535257557,1.7648406342565455,0.3775634304813815,3.2948406342565457
1.0,4-acetamido-TEMPO,15,n-Bu4NBF4,0.1,1.0,2.0,MeCN:EtOAc=7:3,10.0,PENDING,PENDING,PENDING,0.0,58.42569461865304,14.372694213070725,2.4654896216892457,65.67595547068476,6.377371191218951,0.8272444004584678,1.7582880717302427,0.37885503544375115,3.2882880717302427
1.0,4-acetamido-TEMPO,15,n-Bu4NBF4,0.1,1.0,2.0,MeCN:EtOAc=6:4,10.0,PENDING,PENDING,PENDING,0.0,58.6142043279712,14.300867910571517,2.494011878583626,65.92008848293662,6.338237519311033,0.8714695428004444,1.7579767220677918,0.3767272852915376,3.287976722067792
1.0,4-acetamido-TEMPO,15,n-Bu4NBF4,0.1,1.0,2.0,MeCN:EtOAc=5:5,10.0,PENDING,PENDING,PENDING,0.0,58.85643682711405,14.308252428337466,2.565328032876792,66.50324566483015,6.345228286217764,1.0192022474629943,1.7501392681071768,0.37680842633035416,3.2801392681071766
1.0,4-acetamido-TEMPO,15,n-Bu4NBF4,0.1,1.0,2.0,MeCN:EtOAc=4:6,10.0,PENDING,PENDING,PENDING,0.0,58.59705042043743,14.228990350930966,2.464985558311918,65.31851532405473,6.325276621512711,0.7349887126985644,1.7474069911468135,0.37538258796095325,3.2774069911468136
1.0,4-acetamido-TEMPO,15,n-Bu4NBF4,0.1,1.0,2.0,MeCN:EtOAc=3:7,10.0,PENDING,PENDING,PENDING,0.0,57.44684167388299,14.33968811029867,2.1940596962906285,65.14337028867908,6.353824192274662,0.7075047107511687,1.8098560546066211,0.3789596742455092,3.339856054606621
1.0,4-acetamido-TEMPO,15,n-Bu4NBF4,0.1,1.0,2.0,MeCN:EtOAc=2:8,10.0,PENDING,PENDING,PENDING,0.0,58.53445084468896,14.268438521824148,2.4607644024466544,65.67794795641112,6.330185762686955,0.8135783184109626,1.7561762676494608,0.376067653073356,3.286176267649461
1.0,4-acetamido-TEMPO,15,n-Bu4NBF4,0.1,1.0,1.5,MeCN:EtOAc=7:3,10.0,PENDING,PENDING,PENDING,0.0,58.452516617100684,14.347194379125456,2.464390560485819,65.6764487275824,6.365830256237327,0.8238982170626128,1.7577682870331406,0.3781733127613014,3.2877682870331406
1.0,4-acetamido-TEMPO,15,n-Bu4NBF4,0.1,1.0,1.5,MeCN:EtOAc=6:4,10.0,PENDING,PENDING,PENDING,0.0,58.64245105332413,14.27432005086986,2.493001192629904,65.9223983450439,6.326091229315444,0.8682810142152404,1.7574515550933951,0.3760135933804906,3.287451555093395
1.0,4-acetamido-TEMPO,15,n-Bu4NBF4,0.1,1.0,1.5,MeCN:EtOAc=5:5,10.0,PENDING,PENDING,PENDING,0.0,58.88631380810031,14.28183560146536,2.5649070760495265,66.5097804106264,6.3331995962692655,1.0169946969541004,1.7495570013456065,0.376096555086656,3.279557001345607
1.0,4-acetamido-TEMPO,15,n-Bu4NBF4,0.1,1.0,1.5,MeCN:EtOAc=4:6,10.0,PENDING,PENDING,PENDING,0.0,58.625453313479596,14.201273012304148,2.463607028268383,65.31636067239346,6.312909023621283,0.7310199102366626,1.7468003361019184,0.3746467229272367,3.2768003361019185
1.0,4-acetamido-TEMPO,15,n-Bu4NBF4,0.1,1.0,1.5,MeCN:EtOAc=3:7,10.0,PENDING,PENDING,PENDING,0.0,57.46686307811672,14.3137377187629,2.1908319558938154,65.13996558294704,6.341937802845678,0.7035053906512247,1.809708627175265,0.37828183925767966,3.339708627175265
1.0,4-acetamido-TEMPO,15,n-Bu4NBF4,0.1,1.0,1.5,MeCN:EtOAc=2:8,10.0,PENDING,PENDING,PENDING,0.0,58.56226246712151,14.241410244716171,2.459441036713764,65.67845428428606,6.317952753689333,0.8100418860316916,1.7556344379404158,0.37534495202945767,3.285634437940416
1.0,4-acetamido-TEMPO,15,n-Bu4NBF4,0.1,1.0,1.0,MeCN:EtOAc=7:3,10.0,PENDING,PENDING,PENDING,0.0,58.42569461865304,14.372694213070723,2.465489621689245,65.67595547068476,6.377371191218951,0.8272444004584678,1.758288071730243,0.37885503544375126,3.2882880717302427
1.0,4-acetamido-TEMPO,15,n-Bu4NBF4,0.1,1.0,1.0,MeCN:EtOAc=6:4,10.0,PENDING,PENDING,PENDING,0.0,58.6142043279712,14.300867910571517,2.494011878583626,65.92008848293662,6.338237519311033,0.8714695428004444,1.7579767220677918,0.3767272852915376,3.287976722067792
1.0,4-acetamido-TEMPO,15,n-Bu4NBF4,0.1,1.0,1.0,MeCN:EtOAc=5:5,10.0,PENDING,PENDING,PENDING,0.0,58.85643682711405,14.308252428337466,2.565328032876792,66.50324566483015,6.345228286217764,1.0192022474629943,1.7501392681071768,0.37680842633035416,3.2801392681071766
1.0,4-acetamido-TEMPO,15,n-Bu4NBF4,0.1,1.0,1.0,MeCN:EtOAc=4:6,10.0,PENDING,PENDING,PENDING,0.0,58.59705042043743,14.228990350930966,2.464985558311918,65.31851532405473,6.325276621512711,0.7349887126985644,1.7474069911468135,0.37538258796095325,3.2774069911468136
1.0,4-acetamido-TEMPO,15,n-Bu4NBF4,0.1,1.0,1.0,MeCN:EtOAc=3:7,10.0,PENDING,PENDING,PENDING,0.0,57.44684167388299,14.33968811029867,2.1940596962906285,65.14337028867908,6.353824192274662,0.7075047107511687,1.8098560546066211,0.3789596742455092,3.339856054606621
1.0,4-acetamido-TEMPO,15,n-Bu4NBF4,0.1,1.0,1.0,MeCN:EtOAc=2:8,10.0,PENDING,PENDING,PENDING,0.0,58.53445084468896,14.268438521824146,2.4607644024466535,65.67794795641112,6.330185762686955,0.8135783184109626,1.7561762676494608,0.376067653073356,3.286176267649461
1.0,4-acetamido-TEMPO,15,n-Bu4NBF4,0.05,1.0,2.0,MeCN:EtOAc=7:3,10.0,PENDING,PENDING,PENDING,0.0,58.423552096008294,14.390211064828346,2.4707685946845768,65.58221959997945,6.38826232298777,0.8096171495451769,1.7552858221471856,0.3794118919921679,3.285285822147186
1.0,4-acetamido-TEMPO,15,n-Bu4NBF4,0.05,1.0,2.0,MeCN:EtOAc=6:4,10.0,PENDING,PENDING,PENDING,0.0,58.61132767614576,14.317793117105245,2.4989124921169172,65.82412160422838,6.349033906241374,0.8524253949594396,1.7549314683057031,0.3772546877384672,3.284931468305703
1.0,4-acetamido-TEMPO,15,n-Bu4NBF4,0.05,1.0,2.0,MeCN:EtOAc=5:5,10.0,PENDING,PENDING,PENDING,0.0,58.85297701672372,14.330758876402948,2.57200248417792,66.39729123688042,6.361450449280565,0.9967315690670255,1.7470245597825855,0.3775218947049172,3.2770245597825856
1.0,4-acetamido-TEMPO,15,n-Bu4NBF4,0.05,1.0,2.0,MeCN:EtOAc=4:6,10.0,PENDING,PENDING,PENDING,0.0,58.594034238607215,14.246883158439267,2.4701631125114107,65.22641337245625,6.3359372685630575,0.7191806140858987,1.7444322512555304,0.37593455771201395,3.27443225125553
1.0,4-acetamido-TEMPO,15,n-Bu4NBF4,0.05,1.0,2.0,MeCN:EtOAc=3:7,10.0,PENDING,PENDING,PENDING,0.0,57.4491943439986,14.354840173701872,2.1995252512946712,65.0533884233399,6.364049571518147,0.6925486236486684,1.806687639288768,0.379431370104672,3.336687639288768
1.0,4-acetamido-TEMPO,15,n-Bu4NBF4,0.05,1.0,2.0,MeCN:EtOAc=2:8,10.0,PENDING,PENDING,PENDING,0.0,58.53208695836994,14.286938213586518,2.466320967493531,65.58150073469461,6.341675164857012,0.7956702709043524,1.7530922887977771,0.37665534201509215,3.283092288797777
1.0,4-acetamido-TEMPO,15,n-Bu4NBF4,0.05,1.0,1.5,MeCN:EtOAc=7:3,10.0,PENDING,PENDING,PENDING,0.0,58.45032041774634,14.36495039106589,2.4697371072316705,65.5820451128598,6.37686707805857,0.8062002492481832,1.754745881968878,0.3787376756191842,3.284745881968878
1.0,4-acetamido-TEMPO,15,n-Bu4NBF4,0.05,1.0,1.5,MeCN:EtOAc=6:4,10.0,PENDING,PENDING,PENDING,0.0,58.6395124926357,14.291476609061151,2.4979645717831604,65.82574061042119,6.337033212246513,0.8491498058487892,1.7543857499254436,0.376548070812917,3.284385749925444
1.0,4-acetamido-TEMPO,15,n-Bu4NBF4,0.05,1.0,1.5,MeCN:EtOAc=5:5,10.0,PENDING,PENDING,PENDING,0.0,58.88278695085764,14.304660661976822,2.571674167549949,66.4030331771278,6.349655512961878,0.9943996502499501,1.7464210434632172,0.3768201149988983,3.276421043463217
1.0,4-acetamido-TEMPO,15,n-Bu4NBF4,0.05,1.0,1.5,MeCN:EtOAc=4:6,10.0,PENDING,PENDING,PENDING,0.0,58.62237110327836,14.219416175750041,2.4688525376586594,65.22360836217142,6.323713934393815,0.7151672569152796,1.743805817611901,0.37520624141443476,3.273805817611901
1.0,4-acetamido-TEMPO,15,n-Bu4NBF4,0.05,1.0,1.5,MeCN:EtOAc=3:7,10.0,PENDING,PENDING,PENDING,0.0,57.46920530118552,14.329092718235184,2.196360847437577,65.04935447384229,6.3522990105588475,0.6885118692261634,1.8065183404126617,0.37875968760470624,3.3365183404126615
1.0,4-acetamido-TEMPO,15,n-Bu4NBF4,0.05,1.0,1.5,MeCN:EtOAc=2:8,10.0,PENDING,PENDING,PENDING,0.0,58.559840377553265,14.26016692010668,2.4650701406062865,65.58131208436781,6.329598391010282,0.7920646007678454,1.752529557878136,0.3759406961691228,3.282529557878136
1.0,4-acetamido-TEMPO,15,n-Bu4NBF4,0.05,1.0,1.0,MeCN:EtOAc=7:3,10.0,PENDING,PENDING,PENDING,0.0,58.423552096008294,14.390211064828346,2.4707685946845768,65.58221959997945,6.38826232298777,0.8096171495451769,1.7552858221471856,0.3794118919921679,3.285285822147186
1.0,4-acetamido-TEMPO,15,n-Bu4NBF4,0.05,1.0,1.0,MeCN:EtOAc=6:4,10.0,PENDING,PENDING,PENDING,0.0,58.61132767614576,14.317793117105245,2.4989124921169172,65.82412160422838,6.349033906241374,0.8524253949594396,1.7549314683057031,0.3772546877384672,3.284931468305703
1.0,4-acetamido-TEMPO,15,n-Bu4NBF4,0.05,1.0,1.0,MeCN:EtOAc=5:5,10.0,PENDING,PENDING,PENDING,0.0,58.85297701672372,14.330758876402948,2.57200248417792,66.39729123688042,6.361450449280565,0.9967315690670255,1.7470245597825855,0.3775218947049172,3.2770245597825856
1.0,4-acetamido-TEMPO,15,n-Bu4NBF4,0.05,1.0,1.0,MeCN:EtOAc=4:6,10.0,PENDING,PENDING,PENDING,0.0,58.59403423860721,14.246883158439267,2.470163112511409,65.22641337245625,6.3359372685630575,0.7191806140858987,1.7444322512555304,0.37593455771201395,3.27443225125553
1.0,4-acetamido-TEMPO,15,n-Bu4NBF4,0.05,1.0,1.0,MeCN:EtOAc=3:7,10.0,PENDING,PENDING,PENDING,0.0,57.44919434399858,14.354840173701872,2.1995252512946672,65.0533884233399,6.364049571518147,0.6925486236486684,1.806687639288768,0.379431370104672,3.336687639288768
1.0,4-acetamido-TEMPO,15,n-Bu4NBF4,0.05,1.0,1.0,MeCN:EtOAc=2:8,10.0,PENDING,PENDING,PENDING,0.0,58.53208695836994,14.286938213586518,2.466320967493531,65.58150073469461,6.341675164857012,0.7956702709043524,1.7530922887977771,0.3766553420150921,3.283092288797777
1.0,4-acetamido-TEMPO,15,Et4NOAc,0.2,1.0,2.0,MeCN:EtOAc=7:3,10.0,PENDING,PENDING,PENDING,0.0,53.78550930208796,14.331896081692987,1.4000816363974002,65.82605241339878,6.390515464668822,0.8655139064331481,1.830495268660721,0.3786253452929976,3.360495268660721
1.0,4-acetamido-TEMPO,15,Et4NOAc,0.2,1.0,2.0,MeCN:EtOAc=6:4,10.0,PENDING,PENDING,PENDING,0.0,53.931081404392565,14.234802786201143,1.4008416323180346,66.07765358644869,6.3474767756271895,0.9119882398200643,1.831240374240587,0.3761066439724423,3.361240374240587
1.0,4-acetamido-TEMPO,15,Et4NOAc,0.2,1.0,2.0,MeCN:EtOAc=5:5,10.0,PENDING,PENDING,PENDING,0.0,54.22426863116208,14.235328535166673,1.4548877681140229,66.65406467475428,6.348876367134619,1.0608771840772335,1.823258990030402,0.37606990676362156,3.353258990030402
1.0,4-acetamido-TEMPO,15,Et4NOAc,0.2,1.0,2.0,MeCN:EtOAc=4:6,10.0,PENDING,PENDING,PENDING,0.0,53.73650289868402,14.232131132196889,1.365251742639218,65.46081742371675,6.347838143394987,0.7713719754740835,1.8226585594588607,0.37602849423902523,3.3526585594588605
1.0,4-acetamido-TEMPO,15,Et4NOAc,0.2,1.0,2.0,MeCN:EtOAc=3:7,10.0,PENDING,PENDING,PENDING,0.0,52.67183159994614,14.288492714126926,1.2000541199985162,65.30232506501298,6.371166730126259,0.7447474433388483,1.8809553350539516,0.3786982126114422,3.4109553350539517
1.0,4-acetamido-TEMPO,15,Et4NOAc,0.2,1.0,2.0,MeCN:EtOAc=2:8,10.0,PENDING,PENDING,PENDING,0.0,53.758876847609166,14.225432939089965,1.3674834008100696,65.83242019541133,6.344123020251659,0.8528467919671092,1.8305229844647612,0.3758258068988155,3.3605229844647613
1.0,4-acetamido-TEMPO,15,Et4NOAc,0.2,1.0,1.5,MeCN:EtOAc=7:3,10.0,PENDING,PENDING,PENDING,0.0,53.77899459399631,14.305858367637272,1.3920826720627217,65.82762303766661,6.37916715574308,0.8624149624506412,1.8305021262068184,0.37794065812136207,3.3605021262068187
1.0,4-acetamido-TEMPO,15,Et4NOAc,0.2,1.0,1.5,MeCN:EtOAc=6:4,10.0,PENDING,PENDING,PENDING,0.0,53.92555628267582,14.207279123209677,1.3925989633495792,66.08111927584294,6.335458881788605,0.9090697023011722,1.8312527870406246,0.37538319262924574,3.3612527870406246
1.0,4-acetamido-TEMPO,15,Et4NOAc,0.2,1.0,1.5,MeCN:EtOAc=5:5,10.0,PENDING,PENDING,PENDING,0.0,54.22087622371824,14.207832065053346,1.4468827530703319,66.66168492730417,6.336884825703778,1.0589704392294335,1.8232128136300887,0.3753464311263579,3.3532128136300887
1.0,4-acetamido-TEMPO,15,Et4NOAc,0.2,1.0,1.5,MeCN:EtOAc=4:6,10.0,PENDING,PENDING,PENDING,0.0,53.72931647919674,14.20459105055032,1.3568225717129785,65.45965712914865,6.335826678169931,0.767629975730129,1.8226105480512458,0.37530444517184186,3.3526105480512456
1.0,4-acetamido-TEMPO,15,Et4NOAc,0.2,1.0,1.5,MeCN:EtOAc=3:7,10.0,PENDING,PENDING,PENDING,0.0,52.65717325282657,14.261828354345054,1.1912487098929043,65.30008921912624,6.359543344609158,0.7409625750650741,1.8813229103890257,0.3780169005358428,3.4113229103890257
1.0,4-acetamido-TEMPO,15,Et4NOAc,0.2,1.0,1.5,MeCN:EtOAc=2:8,10.0,PENDING,PENDING,PENDING,0.0,53.75197417603846,14.197828777759774,1.3590781966266396,65.8340482996892,6.332097944317353,0.8495642651237332,1.830530035423569,0.37509993900488786,3.3605300354235688
1.0,4-acetamido-TEMPO,15,Et4NOAc,0.2,1.0,1.0,MeCN:EtOAc=7:3,10.0,PENDING,PENDING,PENDING,0.0,53.785509302087966,14.331896081692987,1.400081636397403,65.82605241339878,6.390515464668822,0.8655139064331481,1.830495268660721,0.3786253452929975,3.360495268660721
1.0,4-acetamido-TEMPO,15,Et4NOAc,0.2,1.0,1.0,MeCN:EtOAc=6:4,10.0,PENDING,PENDING,PENDING,0.0,53.931081404392565,14.234802786201143,1.4008416323180346,66.07765358644868,6.34747677562719,0.9119882398200609,1.8312403742405867,0.3761066439724423,3.3612403742405865
1.0,4-acetamido-TEMPO,15,Et4NOAc,0.2,1.0,1.0,MeCN:EtOAc=5:5,10.0,PENDING,PENDING,PENDING,0.0,54.22426863116208,14.235328535166673,1.4548877681140229,66.65406467475428,6.34887636713462,1.060877184077234,1.823258990030402,0.3760699067636215,3.353258990030402
1.0,4-acetamido-TEMPO,15,Et4NOAc,0.2,1.0,1.0,MeCN:EtOAc=4:6,10.0,PENDING,PENDING,PENDING,0.0,53.73650289868402,14.232131132196889,1.365251742639218,65.46081742371675,6.347838143394987,0.7713719754740835,1.8226585594588607,0.37602849423902523,3.3526585594588605
1.0,4-acetamido-TEMPO,15,Et4NOAc,0.2,1.0,1.0,MeCN:EtOAc=3:7,10.0,PENDING,PENDING,PENDING,0.0,52.67183159994614,14.288492714126926,1.2000541199985162,65.30232506501298,6.371166730126259,0.7447474433388483,1.8809553350539516,0.3786982126114422,3.4109553350539517
1.0,4-acetamido-TEMPO,15,Et4NOAc,0.2,1.0,1.0,MeCN:EtOAc=2:8,10.0,PENDING,PENDING,PENDING,0.0,53.758876847609166,14.225432939089965,1.3674834008100696,65.83242019541133,6.344123020251659,0.8528467919671092,1.8305229844647612,0.3758258068988155,3.3605229844647613
1.0,4-acetamido-TEMPO,15,Et4NOAc,0.1,1.0,2.0,MeCN:EtOAc=7:3,10.0,PENDING,PENDING,PENDING,0.0,53.80600705457293,14.286824835893167,1.3919468054858601,65.63618880421049,6.367221732276714,0.8153202793545171,1.8231415627053384,0.377349385176599,3.3531415627053383
1.0,4-acetamido-TEMPO,15,Et4NOAc,0.1,1.0,2.0,MeCN:EtOAc=6:4,10.0,PENDING,PENDING,PENDING,0.0,53.95482558967331,14.182526582020955,1.3913765143661987,65.89198403857716,6.320984803068045,0.8596044753951682,1.823797514399655,0.374607089724001,3.353797514399655
1.0,4-acetamido-TEMPO,15,Et4NOAc,0.1,1.0,2.0,MeCN:EtOAc=5:5,10.0,PENDING,PENDING,PENDING,0.0,54.2551256998939,14.201353914704512,1.4515283124047298,66.4671408260768,6.335486116290096,1.0065154411544954,1.815387423190311,0.37505366410407864,3.345387423190311
1.0,4-acetamido-TEMPO,15,Et4NOAc,0.1,1.0,2.0,MeCN:EtOAc=4:6,10.0,PENDING,PENDING,PENDING,0.0,53.75563337668173,14.181178116760007,1.355401575146772,65.26150518520154,6.320900957417959,0.7220595466923976,1.8150571501066401,0.37456469561726935,3.34505715010664
1.0,4-acetamido-TEMPO,15,Et4NOAc,0.1,1.0,2.0,MeCN:EtOAc=3:7,10.0,PENDING,PENDING,PENDING,0.0,52.67012995596551,14.233962106847624,1.1865586208660774,65.10209105963415,6.344926690986352,0.696829803194442,1.8749332333948456,0.37719906017287863,3.4049332333948454
1.0,4-acetamido-TEMPO,15,Et4NOAc,0.1,1.0,2.0,MeCN:EtOAc=2:8,10.0,PENDING,PENDING,PENDING,0.0,53.77946204446162,14.177659218873899,1.3587093306287077,65.63700168807154,6.319389771045776,0.8012777459977793,1.8229488234055022,0.3744727126823772,3.3529488234055025
1.0,4-acetamido-TEMPO,15,Et4NOAc,0.1,1.0,1.5,MeCN:EtOAc=7:3,10.0,PENDING,PENDING,PENDING,0.0,53.799516516147506,14.260130704962648,1.38379204596733,65.63639170361301,6.35552397458859,0.8118813962499056,1.8230941666490346,0.3766459654581758,3.3530941666490346
1.0,4-acetamido-TEMPO,15,Et4NOAc,0.1,1.0,1.5,MeCN:EtOAc=6:4,10.0,PENDING,PENDING,PENDING,0.0,53.94935567389649,14.154213080580755,1.382950074978797,65.8941286167589,6.30855701176787,0.8563042833400374,1.8237547424707226,0.373860793517073,3.3537547424707226
1.0,4-acetamido-TEMPO,15,Et4NOAc,0.1,1.0,1.5,MeCN:EtOAc=5:5,10.0,PENDING,PENDING,PENDING,0.0,54.251862263231054,14.173384890314997,1.4434203952079718,66.4734229675129,6.323306930606372,1.0041950101279604,1.8152815269242188,0.37431567119091486,3.345281526924219
1.0,4-acetamido-TEMPO,15,Et4NOAc,0.1,1.0,1.5,MeCN:EtOAc=4:6,10.0,PENDING,PENDING,PENDING,0.0,53.748444735319346,14.15287362329017,1.3467907969457547,65.25887608841326,6.308472866633538,0.7180109802768315,1.814952414620988,0.37381847869673007,3.3449524146209884
1.0,4-acetamido-TEMPO,15,Et4NOAc,0.1,1.0,1.5,MeCN:EtOAc=3:7,10.0,PENDING,PENDING,PENDING,0.0,52.65526492334416,14.206480082519343,1.1775626694748724,65.09838029663538,6.332903932494957,0.6927613196369495,1.8752600366524332,0.37649546456906535,3.4052600366524333
1.0,4-acetamido-TEMPO,15,Et4NOAc,0.1,1.0,1.5,MeCN:EtOAc=2:8,10.0,PENDING,PENDING,PENDING,0.0,53.77257720155926,14.149346327722066,1.3501374749830668,65.63720539459179,6.306986825657024,0.7976448108382572,1.8228992982816732,0.37372661109684474,3.352899298281673
1.0,4-acetamido-TEMPO,15,Et4NOAc,0.1,1.0,1.0,MeCN:EtOAc=7:3,10.0,PENDING,PENDING,PENDING,0.0,53.80600705457292,14.286824835893167,1.3919468054858597,65.63618880421049,6.367221732276714,0.8153202793545171,1.823141562705339,0.377349385176599,3.353141562705339
1.0,4-acetamido-TEMPO,15,Et4NOAc,0.1,1.0,1.0,MeCN:EtOAc=6:4,10.0,PENDING,PENDING,PENDING,0.0,53.95482558967331,14.182526582020955,1.3913765143661987,65.89198403857716,6.320984803068045,0.8596044753951682,1.823797514399655,0.374607089724001,3.353797514399655
1.0,4-acetamido-TEMPO,15,Et4NOAc,0.1,1.0,1.0,MeCN:EtOAc=5:5,10.0,PENDING,PENDING,PENDING,0.0,54.2551256998939,14.201353914704512,1.4515283124047298,66.4671408260768,6.335486116290096,1.0065154411544954,1.815387423190311,0.37505366410407864,3.345387423190311
1.0,4-acetamido-TEMPO,15,Et4NOAc,0.1,1.0,1.0,MeCN:EtOAc=4:6,10.0,PENDING,PENDING,PENDING,0.0,53.755633376681736,14.181178116760007,1.3554015751467725,65.26150518520154,6.320900957417958,0.7220595466923969,1.81505715010664,0.37456469561726935,3.3450571501066397
1.0,4-acetamido-TEMPO,15,Et4NOAc,0.1,1.0,1.0,MeCN:EtOAc=3:7,10.0,PENDING,PENDING,PENDING,0.0,52.670129955965514,14.233962106847624,1.1865586208660783,65.10209105963415,6.344926690986352,0.696829803194442,1.8749332333948459,0.37719906017287863,3.404933233394846
1.0,4-acetamido-TEMPO,15,Et4NOAc,0.1,1.0,1.0,MeCN:EtOAc=2:8,10.0,PENDING,PENDING,PENDING,0.0,53.77946204446162,14.177659218873899,1.3587093306287077,65.63700168807154,6.319389771045777,0.8012777459977796,1.8229488234055022,0.3744727126823772,3.3529488234055025
1.0,4-acetamido-TEMPO,15,Et4NOAc,0.05,1.0,2.0,MeCN:EtOAc=7:3,10.0,PENDING,PENDING,PENDING,0.0,53.82878862925083,14.308602686310087,1.401765935014971,65.54236217959112,6.378454001620929,0.7979630761291383,1.8196271485905635,0.37799691154595577,3.3496271485905638
1.0,4-acetamido-TEMPO,15,Et4NOAc,0.05,1.0,2.0,MeCN:EtOAc=6:4,10.0,PENDING,PENDING,PENDING,0.0,53.97719495578692,14.203559461603405,1.4009665606831088,65.79582655617573,6.332168397109793,0.8408066939525511,1.820229518065278,0.3752265033070786,3.3502295180652784
1.0,4-acetamido-TEMPO,15,Et4NOAc,0.05,1.0,2.0,MeCN:EtOAc=5:5,10.0,PENDING,PENDING,PENDING,0.0,54.276656042166024,14.230290613720907,1.463333633175771,66.36103026388946,6.352099081988501,0.9843377753473692,1.8117466600212775,0.3758797745468109,3.3417466600212773
1.0,4-acetamido-TEMPO,15,Et4NOAc,0.05,1.0,2.0,MeCN:EtOAc=4:6,10.0,PENDING,PENDING,PENDING,0.0,53.77909922920015,14.202902845759423,1.3652126252936987,65.16945176575433,6.331897836902632,0.7065806803788559,1.8115460154326009,0.37520353231218195,3.341546015432601
1.0,4-acetamido-TEMPO,15,Et4NOAc,0.05,1.0,2.0,MeCN:EtOAc=3:7,10.0,PENDING,PENDING,PENDING,0.0,52.698442600462904,14.252563233274536,1.1955734668011462,65.01203401617715,6.3554669656832905,0.6821188996711616,1.871258648667345,0.37775153578599313,3.401258648667345
1.0,4-acetamido-TEMPO,15,Et4NOAc,0.05,1.0,2.0,MeCN:EtOAc=2:8,10.0,PENDING,PENDING,PENDING,0.0,53.80305058687248,14.200688209929952,1.3688987289996204,65.54046030861734,6.331244908336008,0.7836584640954005,1.8193312892131144,0.37515713980817605,3.349331289213114
1.0,4-acetamido-TEMPO,15,Et4NOAc,0.05,1.0,1.5,MeCN:EtOAc=7:3,10.0,PENDING,PENDING,PENDING,0.0,53.8224960508512,14.282212834422804,1.3937023386029757,65.54189649980202,6.366907876482784,0.7944580123150895,1.8195543643480092,0.3773024681596231,3.349554364348009
1.0,4-acetamido-TEMPO,15,Et4NOAc,0.05,1.0,1.5,MeCN:EtOAc=6:4,10.0,PENDING,PENDING,PENDING,0.0,53.97191935045378,14.175540442170533,1.392628635985389,65.79727792041031,6.319893332535662,0.8374240099566679,1.8201608084867467,0.3744888028834994,3.3501608084867467
1.0,4-acetamido-TEMPO,15,Et4NOAc,0.05,1.0,1.5,MeCN:EtOAc=5:5,10.0,PENDING,PENDING,PENDING,0.0,54.27357825258412,14.20274805104733,1.455349861618993,66.36651781962243,6.340160676437078,0.9818982506704199,1.8116140817874193,0.3751537941341588,3.3416140817874194
1.0,4-acetamido-TEMPO,15,Et4NOAc,0.05,1.0,1.5,MeCN:EtOAc=4:6,10.0,PENDING,PENDING,PENDING,0.0,53.77211877172889,14.174905307487021,1.3566917993609398,65.16617359648224,6.319619755888248,0.7024926496402428,1.8114159068388156,0.3744662539417851,3.3414159068388156
1.0,4-acetamido-TEMPO,15,Et4NOAc,0.05,1.0,1.5,MeCN:EtOAc=3:7,10.0,PENDING,PENDING,PENDING,0.0,52.68383330722007,14.225334362821124,1.1866456406836994,65.00769340015452,6.343585444337599,0.6780168431664748,1.8715584373828047,0.37705537777582976,3.4015584373828047
1.0,4-acetamido-TEMPO,15,Et4NOAc,0.05,1.0,1.5,MeCN:EtOAc=2:8,10.0,PENDING,PENDING,PENDING,0.0,53.79637394151173,14.172702752293608,1.3604217982044409,65.53996815909788,6.319004706216609,0.7799612177657906,1.8192553183327458,0.37442069186874377,3.349255318332746
1.0,4-acetamido-TEMPO,15,Et4NOAc,0.05,1.0,1.0,MeCN:EtOAc=7:3,10.0,PENDING,PENDING,PENDING,0.0,53.82878862925082,14.30860268631009,1.4017659350149705,65.54236217959112,6.378454001620929,0.7979630761291383,1.819627148590564,0.37799691154595577,3.3496271485905638
1.0,4-acetamido-TEMPO,15,Et4NOAc,0.05,1.0,1.0,MeCN:EtOAc=6:4,10.0,PENDING,PENDING,PENDING,0.0,53.97719495578692,14.203559461603405,1.4009665606831088,65.79582655617573,6.332168397109794,0.8408066939525511,1.820229518065278,0.3752265033070786,3.3502295180652784
1.0,4-acetamido-TEMPO,15,Et4NOAc,0.05,1.0,1.0,MeCN:EtOAc=5:5,10.0,PENDING,PENDING,PENDING,0.0,54.276656042166024,14.230290613720907,1.463333633175771,66.36103026388946,6.352099081988501,0.9843377753473692,1.8117466600212775,0.3758797745468109,3.3417466600212773
1.0,4-acetamido-TEMPO,15,Et4NOAc,0.05,1.0,1.0,MeCN:EtOAc=4:6,10.0,PENDING,PENDING,PENDING,0.0,53.77909922920015,14.202902845759423,1.3652126252936987,65.16945176575433,6.331897836902632,0.7065806803788559,1.8115460154326009,0.37520353231218195,3.341546015432601
1.0,4-acetamido-TEMPO,15,Et4NOAc,0.05,1.0,1.0,MeCN:EtOAc=3:7,10.0,PENDING,PENDING,PENDING,0.0,52.698442600462904,14.252563233274536,1.1955734668011462,65.01203401617715,6.3554669656832905,0.6821188996711616,1.871258648667345,0.37775153578599313,3.401258648667345
1.0,4-acetamido-TEMPO,15,Et4NOAc,0.05,1.0,1.0,MeCN:EtOAc=2:8,10.0,PENDING,PENDING,PENDING,0.0,53.80305058687248,14.200688209929952,1.3688987289996204,65.54046030861734,6.331244908336008,0.7836584640954005,1.8193312892131144,0.37515713980817605,3.349331289213114
1.0,4-acetamido-TEMPO,15,Et4NClO4,0.2,1.0,2.0,MeCN:EtOAc=7:3,10.0,PENDING,PENDING,PENDING,0.0,53.00497553202093,14.356735634217634,1.271206805158223,65.303102351502,6.404626116690343,0.754496062294816,1.8730053981240826,0.3804605260604502,3.4030053981240824
1.0,4-acetamido-TEMPO,15,Et4NClO4,0.2,1.0,2.0,MeCN:EtOAc=6:4,10.0,PENDING,PENDING,PENDING,0.0,53.13404193271292,14.277843050665872,1.2730253024862086,65.53397550996556,6.372322426332105,0.7943261115949116,1.874292876530697,0.3785001061247017,3.404292876530697
1.0,4-acetamido-TEMPO,15,Et4NClO4,0.2,1.0,2.0,MeCN:EtOAc=5:5,10.0,PENDING,PENDING,PENDING,0.0,53.428986682067915,14.264748828080947,1.3198470802583353,66.12368818946211,6.368905427512095,0.9299723928971906,1.8665734363258555,0.37815291390298017,3.3965734363258555
1.0,4-acetamido-TEMPO,15,Et4NClO4,0.2,1.0,2.0,MeCN:EtOAc=4:6,10.0,PENDING,PENDING,PENDING,0.0,52.962392990681366,14.280719980459134,1.2452469399252895,64.95631956699435,6.374110729550462,0.6764710121478561,1.8656970167062599,0.37857067556493607,3.3956970167062597
1.0,4-acetamido-TEMPO,15,Et4NClO4,0.2,1.0,2.0,MeCN:EtOAc=3:7,10.0,PENDING,PENDING,PENDING,0.0,51.83640775593284,14.233189385556251,1.05984463513935,64.75513502588618,6.347266227236289,0.6315352219091366,1.9262977564319324,0.3762663897207859,3.4562977564319324
1.0,4-acetamido-TEMPO,15,Et4NClO4,0.2,1.0,2.0,MeCN:EtOAc=2:8,10.0,PENDING,PENDING,PENDING,0.0,52.955649574453304,14.252006782924424,1.2370332359168468,65.29408145960369,6.3591355461453976,0.7396047493476154,1.8742577167426062,0.3777838184591613,3.404257716742606
1.0,4-acetamido-TEMPO,15,Et4NClO4,0.2,1.0,1.5,MeCN:EtOAc=7:3,10.0,PENDING,PENDING,PENDING,0.0,52.9928725904112,14.331117668442383,1.2628046851049066,65.30088446563651,6.393496585623709,0.7508417609137121,1.8733138756874554,0.3798056017852966,3.4033138756874557
1.0,4-acetamido-TEMPO,15,Et4NClO4,0.2,1.0,1.5,MeCN:EtOAc=6:4,10.0,PENDING,PENDING,PENDING,0.0,53.12275959594146,14.251056966797275,1.264434051780475,65.53343602970399,6.360707621501032,0.7907905575323044,1.874612276971671,0.37781629910815245,3.404612276971671
1.0,4-acetamido-TEMPO,15,Et4NClO4,0.2,1.0,1.5,MeCN:EtOAc=5:5,10.0,PENDING,PENDING,PENDING,0.0,53.41985654360277,14.23775482059383,1.3113881060110932,66.12744219288444,6.357233522426418,0.9272190636046411,1.866836964699504,0.37746379632179816,3.396836964699504
1.0,4-acetamido-TEMPO,15,Et4NClO4,0.2,1.0,1.5,MeCN:EtOAc=4:6,10.0,PENDING,PENDING,PENDING,0.0,52.94969701309385,14.254010612606216,1.236552874089794,64.95156480492676,6.3625260490302145,0.6723955128284202,1.8659556393715389,0.3778886886637988,3.3959556393715387
1.0,4-acetamido-TEMPO,15,Et4NClO4,0.2,1.0,1.5,MeCN:EtOAc=3:7,10.0,PENDING,PENDING,PENDING,0.0,51.815582452998754,14.205594006599986,1.0505579272779002,64.7488576260903,6.335227034433661,0.627205689806009,1.9269965772630755,0.375543918607777,3.4569965772630757
1.0,4-acetamido-TEMPO,15,Et4NClO4,0.2,1.0,1.5,MeCN:EtOAc=2:8,10.0,PENDING,PENDING,PENDING,0.0,52.94292891422471,14.224860096840708,1.228250790162431,65.29176272776782,6.347347483166329,0.7357654272805596,1.8745786107746658,0.3770902900324288,3.404578610774666
1.0,4-acetamido-TEMPO,15,Et4NClO4,0.2,1.0,1.0,MeCN:EtOAc=7:3,10.0,PENDING,PENDING,PENDING,0.0,53.00497553202092,14.356735634217634,1.2712068051582226,65.303102351502,6.404626116690343,0.754496062294816,1.8730053981240826,0.3804605260604502,3.4030053981240824
1.0,4-acetamido-TEMPO,15,Et4NClO4,0.2,1.0,1.0,MeCN:EtOAc=6:4,10.0,PENDING,PENDING,PENDING,0.0,53.134041932712925,14.277843050665872,1.27302530248621,65.53397550996556,6.372322426332105,0.7943261115949116,1.8742928765306972,0.37850010612470164,3.4042928765306972
1.0,4-acetamido-TEMPO,15,Et4NClO4,0.2,1.0,1.0,MeCN:EtOAc=5:5,10.0,PENDING,PENDING,PENDING,0.0,53.428986682067915,14.264748828080947,1.3198470802583353,66.12368818946211,6.368905427512095,0.9299723928971906,1.8665734363258555,0.37815291390298017,3.3965734363258555
1.0,4-acetamido-TEMPO,15,Et4NClO4,0.2,1.0,1.0,MeCN:EtOAc=4:6,10.0,PENDING,PENDING,PENDING,0.0,52.962392990681366,14.280719980459134,1.2452469399252895,64.95631956699435,6.374110729550462,0.6764710121478561,1.8656970167062599,0.37857067556493607,3.3956970167062597
1.0,4-acetamido-TEMPO,15,Et4NClO4,0.2,1.0,1.0,MeCN:EtOAc=3:7,10.0,PENDING,PENDING,PENDING,0.0,51.83640775593284,14.233189385556253,1.0598446351393496,64.75513502588618,6.347266227236289,0.6315352219091366,1.9262977564319324,0.3762663897207859,3.4562977564319324
1.0,4-acetamido-TEMPO,15,Et4NClO4,0.2,1.0,1.0,MeCN:EtOAc=2:8,10.0,PENDING,PENDING,PENDING,0.0,52.955649574453304,14.252006782924425,1.2370332359168454,65.29408145960367,6.359135546145398,0.739604749347613,1.874257716742606,0.3777838184591613,3.404257716742606
1.0,4-acetamido-TEMPO,15,Et4NClO4,0.1,1.0,2.0,MeCN:EtOAc=7:3,10.0,PENDING,PENDING,PENDING,0.0,53.009761833599356,14.314604840294933,1.2614931554627975,65.10548328131637,6.381373398733111,0.7076506382714765,1.866887210789549,0.37922828379771906,3.396887210789549
1.0,4-acetamido-TEMPO,15,Et4NClO4,0.1,1.0,2.0,MeCN:EtOAc=6:4,10.0,PENDING,PENDING,PENDING,0.0,53.1416030424851,14.229822527283273,1.2622689233698736,65.33991887929625,6.346585443245593,0.7455171203960602,1.8681083537501288,0.37709062519784925,3.398108353750129
1.0,4-acetamido-TEMPO,15,Et4NClO4,0.1,1.0,2.0,MeCN:EtOAc=5:5,10.0,PENDING,PENDING,PENDING,0.0,53.443686128991274,14.233622590785652,1.3144342946246805,65.92925319545878,6.355300597864337,0.8788772389631563,1.8599843421824298,0.37715968494997903,3.38998434218243
1.0,4-acetamido-TEMPO,15,Et4NClO4,0.1,1.0,2.0,MeCN:EtOAc=4:6,10.0,PENDING,PENDING,PENDING,0.0,52.96601720723678,14.233956856070966,1.2342714947183935,64.74989051465937,6.34788564717728,0.630741527416796,1.8593514035428325,0.3771930679917634,3.3893514035428325
1.0,4-acetamido-TEMPO,15,Et4NClO4,0.1,1.0,2.0,MeCN:EtOAc=3:7,10.0,PENDING,PENDING,PENDING,0.0,51.81742059491734,14.177747329509598,1.0445072903476853,64.54629892339315,6.319059586675634,0.5870464630286982,1.9215857409940833,0.3745982928416475,3.4515857409940836
1.0,4-acetamido-TEMPO,15,Et4NClO4,0.1,1.0,2.0,MeCN:EtOAc=2:8,10.0,PENDING,PENDING,PENDING,0.0,52.95987429734968,14.207396489072872,1.2267119580564936,65.09057978592152,6.334456935456759,0.6916573769147065,1.8679698499853679,0.37647880694105834,3.397969849985368
1.0,4-acetamido-TEMPO,15,Et4NClO4,0.1,1.0,1.5,MeCN:EtOAc=7:3,10.0,PENDING,PENDING,PENDING,0.0,52.99752424790244,14.288384248306523,1.2529422294804489,65.1018175301635,6.36989761791474,0.703722540983035,1.867153861509985,0.3785556712297104,3.397153861509985
1.0,4-acetamido-TEMPO,15,Et4NClO4,0.1,1.0,1.5,MeCN:EtOAc=6:4,10.0,PENDING,PENDING,PENDING,0.0,53.13021022169945,14.202328947344117,1.2535082740028587,65.33796865670736,6.334579271693717,0.741672715019047,1.8683853186975492,0.3763860263201434,3.3983853186975495
1.0,4-acetamido-TEMPO,15,Et4NClO4,0.1,1.0,1.5,MeCN:EtOAc=5:5,10.0,PENDING,PENDING,PENDING,0.0,53.43451970915228,14.20620809933601,1.3058712070436966,65.93159247667374,6.343439096771494,0.8757765841403731,1.8602012595760904,0.3764566906527616,3.3902012595760906
1.0,4-acetamido-TEMPO,15,Et4NClO4,0.1,1.0,1.5,MeCN:EtOAc=4:6,10.0,PENDING,PENDING,PENDING,0.0,52.95316384489797,14.206564171144482,1.225411783093664,64.74359642476551,6.335902097417497,0.6264270107910754,1.8595660016867803,0.37649088378516304,3.3895660016867803
1.0,4-acetamido-TEMPO,15,Et4NClO4,0.1,1.0,1.5,MeCN:EtOAc=3:7,10.0,PENDING,PENDING,PENDING,0.0,51.79620599196915,14.149306418554774,1.0350365779239628,64.53845384741534,6.306581769780808,0.5825030240154316,1.9222573409471582,0.37385011986854655,3.452257340947158
1.0,4-acetamido-TEMPO,15,Et4NClO4,0.1,1.0,1.5,MeCN:EtOAc=2:8,10.0,PENDING,PENDING,PENDING,0.0,52.94700332078255,14.179600207105045,1.2177723672846774,65.08675167176703,6.3222947741439235,0.6875398529178738,1.8682473188274162,0.3757662181198383,3.3982473188274165
1.0,4-acetamido-TEMPO,15,Et4NClO4,0.1,1.0,1.0,MeCN:EtOAc=7:3,10.0,PENDING,PENDING,PENDING,0.0,53.00976183359936,14.314604840294933,1.2614931554627975,65.10548328131637,6.381373398733111,0.7076506382714765,1.866887210789549,0.37922828379771906,3.396887210789549
1.0,4-acetamido-TEMPO,15,Et4NClO4,0.1,1.0,1.0,MeCN:EtOAc=6:4,10.0,PENDING,PENDING,PENDING,0.0,53.1416030424851,14.229822527283273,1.2622689233698736,65.33991887929625,6.346585443245593,0.7455171203960602,1.8681083537501288,0.37709062519784925,3.398108353750129
1.0,4-acetamido-TEMPO,15,Et4NClO4,0.1,1.0,1.0,MeCN:EtOAc=5:5,10.0,PENDING,PENDING,PENDING,0.0,53.443686128991274,14.233622590785652,1.3144342946246805,65.92925319545878,6.355300597864337,0.8788772389631563,1.8599843421824298,0.37715968494997903,3.38998434218243
1.0,4-acetamido-TEMPO,15,Et4NClO4,0.1,1.0,1.0,MeCN:EtOAc=4:6,10.0,PENDING,PENDING,PENDING,0.0,52.96601720723678,14.233956856070966,1.2342714947183935,64.74989051465937,6.34788564717728,0.630741527416796,1.8593514035428325,0.3771930679917634,3.3893514035428325
1.0,4-acetamido-TEMPO,15,Et4NClO4,0.1,1.0,1.0,MeCN:EtOAc=3:7,10.0,PENDING,PENDING,PENDING,0.0,51.81742059491734,14.177747329509598,1.0445072903476853,64.54629892339315,6.319059586675634,0.5870464630286982,1.9215857409940833,0.3745982928416475,3.4515857409940836
1.0,4-acetamido-TEMPO,15,Et4NClO4,0.1,1.0,1.0,MeCN:EtOAc=2:8,10.0,PENDING,PENDING,PENDING,0.0,52.959874297349685,14.20739648907287,1.226711958056495,65.09057978592152,6.334456935456759,0.6916573769147065,1.867969849985368,0.37647880694105834,3.397969849985368
1.0,4-acetamido-TEMPO,15,Et4NClO4,0.05,1.0,2.0,MeCN:EtOAc=7:3,10.0,PENDING,PENDING,PENDING,0.0,53.03611052899768,14.33718444810645,1.2715111112326594,65.01660313847256,6.392290045607434,0.6931519831004231,1.8632959418534218,0.37985377308577195,3.393295941853422
1.0,4-acetamido-TEMPO,15,Et4NClO4,0.05,1.0,2.0,MeCN:EtOAc=6:4,10.0,PENDING,PENDING,PENDING,0.0,53.16765092371398,14.251663263275363,1.2720931914964768,65.24890578604136,6.357373013194995,0.7298220461699312,1.8644623708952035,0.37768906076012027,3.3944623708952033
1.0,4-acetamido-TEMPO,15,Et4NClO4,0.05,1.0,2.0,MeCN:EtOAc=5:5,10.0,PENDING,PENDING,PENDING,0.0,53.468868874251385,14.263190472369491,1.3263416907892736,65.8283725156387,6.371293436887117,0.8601872766338685,1.8562707013893536,0.3779473408051986,3.3862707013893534
1.0,4-acetamido-TEMPO,15,Et4NClO4,0.05,1.0,2.0,MeCN:EtOAc=4:6,10.0,PENDING,PENDING,PENDING,0.0,52.99299118109055,14.256277003516184,1.2442253625137774,64.66263925616545,6.3584116065365,0.6177284064773374,1.8557618996324354,0.37780379627371713,3.3857618996324357
1.0,4-acetamido-TEMPO,15,Et4NClO4,0.05,1.0,2.0,MeCN:EtOAc=3:7,10.0,PENDING,PENDING,PENDING,0.0,51.8497013871095,14.197974604297865,1.0537517853748906,64.46137019656233,6.329780344124384,0.5752062679447034,1.9178046754880878,0.3751811035955072,3.4478046754880878
1.0,4-acetamido-TEMPO,15,Et4NClO4,0.05,1.0,2.0,MeCN:EtOAc=2:8,10.0,PENDING,PENDING,PENDING,0.0,52.98717775323507,14.23127730020633,1.2370787180001304,64.9991898331954,6.345974741867318,0.6770292535966385,1.864272337091309,0.3771394815945751,3.394272337091309
1.0,4-acetamido-TEMPO,15,Et4NClO4,0.05,1.0,1.5,MeCN:EtOAc=7:3,10.0,PENDING,PENDING,PENDING,0.0,53.024107064689034,14.311280310428147,1.2630463272914492,65.0123189540427,6.380960648300046,0.6891902188702377,1.8635364396042557,0.3791897240235142,3.3935364396042558
1.0,4-acetamido-TEMPO,15,Et4NClO4,0.05,1.0,1.5,MeCN:EtOAc=6:4,10.0,PENDING,PENDING,PENDING,0.0,53.15649020869453,14.224475981056868,1.263416446032644,65.24631544746775,6.345512333867338,0.7259318781260236,1.864712618011028,0.37699264513793385,3.3947126180110283
1.0,4-acetamido-TEMPO,15,Et4NClO4,0.05,1.0,1.5,MeCN:EtOAc=5:5,10.0,PENDING,PENDING,PENDING,0.0,53.45992549354603,14.23621091154067,1.3178947985361256,65.82997142318219,6.3596612046594245,0.857012172619465,1.856460228966279,0.3772556031181245,3.3864602289662793
1.0,4-acetamido-TEMPO,15,Et4NClO4,0.05,1.0,1.5,MeCN:EtOAc=4:6,10.0,PENDING,PENDING,PENDING,0.0,52.98038113018698,14.22919865105686,1.2354496372929349,64.65574403119867,6.346569318813135,0.6133988595456359,1.8559503423937784,0.37710999093446496,3.3859503423937785
1.0,4-acetamido-TEMPO,15,Et4NClO4,0.05,1.0,1.5,MeCN:EtOAc=3:7,10.0,PENDING,PENDING,PENDING,0.0,51.82878478294579,14.169817426844864,1.0443439408590298,64.45294817760141,6.317449310792472,0.5706614383051016,1.9184480578111496,0.37444108694344247,3.4484480578111496
1.0,4-acetamido-TEMPO,15,Et4NClO4,0.05,1.0,1.5,MeCN:EtOAc=2:8,10.0,PENDING,PENDING,PENDING,0.0,52.97455326882025,14.203821551296244,1.228228082658764,64.99471896492318,6.333969587950585,0.67288165146337,1.8645225515345942,0.3764360896487726,3.3945225515345943
1.0,4-acetamido-TEMPO,15,Et4NClO4,0.05,1.0,1.0,MeCN:EtOAc=7:3,10.0,PENDING,PENDING,PENDING,0.0,53.03611052899769,14.33718444810645,1.2715111112326594,65.01660313847256,6.392290045607434,0.6931519831004231,1.8632959418534218,0.37985377308577195,3.393295941853422
1.0,4-acetamido-TEMPO,15,Et4NClO4,0.05,1.0,1.0,MeCN:EtOAc=6:4,10.0,PENDING,PENDING,PENDING,0.0,53.16765092371397,14.251663263275363,1.2720931914964755,65.24890578604136,6.357373013194995,0.7298220461699312,1.8644623708952035,0.37768906076012027,3.3944623708952033
1.0,4-acetamido-TEMPO,15,Et4NClO4,0.05,1.0,1.0,MeCN:EtOAc=5:5,10.0,PENDING,PENDING,PENDING,0.0,53.468868874251385,14.263190472369491,1.3263416907892736,65.8283725156387,6.371293436887117,0.8601872766338685,1.8562707013893538,0.3779473408051986,3.386270701389354
1.0,4-acetamido-TEMPO,15,Et4NClO4,0.05,1.0,1.0,MeCN:EtOAc=4:6,10.0,PENDING,PENDING,PENDING,0.0,52.992991181090545,14.256277003516184,1.2442253625137756,64.66263925616545,6.3584116065364995,0.6177284064773372,1.8557618996324357,0.37780379627371713,3.3857618996324357
1.0,4-acetamido-TEMPO,15,Et4NClO4,0.05,1.0,1.0,MeCN:EtOAc=3:7,10.0,PENDING,PENDING,PENDING,0.0,51.8497013871095,14.197974604297865,1.0537517853748906,64.46137019656233,6.329780344124384,0.5752062679447034,1.917804675488088,0.3751811035955072,3.447804675488088
1.0,4-acetamido-TEMPO,15,Et4NClO4,0.05,1.0,1.0,MeCN:EtOAc=2:8,10.0,PENDING,PENDING,PENDING,0.0,52.98717775323507,14.231277300206326,1.23707871800013,64.9991898331954,6.345974741867316,0.6770292535966378,1.864272337091309,0.3771394815945751,3.394272337091309
1.0,4-acetamido-TEMPO,15,Et4NBF4,0.2,1.0,2.0,MeCN:EtOAc=7:3,10.0,PENDING,PENDING,PENDING,0.0,54.08975894543717,14.313271980058998,1.4507438390756735,65.82597323808048,6.383763003406967,0.8634344733388088,1.8226636512211933,0.3781215353536247,3.352663651221193
1.0,4-acetamido-TEMPO,15,Et4NBF4,0.2,1.0,2.0,MeCN:EtOAc=6:4,10.0,PENDING,PENDING,PENDING,0.0,54.239302692448575,14.221659984242434,1.4540251630576728,66.07056554272245,6.343005845000002,0.908869189092129,1.8232957466250985,0.37570027740722606,3.3532957466250988
1.0,4-acetamido-TEMPO,15,Et4NBF4,0.2,1.0,2.0,MeCN:EtOAc=5:5,10.0,PENDING,PENDING,PENDING,0.0,54.53955026144372,14.20632576965384,1.5067364929702394,66.66709492512126,6.335566236693573,1.0600065528258813,1.8152055663228785,0.37527477927717035,3.3452055663228784
1.0,4-acetamido-TEMPO,15,Et4NBF4,0.2,1.0,2.0,MeCN:EtOAc=4:6,10.0,PENDING,PENDING,PENDING,0.0,54.05838657838793,14.223899007716403,1.4211557769286118,65.46825183687369,6.3437466786886,0.7717695992312927,1.8143205534804856,0.37575166752913125,3.3443205534804856
1.0,4-acetamido-TEMPO,15,Et4NBF4,0.2,1.0,2.0,MeCN:EtOAc=3:7,10.0,PENDING,PENDING,PENDING,0.0,52.955649574453304,14.252006782924424,1.2370332359168468,65.29408145960369,6.3591355461453976,0.7396047493476154,1.874257716742606,0.37778381845916126,3.404257716742606
1.0,4-acetamido-TEMPO,15,Et4NBF4,0.2,1.0,2.0,MeCN:EtOAc=2:8,10.0,PENDING,PENDING,PENDING,0.0,54.07185599785274,14.206074940460962,1.4188942489533618,65.83234562148074,6.33705960759779,0.8506805148690424,1.8224548564585792,0.3753001226710263,3.3524548564585794
1.0,4-acetamido-TEMPO,15,Et4NBF4,0.2,1.0,1.5,MeCN:EtOAc=7:3,10.0,PENDING,PENDING,PENDING,0.0,54.085394407176274,14.287053565553991,1.4429341409322474,65.82754496159494,6.372338543944179,0.86031418439211,1.8226123139573571,0.3774314809489855,3.352612313957357
1.0,4-acetamido-TEMPO,15,Et4NBF4,0.2,1.0,1.5,MeCN:EtOAc=6:4,10.0,PENDING,PENDING,PENDING,0.0,54.235966390662036,14.194053200217898,1.4459995323568893,66.07395809425685,6.330950309493358,0.9059236516623417,1.8232487655125693,0.37497316595661756,3.3532487655125696
1.0,4-acetamido-TEMPO,15,Et4NBF4,0.2,1.0,1.5,MeCN:EtOAc=5:5,10.0,PENDING,PENDING,PENDING,0.0,54.53842050169366,14.178469686024476,1.4989145480481074,66.67485243439538,6.32338488227739,1.0580742573624518,1.8150988679431217,0.37454091349325536,3.345098867943122
1.0,4-acetamido-TEMPO,15,Et4NBF4,0.2,1.0,1.5,MeCN:EtOAc=4:6,10.0,PENDING,PENDING,PENDING,0.0,54.053529613132845,14.196361424944744,1.4129649475540802,65.46717213093808,6.331704326636426,0.7680337529845085,1.8142090507401267,0.375026230811206,3.344209050740127
1.0,4-acetamido-TEMPO,15,Et4NBF4,0.2,1.0,1.5,MeCN:EtOAc=3:7,10.0,PENDING,PENDING,PENDING,0.0,52.94292891422469,14.224860096840706,1.228250790162428,65.29176272776782,6.347347483166329,0.7357654272805596,1.8745786107746656,0.3770902900324288,3.4045786107746654
1.0,4-acetamido-TEMPO,15,Et4NBF4,0.2,1.0,1.5,MeCN:EtOAc=2:8,10.0,PENDING,PENDING,PENDING,0.0,54.067190386101416,14.17828263344285,1.410672381863872,65.83397496420844,6.324954086634944,0.8473756582850855,1.8224011934679625,0.37456861398864066,3.3524011934679625
1.0,4-acetamido-TEMPO,15,Et4NBF4,0.2,1.0,1.0,MeCN:EtOAc=7:3,10.0,PENDING,PENDING,PENDING,0.0,54.08975894543716,14.313271980059,1.4507438390756717,65.82597323808048,6.383763003406967,0.8634344733388088,1.8226636512211933,0.37812153535362464,3.352663651221193
1.0,4-acetamido-TEMPO,15,Et4NBF4,0.2,1.0,1.0,MeCN:EtOAc=6:4,10.0,PENDING,PENDING,PENDING,0.0,54.23930269244855,14.221659984242434,1.4540251630576684,66.07056554272245,6.343005845000002,0.908869189092129,1.8232957466250983,0.37570027740722606,3.3532957466250983
1.0,4-acetamido-TEMPO,15,Et4NBF4,0.2,1.0,1.0,MeCN:EtOAc=5:5,10.0,PENDING,PENDING,PENDING,0.0,54.53955026144372,14.20632576965384,1.5067364929702394,66.66709492512126,6.335566236693573,1.0600065528258813,1.8152055663228785,0.37527477927717035,3.3452055663228784
1.0,4-acetamido-TEMPO,15,Et4NBF4,0.2,1.0,1.0,MeCN:EtOAc=4:6,10.0,PENDING,PENDING,PENDING,0.0,54.05838657838793,14.223899007716403,1.4211557769286118,65.46825183687369,6.3437466786886,0.7717695992312927,1.8143205534804856,0.37575166752913125,3.3443205534804856
1.0,4-acetamido-TEMPO,15,Et4NBF4,0.2,1.0,1.0,MeCN:EtOAc=3:7,10.0,PENDING,PENDING,PENDING,0.0,52.955649574453304,14.252006782924424,1.2370332359168468,65.29408145960369,6.3591355461453976,0.7396047493476154,1.874257716742606,0.37778381845916126,3.404257716742606
1.0,4-acetamido-TEMPO,15,Et4NBF4,0.2,1.0,1.0,MeCN:EtOAc=2:8,10.0,PENDING,PENDING,PENDING,0.0,54.07185599785274,14.206074940460962,1.4188942489533618,65.83234562148074,6.33705960759779,0.8506805148690424,1.8224548564585792,0.3753001226710263,3.3524548564585794
1.0,4-acetamido-TEMPO,15,Et4NBF4,0.1,1.0,2.0,MeCN:EtOAc=7:3,10.0,PENDING,PENDING,PENDING,0.0,54.116764341990965,14.27921658600564,1.446648175759207,65.63307208990635,6.3623930519078655,0.8131890966111053,1.8150032018802782,0.3770833326583328,3.345003201880278
1.0,4-acetamido-TEMPO,15,Et4NBF4,0.1,1.0,2.0,MeCN:EtOAc=6:4,10.0,PENDING,PENDING,PENDING,0.0,54.26967392980747,14.1812431658785,1.4488461307678486,65.88158487356507,6.318677185810699,0.8564792169886581,1.8155398174334758,0.37445566752629394,3.345539817433476
1.0,4-acetamido-TEMPO,15,Et4NBF4,0.1,1.0,2.0,MeCN:EtOAc=5:5,10.0,PENDING,PENDING,PENDING,0.0,54.577269517341136,14.184216356285361,1.507945936527165,66.47720059396461,6.324286076988852,1.005504687223206,1.8070110004084603,0.374512099335402,3.3370110004084603
1.0,4-acetamido-TEMPO,15,Et4NBF4,0.1,1.0,2.0,MeCN:EtOAc=4:6,10.0,PENDING,PENDING,PENDING,0.0,54.08452450871024,14.18475585780331,1.4155589576683125,65.26613420671272,6.318810789810938,0.7224108116160384,1.8063942743144192,0.3745410805465727,3.3363942743144195
1.0,4-acetamido-TEMPO,15,Et4NBF4,0.1,1.0,2.0,MeCN:EtOAc=3:7,10.0,PENDING,PENDING,PENDING,0.0,52.959874297349685,14.20739648907287,1.226711958056495,65.09057978592152,6.334456935456759,0.6916573769147065,1.867969849985368,0.3764788069410583,3.397969849985368
1.0,4-acetamido-TEMPO,15,Et4NBF4,0.1,1.0,2.0,MeCN:EtOAc=2:8,10.0,PENDING,PENDING,PENDING,0.0,54.099214419778164,14.170104479308902,1.4143629265205684,65.63376250229999,6.314385406613916,0.7990789563609473,1.8145606713999098,0.3742017987419284,3.34456067139991
1.0,4-acetamido-TEMPO,15,Et4NBF4,0.1,1.0,1.5,MeCN:EtOAc=7:3,10.0,PENDING,PENDING,PENDING,0.0,54.11248897793818,14.252532154418276,1.4387324734148894,65.6332450043705,6.350651871897369,0.8097334388389585,1.8148943653770693,0.37637865939014853,3.344894365377069
1.0,4-acetamido-TEMPO,15,Et4NBF4,0.1,1.0,1.5,MeCN:EtOAc=6:4,10.0,PENDING,PENDING,PENDING,0.0,54.266459485155735,14.153055776757974,1.4406906416404341,65.8836210900767,6.306249641507816,0.8531580069652265,1.8154343101519412,0.3737102086959511,3.3454343101519415
1.0,4-acetamido-TEMPO,15,Et4NBF4,0.1,1.0,1.5,MeCN:EtOAc=5:5,10.0,PENDING,PENDING,PENDING,0.0,54.576338906958995,14.156096380931622,1.5000811250227568,66.48358987299123,6.3119534479758235,1.0031621388631216,1.8068410903222527,0.37376816849308847,3.3368410903222525
1.0,4-acetamido-TEMPO,15,Et4NBF4,0.1,1.0,1.5,MeCN:EtOAc=4:6,10.0,PENDING,PENDING,PENDING,0.0,54.07973756991181,14.156662457559554,1.4072389068134852,65.26355815806642,6.306386510712019,0.7183724224629604,1.8062225303145156,0.37379795042540975,3.3362225303145157
1.0,4-acetamido-TEMPO,15,Et4NBF4,0.1,1.0,1.5,MeCN:EtOAc=3:7,10.0,PENDING,PENDING,PENDING,0.0,52.94700332078256,14.179600207105045,1.2177723672846779,65.08675167176703,6.3222947741439235,0.6875398529178738,1.8682473188274162,0.3757662181198383,3.3982473188274165
1.0,4-acetamido-TEMPO,15,Et4NBF4,0.1,1.0,1.5,MeCN:EtOAc=2:8,10.0,PENDING,PENDING,PENDING,0.0,54.094635410729175,14.141811462670145,1.4060271793144437,65.6339345081719,6.301937716028555,0.7954289163096289,1.814446984453448,0.37345455112076964,3.344446984453448
1.0,4-acetamido-TEMPO,15,Et4NBF4,0.1,1.0,1.0,MeCN:EtOAc=7:3,10.0,PENDING,PENDING,PENDING,0.0,54.11676434199097,14.279216586005642,1.4466481757592091,65.63307208990635,6.3623930519078655,0.8131890966111053,1.8150032018802782,0.3770833326583329,3.345003201880278
1.0,4-acetamido-TEMPO,15,Et4NBF4,0.1,1.0,1.0,MeCN:EtOAc=6:4,10.0,PENDING,PENDING,PENDING,0.0,54.269673929807475,14.181243165878499,1.4488461307678495,65.88158487356507,6.3186771858106985,0.8564792169886575,1.8155398174334758,0.37445566752629394,3.345539817433476
1.0,4-acetamido-TEMPO,15,Et4NBF4,0.1,1.0,1.0,MeCN:EtOAc=5:5,10.0,PENDING,PENDING,PENDING,0.0,54.57726951734113,14.184216356285361,1.5079459365271632,66.47720059396461,6.324286076988852,1.005504687223206,1.8070110004084605,0.374512099335402,3.3370110004084603
1.0,4-acetamido-TEMPO,15,Et4NBF4,0.1,1.0,1.0,MeCN:EtOAc=4:6,10.0,PENDING,PENDING,PENDING,0.0,54.08452450871024,14.18475585780331,1.4155589576683125,65.26613420671272,6.3188107898109385,0.7224108116160384,1.8063942743144192,0.3745410805465727,3.3363942743144195
1.0,4-acetamido-TEMPO,15,Et4NBF4,0.1,1.0,1.0,MeCN:EtOAc=3:7,10.0,PENDING,PENDING,PENDING,0.0,52.959874297349685,14.20739648907287,1.226711958056495,65.09057978592152,6.334456935456759,0.6916573769147065,1.867969849985368,0.37647880694105834,3.397969849985368
1.0,4-acetamido-TEMPO,15,Et4NBF4,0.1,1.0,1.0,MeCN:EtOAc=2:8,10.0,PENDING,PENDING,PENDING,0.0,54.099214419778164,14.170104479308904,1.4143629265205688,65.63376250229999,6.314385406613916,0.7990789563609473,1.8145606713999096,0.3742017987419284,3.3445606713999094
1.0,4-acetamido-TEMPO,15,Et4NBF4,0.05,1.0,2.0,MeCN:EtOAc=7:3,10.0,PENDING,PENDING,PENDING,0.0,54.138391144590805,14.30619455394598,1.4578851026818516,65.53782928372418,6.374568787712684,0.795828037611773,1.8114719149843288,0.3778436327085975,3.3414719149843286
1.0,4-acetamido-TEMPO,15,Et4NBF4,0.05,1.0,2.0,MeCN:EtOAc=6:4,10.0,PENDING,PENDING,PENDING,0.0,54.29086839469724,14.207666125866547,1.4599090781354942,65.78405325644108,6.330824758053595,0.8377104343440473,1.8119546520833085,0.37519174678298717,3.3419546520833086
1.0,4-acetamido-TEMPO,15,Et4NBF4,0.05,1.0,2.0,MeCN:EtOAc=5:5,10.0,PENDING,PENDING,PENDING,0.0,54.597589474653525,14.219038192122799,1.5214070205722292,66.36940103202413,6.342150089616347,0.9832820128187327,1.8033509955219291,0.37546748187250123,3.333350995521929
1.0,4-acetamido-TEMPO,15,Et4NBF4,0.05,1.0,2.0,MeCN:EtOAc=4:6,10.0,PENDING,PENDING,PENDING,0.0,54.10671717449689,14.211683089022294,1.4267860774900583,65.17259213351034,6.3306834525213995,0.7068687323332359,1.8028693911035019,0.375290966859254,3.332869391103502
1.0,4-acetamido-TEMPO,15,Et4NBF4,0.05,1.0,2.0,MeCN:EtOAc=3:7,10.0,PENDING,PENDING,PENDING,0.0,52.98717775323508,14.231277300206328,1.2370787180001308,64.9991898331954,6.345974741867318,0.6770292535966385,1.864272337091309,0.3771394815945751,3.394272337091309
1.0,4-acetamido-TEMPO,15,Et4NBF4,0.05,1.0,2.0,MeCN:EtOAc=2:8,10.0,PENDING,PENDING,PENDING,0.0,54.121601532749196,14.198684343150402,1.4260668497005078,65.53574727982479,6.327245331399549,0.7814644951494871,1.8109256484263765,0.3750065621565245,3.3409256484263765
1.0,4-acetamido-TEMPO,15,Et4NBF4,0.05,1.0,1.5,MeCN:EtOAc=7:3,10.0,PENDING,PENDING,PENDING,0.0,54.134302317699586,14.279899383072722,1.4500840523488217,65.53731950336584,6.362994114959395,0.7923082750190864,1.8113375389919666,0.3771497683904777,3.341337538991967
1.0,4-acetamido-TEMPO,15,Et4NBF4,0.05,1.0,1.5,MeCN:EtOAc=6:4,10.0,PENDING,PENDING,PENDING,0.0,54.28783656751953,14.17986221680381,1.451866763005679,65.78538281244025,6.31856521588049,0.8343093857717994,1.8118230523689678,0.3744567996714836,3.3418230523689676
1.0,4-acetamido-TEMPO,15,Et4NBF4,0.05,1.0,1.5,MeCN:EtOAc=5:5,10.0,PENDING,PENDING,PENDING,0.0,54.59683228118503,14.19144405290848,1.5136950295419154,66.37497763295734,6.330079511935097,0.9808225384193414,1.8031542183555453,0.3747377433765936,3.3331542183555456
1.0,4-acetamido-TEMPO,15,Et4NBF4,0.05,1.0,1.5,MeCN:EtOAc=4:6,10.0,PENDING,PENDING,PENDING,0.0,54.10212527220894,14.183981720007832,1.4185796677643543,65.16935179892259,6.318422712020447,0.7027918176516106,1.8026721703797841,0.37455857364541467,3.332672170379784
1.0,4-acetamido-TEMPO,15,Et4NBF4,0.05,1.0,1.5,MeCN:EtOAc=3:7,10.0,PENDING,PENDING,PENDING,0.0,52.97455326882025,14.203821551296244,1.228228082658764,64.99471896492318,6.333969587950585,0.67288165146337,1.864522551534594,0.3764360896487726,3.3945225515345943
1.0,4-acetamido-TEMPO,15,Et4NBF4,0.05,1.0,1.5,MeCN:EtOAc=2:8,10.0,PENDING,PENDING,PENDING,0.0,54.1172186439938,14.170811124308216,1.417851399448801,65.53520850180728,6.314976500084727,0.7777524742798552,1.810785357141471,0.3742709590439369,3.340785357141471
1.0,4-acetamido-TEMPO,15,Et4NBF4,0.05,1.0,1.0,MeCN:EtOAc=7:3,10.0,PENDING,PENDING,PENDING,0.0,54.13839114459083,14.306194553945982,1.457885102681857,65.53782928372418,6.374568787712685,0.7958280376117732,1.8114719149843288,0.3778436327085975,3.3414719149843286
1.0,4-acetamido-TEMPO,15,Et4NBF4,0.05,1.0,1.0,MeCN:EtOAc=6:4,10.0,PENDING,PENDING,PENDING,0.0,54.29086839469724,14.207666125866547,1.4599090781354942,65.78405325644108,6.330824758053595,0.8377104343440473,1.8119546520833085,0.37519174678298717,3.3419546520833086
1.0,4-acetamido-TEMPO,15,Et4NBF4,0.05,1.0,1.0,MeCN:EtOAc=5:5,10.0,PENDING,PENDING,PENDING,0.0,54.597589474653525,14.219038192122799,1.5214070205722292,66.36940103202413,6.342150089616347,0.9832820128187327,1.8033509955219291,0.37546748187250123,3.333350995521929
1.0,4-acetamido-TEMPO,15,Et4NBF4,0.05,1.0,1.0,MeCN:EtOAc=4:6,10.0,PENDING,PENDING,PENDING,0.0,54.10671717449689,14.211683089022294,1.4267860774900583,65.17259213351034,6.3306834525213995,0.7068687323332359,1.8028693911035019,0.375290966859254,3.332869391103502
1.0,4-acetamido-TEMPO,15,Et4NBF4,0.05,1.0,1.0,MeCN:EtOAc=3:7,10.0,PENDING,PENDING,PENDING,0.0,52.98717775323508,14.231277300206328,1.2370787180001308,64.9991898331954,6.345974741867318,0.6770292535966385,1.864272337091309,0.3771394815945751,3.394272337091309
1.0,4-acetamido-TEMPO,15,Et4NBF4,0.05,1.0,1.0,MeCN:EtOAc=2:8,10.0,PENDING,PENDING,PENDING,0.0,54.1216015327492,14.198684343150402,1.4260668497005096,65.53574727982479,6.32724533139955,0.7814644951494873,1.8109256484263765,0.3750065621565245,3.3409256484263765
1.0,4-acetamido-TEMPO,10,n-Bu4NOAc,0.2,1.0,2.0,MeCN:EtOAc=7:3,10.0,PENDING,PENDING,PENDING,0.0,52.794207548870986,6.141235566765887,0.02269178038852021,66.58498484588547,3.0160778730049644,0.13788663962060904,1.831964575176939,0.1638218830955611,3.361964575176939
1.0,4-acetamido-TEMPO,10,n-Bu4NOAc,0.2,1.0,2.0,MeCN:EtOAc=6:4,10.0,PENDING,PENDING,PENDING,0.0,53.12022576417185,5.036806960279962,0.004746722444076153,67.19640546490899,2.558659725507543,0.11870162888086966,1.8339170051393165,0.13468348367405006,3.3639170051393164
1.0,4-acetamido-TEMPO,10,n-Bu4NOAc,0.2,1.0,2.0,MeCN:EtOAc=5:5,10.0,PENDING,PENDING,PENDING,0.0,53.83923512867268,4.29436902928333,0.0014169226056205322,68.69753632027502,2.15429103535763,0.2426340765793839,1.8155902921418032,0.11560604958020476,3.3455902921418033
1.0,4-acetamido-TEMPO,10,n-Bu4NOAc,0.2,1.0,2.0,MeCN:EtOAc=4:6,10.0,PENDING,PENDING,PENDING,0.0,52.58072189215797,5.107397890834218,0.003840005061066333,65.71241219856181,2.582920152517048,0.032185607925200754,1.812923129555763,0.13687418756302494,3.3429231295557633
1.0,4-acetamido-TEMPO,10,n-Bu4NOAc,0.2,1.0,2.0,MeCN:EtOAc=3:7,10.0,PENDING,PENDING,PENDING,0.0,50.02906976819935,5.55361301612447,0.001855697242066738,65.30431240384993,2.8062343434531525,0.03515459075126767,1.9518664941883819,0.16776448019263326,3.481866494188382
1.0,4-acetamido-TEMPO,10,n-Bu4NOAc,0.2,1.0,2.0,MeCN:EtOAc=2:8,10.0,PENDING,PENDING,PENDING,0.0,52.65905419761577,4.798306100000292,0.002052847977538491,66.63221056017127,2.5253854211502578,0.06884603960945018,1.8322604027383633,0.12896672948332027,3.3622604027383636
1.0,4-acetamido-TEMPO,10,n-Bu4NOAc,0.2,1.0,1.5,MeCN:EtOAc=7:3,10.0,PENDING,PENDING,PENDING,0.0,52.76192303323297,5.844856758581889,0.01501843637707756,66.59637418775161,2.9047496904242673,0.12038009810632638,1.8320306612399082,0.1561081786865977,3.362030661239908
1.0,4-acetamido-TEMPO,10,n-Bu4NOAc,0.2,1.0,1.5,MeCN:EtOAc=6:4,10.0,PENDING,PENDING,PENDING,0.0,53.09118619155577,4.640733898714744,0.0019328301026155584,67.21606779142546,2.414221908696326,0.09656692388769672,1.8340177550174406,0.12437587574489836,3.3640177550174406
1.0,4-acetamido-TEMPO,10,n-Bu4NOAc,0.2,1.0,1.5,MeCN:EtOAc=5:5,10.0,PENDING,PENDING,PENDING,0.0,53.81897480882561,3.7923294325068047,0.00027098216583040747,68.7374002619223,1.96572516995822,0.19862905353721294,1.815492657485119,0.10267443097715614,3.345492657485119
1.0,4-acetamido-TEMPO,10,n-Bu4NOAc,0.2,1.0,1.5,MeCN:EtOAc=4:6,10.0,PENDING,PENDING,PENDING,0.0,52.541877206523964,4.7195717849792045,0.0015523276124015696,65.71238555468229,2.440644912618011,0.022953496203791696,1.8127820001347807,0.12683916147731744,3.3427820001347808
1.0,4-acetamido-TEMPO,10,n-Bu4NOAc,0.2,1.0,1.5,MeCN:EtOAc=3:7,10.0,PENDING,PENDING,PENDING,0.0,49.961105854098584,5.210388391789909,0.0007979674540317082,65.29971146694103,2.6817261320157995,0.02676084908177881,1.9533264594506863,0.16043457674814238,3.4833264594506863
1.0,4-acetamido-TEMPO,10,n-Bu4NOAc,0.2,1.0,1.5,MeCN:EtOAc=2:8,10.0,PENDING,PENDING,PENDING,0.0,52.62257968011558,4.374865758936086,0.0006391822208517972,66.64476273759907,2.3794655936518003,0.05272136841885386,1.8323499436522983,0.1180441029274249,3.3623499436522986
1.0,4-acetamido-TEMPO,10,n-Bu4NOAc,0.2,1.0,1.0,MeCN:EtOAc=7:3,10.0,PENDING,PENDING,PENDING,0.0,52.794207548870986,6.141235566765887,0.02269178038852021,66.58498484588547,3.0160778730049644,0.13788663962060904,1.831964575176939,0.1638218830955611,3.361964575176939
1.0,4-acetamido-TEMPO,10,n-Bu4NOAc,0.2,1.0,1.0,MeCN:EtOAc=6:4,10.0,PENDING,PENDING,PENDING,0.0,53.120225764171856,5.036806960279965,0.004746722444076201,67.19640546490899,2.558659725507546,0.11870162888086994,1.8339170051393165,0.13468348367404998,3.3639170051393164
1.0,4-acetamido-TEMPO,10,n-Bu4NOAc,0.2,1.0,1.0,MeCN:EtOAc=5:5,10.0,PENDING,PENDING,PENDING,0.0,53.83923512867268,4.29436902928333,0.0014169226056205322,68.69753632027502,2.154291035357628,0.24263407657938368,1.8155902921418028,0.115606049580205,3.345590292141803
1.0,4-acetamido-TEMPO,10,n-Bu4NOAc,0.2,1.0,1.0,MeCN:EtOAc=4:6,10.0,PENDING,PENDING,PENDING,0.0,52.58072189215796,5.10739789083421,0.0038400050610662567,65.71241219856181,2.582920152517048,0.032185607925200754,1.812923129555763,0.13687418756302494,3.3429231295557633
1.0,4-acetamido-TEMPO,10,n-Bu4NOAc,0.2,1.0,1.0,MeCN:EtOAc=3:7,10.0,PENDING,PENDING,PENDING,0.0,50.02906976819935,5.55361301612447,0.001855697242066738,65.30431240384993,2.8062343434531525,0.03515459075126767,1.9518664941883819,0.16776448019263335,3.481866494188382
1.0,4-acetamido-TEMPO,10,n-Bu4NOAc,0.2,1.0,1.0,MeCN:EtOAc=2:8,10.0,PENDING,PENDING,PENDING,0.0,52.65905419761577,4.798306100000292,0.002052847977538491,66.63221056017127,2.5253854211502578,0.06884603960945018,1.8322604027383633,0.12896672948332027,3.3622604027383636
1.0,4-acetamido-TEMPO,10,n-Bu4NOAc,0.1,1.0,2.0,MeCN:EtOAc=7:3,10.0,PENDING,PENDING,PENDING,0.0,52.80886633851924,6.206397902113263,0.024772679458693353,66.11115010479263,2.9493945249133082,0.08881914252620215,1.8120878743137072,0.16507153803198826,3.342087874313707
1.0,4-acetamido-TEMPO,10,n-Bu4NOAc,0.1,1.0,2.0,MeCN:EtOAc=6:4,10.0,PENDING,PENDING,PENDING,0.0,53.146818760865735,5.0182739079168766,0.0046547885599739075,66.74060194614187,2.429163527417435,0.06381273124737702,1.8135636914789977,0.13293618393401305,3.3435636914789977
1.0,4-acetamido-TEMPO,10,n-Bu4NOAc,0.1,1.0,2.0,MeCN:EtOAc=5:5,10.0,PENDING,PENDING,PENDING,0.0,53.897910873011014,4.7395458667033585,0.0043571770314071445,68.22843796563467,2.296236824557259,0.19525903079344148,1.793099427835624,0.12570902601896813,3.323099427835624
1.0,4-acetamido-TEMPO,10,n-Bu4NOAc,0.1,1.0,2.0,MeCN:EtOAc=4:6,10.0,PENDING,PENDING,PENDING,0.0,52.57944767837763,5.115586340040071,0.00390130579610988,65.1978766960579,2.443443722340474,0.013002418342182187,1.7919656941236601,0.13585303015111164,3.3219656941236604
1.0,4-acetamido-TEMPO,10,n-Bu4NOAc,0.1,1.0,2.0,MeCN:EtOAc=3:7,10.0,PENDING,PENDING,PENDING,0.0,49.944966060069476,5.4454108879602385,0.0013850578025880432,64.786932484497,2.6829538862475064,0.015995263501695153,1.9374940620424252,0.16426608384438193,3.4674940620424253
1.0,4-acetamido-TEMPO,10,n-Bu4NOAc,0.1,1.0,2.0,MeCN:EtOAc=2:8,10.0,PENDING,PENDING,PENDING,0.0,52.668383338653044,4.909787931716615,0.0026721599919424625,66.13377070257322,2.4417567769337043,0.035910701991743205,1.8112024360763992,0.13125540210830428,3.341202436076399
1.0,4-acetamido-TEMPO,10,n-Bu4NOAc,0.1,1.0,1.5,MeCN:EtOAc=7:3,10.0,PENDING,PENDING,PENDING,0.0,52.775387540618006,5.918575142891405,0.016768922280282622,66.1166222802241,2.8346704203858417,0.0746837302435534,1.8118728327346338,0.15755028431664259,3.3418728327346336
1.0,4-acetamido-TEMPO,10,n-Bu4NOAc,0.1,1.0,1.5,MeCN:EtOAc=6:4,10.0,PENDING,PENDING,PENDING,0.0,53.11684194238177,4.624292648914069,0.0018922392489851385,66.75492246947685,2.273698035319767,0.04724603348315776,1.813367699892386,0.12254334698702322,3.343367699892386
1.0,4-acetamido-TEMPO,10,n-Bu4NOAc,0.1,1.0,1.5,MeCN:EtOAc=5:5,10.0,PENDING,PENDING,PENDING,0.0,53.877614092230694,4.311008502741563,0.001530863722938338,68.26216845014152,2.126848392338967,0.16027979460474368,1.7926300805030408,0.11443763226628254,3.322630080503041
1.0,4-acetamido-TEMPO,10,n-Bu4NOAc,0.1,1.0,1.5,MeCN:EtOAc=4:6,10.0,PENDING,PENDING,PENDING,0.0,52.53846227847439,4.732920557033062,0.0016009632226988944,65.19074974850749,2.2893998757346283,0.007926539197921544,1.7915177778428713,0.1258242952341785,3.321517777842871
1.0,4-acetamido-TEMPO,10,n-Bu4NOAc,0.1,1.0,1.5,MeCN:EtOAc=3:7,10.0,PENDING,PENDING,PENDING,0.0,49.873030332388254,5.095193001715958,0.000552889012068898,64.77528991970502,2.5499920785290273,0.01095531795814568,1.938807185918111,0.15675379145961169,3.468807185918111
1.0,4-acetamido-TEMPO,10,n-Bu4NOAc,0.1,1.0,1.5,MeCN:EtOAc=2:8,10.0,PENDING,PENDING,PENDING,0.0,52.630316069988325,4.506024869079916,0.0009436544964778297,66.13975169219225,2.289568377655081,0.025022011795392596,1.8109703998431428,0.12077002805117934,3.340970399843143
1.0,4-acetamido-TEMPO,10,n-Bu4NOAc,0.1,1.0,1.0,MeCN:EtOAc=7:3,10.0,PENDING,PENDING,PENDING,0.0,52.80886633851924,6.206397902113263,0.024772679458693353,66.11115010479264,2.9493945249133096,0.08881914252620321,1.8120878743137072,0.16507153803198818,3.342087874313707
1.0,4-acetamido-TEMPO,10,n-Bu4NOAc,0.1,1.0,1.0,MeCN:EtOAc=6:4,10.0,PENDING,PENDING,PENDING,0.0,53.146818760865735,5.0182739079168766,0.0046547885599739075,66.74060194614187,2.4291635274174332,0.06381273124737677,1.8135636914789979,0.13293618393401327,3.343563691478998
1.0,4-acetamido-TEMPO,10,n-Bu4NOAc,0.1,1.0,1.0,MeCN:EtOAc=5:5,10.0,PENDING,PENDING,PENDING,0.0,53.89791087301102,4.739545866703371,0.004357177031407235,68.22843796563468,2.296236824557259,0.1952590307934437,1.7930994278356238,0.12570902601896825,3.323099427835624
1.0,4-acetamido-TEMPO,10,n-Bu4NOAc,0.1,1.0,1.0,MeCN:EtOAc=4:6,10.0,PENDING,PENDING,PENDING,0.0,52.57944767837763,5.115586340040076,0.003901305796109922,65.1978766960579,2.443443722340477,0.013002418342182256,1.7919656941236601,0.13585303015111164,3.3219656941236604
1.0,4-acetamido-TEMPO,10,n-Bu4NOAc,0.1,1.0,1.0,MeCN:EtOAc=3:7,10.0,PENDING,PENDING,PENDING,0.0,49.94496606006947,5.4454108879602385,0.0013850578025880363,64.78693248449699,2.682953886247505,0.015995263501694737,1.9374940620424255,0.16426608384438185,3.4674940620424257
1.0,4-acetamido-TEMPO,10,n-Bu4NOAc,0.1,1.0,1.0,MeCN:EtOAc=2:8,10.0,PENDING,PENDING,PENDING,0.0,52.66838333865304,4.909787931716615,0.002672159991942452,66.13377070257322,2.4417567769337056,0.03591070199174329,1.8112024360763992,0.13125540210830416,3.341202436076399
1.0,4-acetamido-TEMPO,10,n-Bu4NOAc,0.05,1.0,2.0,MeCN:EtOAc=7:3,10.0,PENDING,PENDING,PENDING,0.0,52.879372486917106,6.636271248912224,0.04144011582412113,65.8689760053793,3.111012085934505,0.09357142800782092,1.802906217256375,0.1770443955002914,3.332906217256375
1.0,4-acetamido-TEMPO,10,n-Bu4NOAc,0.05,1.0,2.0,MeCN:EtOAc=6:4,10.0,PENDING,PENDING,PENDING,0.0,53.21632924740181,5.540706356061446,0.01219399287519049,66.48804689235979,2.625622994987917,0.07216847275468724,1.8041216640235114,0.14742365085581455,3.3341216640235114
1.0,4-acetamido-TEMPO,10,n-Bu4NOAc,0.05,1.0,2.0,MeCN:EtOAc=5:5,10.0,PENDING,PENDING,PENDING,0.0,53.964385210957644,5.473912320467096,0.016631310953831163,67.92839405600884,2.615582872649716,0.22498564698445556,1.7832281906494862,0.14564690668172375,3.313228190649486
1.0,4-acetamido-TEMPO,10,n-Bu4NOAc,0.05,1.0,2.0,MeCN:EtOAc=4:6,10.0,PENDING,PENDING,PENDING,0.0,52.655854931206136,5.637533520318628,0.01039936226079817,64.96344866630945,2.633776342736431,0.01693593649736022,1.7827635085994704,0.1502225152091266,3.3127635085994704
1.0,4-acetamido-TEMPO,10,n-Bu4NOAc,0.05,1.0,2.0,MeCN:EtOAc=3:7,10.0,PENDING,PENDING,PENDING,0.0,50.04047338509787,5.880497516212852,0.003566774817448201,64.56103292387834,2.8492847204575242,0.01924105639807687,1.9277365632904748,0.17442266422177297,3.457736563290475
1.0,4-acetamido-TEMPO,10,n-Bu4NOAc,0.05,1.0,2.0,MeCN:EtOAc=2:8,10.0,PENDING,PENDING,PENDING,0.0,52.7445822442652,5.491353843092355,0.008626625119395437,65.87898384950924,2.6500798416520146,0.043532287444682516,1.8015076289004037,0.14733636862918933,3.331507628900404
1.0,4-acetamido-TEMPO,10,n-Bu4NOAc,0.05,1.0,1.5,MeCN:EtOAc=7:3,10.0,PENDING,PENDING,PENDING,0.0,52.84722905861077,6.377702912908884,0.030865772293880794,65.87141494227119,3.0056997859715593,0.08037248493309052,1.802568656200132,0.1703203940542266,3.3325686562001318
1.0,4-acetamido-TEMPO,10,n-Bu4NOAc,0.05,1.0,1.5,MeCN:EtOAc=6:4,10.0,PENDING,PENDING,PENDING,0.0,53.187685576215934,5.198868444292974,0.006748610821684618,66.499031042097,2.4866037045190295,0.056577033870799126,1.8037951622174033,0.1384604415358445,3.3337951622174034
1.0,4-acetamido-TEMPO,10,n-Bu4NOAc,0.05,1.0,1.5,MeCN:EtOAc=5:5,10.0,PENDING,PENDING,PENDING,0.0,53.94537892595316,5.126278074784168,0.009443343494758366,67.95741034798783,2.475786705967419,0.1958888123171147,1.7826120565087973,0.13653664590427975,3.3126120565087973
1.0,4-acetamido-TEMPO,10,n-Bu4NOAc,0.05,1.0,1.5,MeCN:EtOAc=4:6,10.0,PENDING,PENDING,PENDING,0.0,52.61651868423817,5.305108423690533,0.005765340513672432,64.95353556546296,2.4954806769698274,0.011433427724825945,1.7821903969207358,0.14154928685917653,3.3121903969207356
1.0,4-acetamido-TEMPO,10,n-Bu4NOAc,0.05,1.0,1.5,MeCN:EtOAc=3:7,10.0,PENDING,PENDING,PENDING,0.0,49.970598637697584,5.5676348897697645,0.0018415575244531204,64.54678237492088,2.727770735520645,0.014011406434709259,1.9289154764008278,0.16758047325255532,3.458915476400828
1.0,4-acetamido-TEMPO,10,n-Bu4NOAc,0.05,1.0,1.5,MeCN:EtOAc=2:8,10.0,PENDING,PENDING,PENDING,0.0,52.708102263658645,5.147664280639156,0.004523237924600611,65.88159674511257,2.514919832740142,0.032741325916159636,1.8011366920482523,0.13845859343215058,3.3311366920482524
1.0,4-acetamido-TEMPO,10,n-Bu4NOAc,0.05,1.0,1.0,MeCN:EtOAc=7:3,10.0,PENDING,PENDING,PENDING,0.0,52.879372486917106,6.636271248912224,0.04144011582412113,65.8689760053793,3.111012085934505,0.09357142800782092,1.802906217256375,0.1770443955002914,3.332906217256375
1.0,4-acetamido-TEMPO,10,n-Bu4NOAc,0.05,1.0,1.0,MeCN:EtOAc=6:4,10.0,PENDING,PENDING,PENDING,0.0,53.216329247401795,5.540706356061443,0.012193992875190365,66.48804689235979,2.625622994987917,0.07216847275468724,1.8041216640235114,0.14742365085581455,3.3341216640235114
1.0,4-acetamido-TEMPO,10,n-Bu4NOAc,0.05,1.0,1.0,MeCN:EtOAc=5:5,10.0,PENDING,PENDING,PENDING,0.0,53.964385210957616,5.473912320467103,0.016631310953831052,67.92839405600884,2.615582872649716,0.22498564698445556,1.7832281906494862,0.14564690668172375,3.313228190649486
1.0,4-acetamido-TEMPO,10,n-Bu4NOAc,0.05,1.0,1.0,MeCN:EtOAc=4:6,10.0,PENDING,PENDING,PENDING,0.0,52.655854931206136,5.637533520318624,0.0103993622607981,64.96344866630945,2.633776342736431,0.01693593649736022,1.7827635085994704,0.1502225152091266,3.3127635085994704
1.0,4-acetamido-TEMPO,10,n-Bu4NOAc,0.05,1.0,1.0,MeCN:EtOAc=3:7,10.0,PENDING,PENDING,PENDING,0.0,50.04047338509787,5.880497516212852,0.003566774817448201,64.56103292387834,2.849284720457522,0.0192410563980768,1.9277365632904748,0.17442266422177297,3.457736563290475
1.0,4-acetamido-TEMPO,10,n-Bu4NOAc,0.05,1.0,1.0,MeCN:EtOAc=2:8,10.0,PENDING,PENDING,PENDING,0.0,52.74458224426521,5.491353843092352,0.008626625119395465,65.87898384950924,2.650079841652016,0.04353228744468263,1.801507628900404,0.14733636862918917,3.331507628900404
1.0,4-acetamido-TEMPO,10,n-Bu4NClO4,0.2,1.0,2.0,MeCN:EtOAc=7:3,10.0,PENDING,PENDING,PENDING,0.0,57.40794980332226,6.534652036751372,0.2131898209183385,66.22487470165163,3.040615985691956,0.11002707763958491,1.768777776299182,0.17019315818933897,3.298777776299182
1.0,4-acetamido-TEMPO,10,n-Bu4NClO4,0.2,1.0,2.0,MeCN:EtOAc=6:4,10.0,PENDING,PENDING,PENDING,0.0,57.868627718105984,5.125895258756783,0.0804904957498625,66.81850814998015,2.4589950670676552,0.07253425440029518,1.7691411881268235,0.13470822686373374,3.2991411881268236
1.0,4-acetamido-TEMPO,10,n-Bu4NClO4,0.2,1.0,2.0,MeCN:EtOAc=5:5,10.0,PENDING,PENDING,PENDING,0.0,58.74173021237954,4.937968948091067,0.10138060568939977,68.33567907017424,2.323783575412189,0.22026087680804163,1.7464223717429859,0.12859266720326662,3.276422371742986
1.0,4-acetamido-TEMPO,10,n-Bu4NClO4,0.2,1.0,2.0,MeCN:EtOAc=4:6,10.0,PENDING,PENDING,PENDING,0.0,57.3168287270115,5.878949279897113,0.12723732079514105,65.34185511144794,2.6585362694774344,0.026455394679228417,1.7485025304168789,0.14959461294446247,3.278502530416879
1.0,4-acetamido-TEMPO,10,n-Bu4NClO4,0.2,1.0,2.0,MeCN:EtOAc=3:7,10.0,PENDING,PENDING,PENDING,0.0,54.79297928603516,6.206427565743403,0.06007515647243039,64.93923450081316,2.858519965546625,0.02806532157085334,1.8919201636905902,0.17558477151555338,3.42192016369059
1.0,4-acetamido-TEMPO,10,n-Bu4NClO4,0.2,1.0,2.0,MeCN:EtOAc=2:8,10.0,PENDING,PENDING,PENDING,0.0,57.52521331978607,5.336715090111057,0.08490158688330829,66.25220223604269,2.557864452148134,0.05144985848512257,1.7655083680550987,0.13787790069944528,3.2955083680550987
1.0,4-acetamido-TEMPO,10,n-Bu4NClO4,0.2,1.0,1.5,MeCN:EtOAc=7:3,10.0,PENDING,PENDING,PENDING,0.0,57.436170885673945,6.265764275192413,0.1793184722308071,66.2315014871657,2.930884969232423,0.09480372196917564,1.7679926823429066,0.16295964800291024,3.2979926823429064
1.0,4-acetamido-TEMPO,10,n-Bu4NClO4,0.2,1.0,1.5,MeCN:EtOAc=6:4,10.0,PENDING,PENDING,PENDING,0.0,57.90395124631206,4.735504367255636,0.052388419050955815,66.83285117738983,2.3047145322601277,0.054693757882299215,1.768342522325347,0.12436713642032989,3.2983425223253473
1.0,4-acetamido-TEMPO,10,n-Bu4NClO4,0.2,1.0,1.5,MeCN:EtOAc=5:5,10.0,PENDING,PENDING,PENDING,0.0,58.790728043443295,4.526960294042317,0.06604901097163046,68.37042365540465,2.156062789984303,0.18387512665136407,1.745269383021054,0.11755140056724507,3.2752693830210537
1.0,4-acetamido-TEMPO,10,n-Bu4NClO4,0.2,1.0,1.5,MeCN:EtOAc=4:6,10.0,PENDING,PENDING,PENDING,0.0,57.342374609329326,5.564151377963959,0.09744459523035692,65.33677110689273,2.522535612068591,0.01887482225654588,1.7474720972766444,0.14083261726439167,3.2774720972766445
1.0,4-acetamido-TEMPO,10,n-Bu4NClO4,0.2,1.0,1.5,MeCN:EtOAc=3:7,10.0,PENDING,PENDING,PENDING,0.0,54.78929054523632,5.91662386601606,0.04426446897567235,64.92976171141547,2.7377502574478325,0.021176611213639604,1.8926199321737256,0.16879246209345278,3.422619932173726
1.0,4-acetamido-TEMPO,10,n-Bu4NClO4,0.2,1.0,1.5,MeCN:EtOAc=2:8,10.0,PENDING,PENDING,PENDING,0.0,57.556541796883884,4.972589545775757,0.05804149963945093,66.25939467632745,2.4148447069832715,0.038475061383190734,1.7646328553505364,0.12799710271201356,3.294632855350536
1.0,4-acetamido-TEMPO,10,n-Bu4NClO4,0.2,1.0,1.0,MeCN:EtOAc=7:3,10.0,PENDING,PENDING,PENDING,0.0,57.40794980332226,6.534652036751372,0.2131898209183385,66.22487470165163,3.040615985691956,0.11002707763958491,1.768777776299182,0.17019315818933897,3.298777776299182
1.0,4-acetamido-TEMPO,10,n-Bu4NClO4,0.2,1.0,1.0,MeCN:EtOAc=6:4,10.0,PENDING,PENDING,PENDING,0.0,57.868627718105984,5.125895258756783,0.0804904957498625,66.81850814998015,2.4589950670676552,0.07253425440029518,1.7691411881268235,0.13470822686373374,3.2991411881268236
1.0,4-acetamido-TEMPO,10,n-Bu4NClO4,0.2,1.0,1.0,MeCN:EtOAc=5:5,10.0,PENDING,PENDING,PENDING,0.0,58.74173021237954,4.937968948091067,0.10138060568939977,68.33567907017424,2.323783575412189,0.22026087680804163,1.7464223717429859,0.12859266720326662,3.276422371742986
1.0,4-acetamido-TEMPO,10,n-Bu4NClO4,0.2,1.0,1.0,MeCN:EtOAc=4:6,10.0,PENDING,PENDING,PENDING,0.0,57.3168287270115,5.878949279897113,0.12723732079514105,65.34185511144794,2.6585362694774344,0.026455394679228417,1.7485025304168789,0.14959461294446247,3.278502530416879
1.0,4-acetamido-TEMPO,10,n-Bu4NClO4,0.2,1.0,1.0,MeCN:EtOAc=3:7,10.0,PENDING,PENDING,PENDING,0.0,54.79297928603516,6.206427565743403,0.06007515647243039,64.93923450081316,2.858519965546625,0.02806532157085334,1.8919201636905902,0.17558477151555338,3.42192016369059
1.0,4-acetamido-TEMPO,10,n-Bu4NClO4,0.2,1.0,1.0,MeCN:EtOAc=2:8,10.0,PENDING,PENDING,PENDING,0.0,57.52521331978607,5.336715090111057,0.08490158688330829,66.25220223604269,2.557864452148134,0.05144985848512257,1.7655083680550987,0.13787790069944528,3.2955083680550987
1.0,4-acetamido-TEMPO,10,n-Bu4NClO4,0.1,1.0,2.0,MeCN:EtOAc=7:3,10.0,PENDING,PENDING,PENDING,0.0,57.57560530898504,5.979474607331003,0.1528366697168495,65.77046700976675,2.7723377924564176,0.04996662035941343,1.747944196591613,0.15560618456242103,3.277944196591613
1.0,4-acetamido-TEMPO,10,n-Bu4NClO4,0.1,1.0,2.0,MeCN:EtOAc=6:4,10.0,PENDING,PENDING,PENDING,0.0,58.05834432586731,4.221777136013231,0.02774091608927809,66.38141109470388,2.0373347302682268,0.016324424716401137,1.747783200141626,0.10996159387852118,3.2777832001416263
1.0,4-acetamido-TEMPO,10,n-Bu4NClO4,0.1,1.0,2.0,MeCN:EtOAc=5:5,10.0,PENDING,PENDING,PENDING,0.0,58.975172646640814,4.278427037661002,0.053488215736760325,67.89871661345715,2.102272026809949,0.10918386030639443,1.7227434919212963,0.11216674835272963,3.2527434919212963
1.0,4-acetamido-TEMPO,10,n-Bu4NClO4,0.1,1.0,2.0,MeCN:EtOAc=4:6,10.0,PENDING,PENDING,PENDING,0.0,57.478936975361336,5.183098074573998,0.07076768643021092,64.84632176692098,2.2836948470771383,0.004933929277932646,1.7265478983562832,0.12989304475099994,3.256547898356283
1.0,4-acetamido-TEMPO,10,n-Bu4NClO4,0.1,1.0,2.0,MeCN:EtOAc=3:7,10.0,PENDING,PENDING,PENDING,0.0,54.872614511563775,5.489900672501695,0.027538129407564282,64.439936020186,2.527328712429288,0.0069208827119931204,1.876673953255031,0.1588882069088237,3.406673953255031
1.0,4-acetamido-TEMPO,10,n-Bu4NClO4,0.1,1.0,2.0,MeCN:EtOAc=2:8,10.0,PENDING,PENDING,PENDING,0.0,57.70646896065594,4.5666694483977786,0.037426083395179,65.77520085279149,2.1990388507660845,0.012426140494524715,1.7433666299381945,0.1174826366262274,3.2733666299381943
1.0,4-acetamido-TEMPO,10,n-Bu4NClO4,0.1,1.0,1.5,MeCN:EtOAc=7:3,10.0,PENDING,PENDING,PENDING,0.0,57.60693669486804,5.670356133855735,0.12017309574766971,65.7716445739473,2.644942631085937,0.03894324155344833,1.7468494882341152,0.14729665348068474,3.2768494882341153
1.0,4-acetamido-TEMPO,10,n-Bu4NClO4,0.1,1.0,1.5,MeCN:EtOAc=6:4,10.0,PENDING,PENDING,PENDING,0.0,58.097721968585404,3.7086786273265346,0.010927080372052256,66.39079328066659,1.835087024544204,0.008015534920212251,1.7466561326482846,0.096199356201379,3.2766561326482844
1.0,4-acetamido-TEMPO,10,n-Bu4NClO4,0.1,1.0,1.5,MeCN:EtOAc=5:5,10.0,PENDING,PENDING,PENDING,0.0,59.030100697172216,3.7751005179325725,0.02547098500425879,67.92869337016607,1.9088041498850006,0.07856048495109128,1.7211698883286297,0.09880697096504755,3.2511698883286297
1.0,4-acetamido-TEMPO,10,n-Bu4NClO4,0.1,1.0,1.5,MeCN:EtOAc=4:6,10.0,PENDING,PENDING,PENDING,0.0,57.507383644871595,4.804202690336923,0.045969907690763145,64.83457148948648,2.1133349068012315,0.002385163215468604,1.7251791474069997,0.11915306831224451,3.2551791474069995
1.0,4-acetamido-TEMPO,10,n-Bu4NClO4,0.1,1.0,1.5,MeCN:EtOAc=3:7,10.0,PENDING,PENDING,PENDING,0.0,54.86984505879994,5.1411135116847735,0.016732755623296236,64.42382120672876,2.3813297933686552,0.00406285127417888,1.8772037748387151,0.15094438814913433,3.407203774838715
1.0,4-acetamido-TEMPO,10,n-Bu4NClO4,0.1,1.0,1.5,MeCN:EtOAc=2:8,10.0,PENDING,PENDING,PENDING,0.0,57.74177833769142,4.112373095473979,0.018606010574193838,65.7763895149398,2.020920894185507,0.006629001633480666,1.742131264797239,0.10511141841195733,3.272131264797239
1.0,4-acetamido-TEMPO,10,n-Bu4NClO4,0.1,1.0,1.0,MeCN:EtOAc=7:3,10.0,PENDING,PENDING,PENDING,0.0,57.57560530898504,5.979474607331003,0.1528366697168495,65.77046700976675,2.7723377924564176,0.04996662035941343,1.747944196591613,0.1556061845624212,3.277944196591613
1.0,4-acetamido-TEMPO,10,n-Bu4NClO4,0.1,1.0,1.0,MeCN:EtOAc=6:4,10.0,PENDING,PENDING,PENDING,0.0,58.05834432586731,4.221777136013231,0.02774091608927809,66.38141109470388,2.0373347302682285,0.016324424716401248,1.747783200141626,0.10996159387852081,3.2777832001416263
1.0,4-acetamido-TEMPO,10,n-Bu4NClO4,0.1,1.0,1.0,MeCN:EtOAc=5:5,10.0,PENDING,PENDING,PENDING,0.0,58.97517264664083,4.278427037661002,0.05348821573676066,67.89871661345715,2.1022720268099473,0.10918386030639421,1.7227434919212967,0.11216674835272987,3.2527434919212967
1.0,4-acetamido-TEMPO,10,n-Bu4NClO4,0.1,1.0,1.0,MeCN:EtOAc=4:6,10.0,PENDING,PENDING,PENDING,0.0,57.478936975361336,5.183098074574001,0.07076768643021125,64.84632176692098,2.2836948470771383,0.004933929277932646,1.7265478983562828,0.12989304475100005,3.256547898356283
1.0,4-acetamido-TEMPO,10,n-Bu4NClO4,0.1,1.0,1.0,MeCN:EtOAc=3:7,10.0,PENDING,PENDING,PENDING,0.0,54.872614511563775,5.489900672501695,0.027538129407564282,64.439936020186,2.527328712429288,0.0069208827119931204,1.876673953255031,0.1588882069088237,3.406673953255031
1.0,4-acetamido-TEMPO,10,n-Bu4NClO4,0.1,1.0,1.0,MeCN:EtOAc=2:8,10.0,PENDING,PENDING,PENDING,0.0,57.70646896065594,4.5666694483977786,0.037426083395179,65.77520085279149,2.1990388507660845,0.012426140494524715,1.7433666299381945,0.1174826366262274,3.2733666299381943
1.0,4-acetamido-TEMPO,10,n-Bu4NClO4,0.05,1.0,2.0,MeCN:EtOAc=7:3,10.0,PENDING,PENDING,PENDING,0.0,57.597593628871955,6.165272061575229,0.17707453863902411,65.54675121806712,2.8606053324298375,0.04842490189608625,1.7401157917872117,0.16162572377453732,3.2701157917872115
1.0,4-acetamido-TEMPO,10,n-Bu4NClO4,0.05,1.0,2.0,MeCN:EtOAc=6:4,10.0,PENDING,PENDING,PENDING,0.0,58.07614194612566,4.488523730545054,0.04174019033691692,66.14821982756465,2.1617688490935314,0.017722290720640035,1.7397683737152725,0.11813980216163676,3.2697683737152725
1.0,4-acetamido-TEMPO,10,n-Bu4NClO4,0.05,1.0,2.0,MeCN:EtOAc=5:5,10.0,PENDING,PENDING,PENDING,0.0,58.985405198743344,4.649107362068131,0.08452792547173732,67.62166710103212,2.3029510790332313,0.11653669399193961,1.7145245975746988,0.12370319020257864,3.244524597574699
1.0,4-acetamido-TEMPO,10,n-Bu4NClO4,0.05,1.0,2.0,MeCN:EtOAc=4:6,10.0,PENDING,PENDING,PENDING,0.0,57.50364434670977,5.389271026098863,0.08857153840151177,64.63080562514656,2.385548984828299,0.0054029309802529416,1.7187570031730905,0.1367248423070337,3.2487570031730906
1.0,4-acetamido-TEMPO,10,n-Bu4NClO4,0.05,1.0,2.0,MeCN:EtOAc=3:7,10.0,PENDING,PENDING,PENDING,0.0,54.91686363748816,5.64778622671093,0.0343959794092247,64.23224339737881,2.615056934845346,0.007183113298461739,1.8681248530172132,0.1635536639776193,3.3981248530172135
1.0,4-acetamido-TEMPO,10,n-Bu4NClO4,0.05,1.0,2.0,MeCN:EtOAc=2:8,10.0,PENDING,PENDING,PENDING,0.0,57.728048003806904,4.825666674900583,0.053253211527994504,65.54074448736647,2.3165537808542505,0.013378523351031832,1.7351944217866238,0.125919377416105,3.2651944217866236
1.0,4-acetamido-TEMPO,10,n-Bu4NClO4,0.05,1.0,1.5,MeCN:EtOAc=7:3,10.0,PENDING,PENDING,PENDING,0.0,57.62887709872685,5.869516593790698,0.14313850553252638,65.54533054205528,2.738789152357636,0.03821383392551861,1.738936894283553,0.15375382653850742,3.268936894283553
1.0,4-acetamido-TEMPO,10,n-Bu4NClO4,0.05,1.0,1.5,MeCN:EtOAc=6:4,10.0,PENDING,PENDING,PENDING,0.0,58.115245326464866,4.016050203380211,0.02034076340797264,66.15476141198486,1.974878310776811,0.009644209655475272,1.7385538870247879,0.1056297086976789,3.2685538870247877
1.0,4-acetamido-TEMPO,10,n-Bu4NClO4,0.05,1.0,1.5,MeCN:EtOAc=5:5,10.0,PENDING,PENDING,PENDING,0.0,59.03962953073314,4.198954375293195,0.049905086593834164,67.64760165796193,2.1320108512930918,0.08950415155833435,1.7128663911316195,0.11198841307002878,3.24286639113162
1.0,4-acetamido-TEMPO,10,n-Bu4NClO4,0.05,1.0,1.5,MeCN:EtOAc=4:6,10.0,PENDING,PENDING,PENDING,0.0,57.53212569058003,5.029993294093688,0.06127287892259431,64.61673018302923,2.224814620756095,0.002825213083124844,1.717305210361839,0.12669535014102543,3.247305210361839
1.0,4-acetamido-TEMPO,10,n-Bu4NClO4,0.05,1.0,1.5,MeCN:EtOAc=3:7,10.0,PENDING,PENDING,PENDING,0.0,54.914615512732546,5.312202409665477,0.02209567435945467,64.21394642944708,2.475684561782355,0.004392394145149192,1.8685506241235985,0.155926051720048,3.3985506241235983
1.0,4-acetamido-TEMPO,10,n-Bu4NClO4,0.05,1.0,1.5,MeCN:EtOAc=2:8,10.0,PENDING,PENDING,PENDING,0.0,57.76313709515205,4.403678791786854,0.030527338294747575,65.53909537540295,2.1502833000683634,0.007711393344338298,1.7338704798157325,0.11463398786764256,3.2638704798157328
1.0,4-acetamido-TEMPO,10,n-Bu4NClO4,0.05,1.0,1.0,MeCN:EtOAc=7:3,10.0,PENDING,PENDING,PENDING,0.0,57.59759362887194,6.165272061575229,0.17707453863902367,65.54675121806712,2.8606053324298375,0.04842490189608625,1.7401157917872117,0.16162572377453732,3.2701157917872115
1.0,4-acetamido-TEMPO,10,n-Bu4NClO4,0.05,1.0,1.0,MeCN:EtOAc=6:4,10.0,PENDING,PENDING,PENDING,0.0,58.07614194612566,4.488523730545054,0.04174019033691692,66.14821982756465,2.1617688490935314,0.017722290720640035,1.7397683737152725,0.11813980216163722,3.2697683737152725
1.0,4-acetamido-TEMPO,10,n-Bu4NClO4,0.05,1.0,1.0,MeCN:EtOAc=5:5,10.0,PENDING,PENDING,PENDING,0.0,58.985405198743344,4.649107362068131,0.08452792547173732,67.62166710103212,2.302951079033233,0.11653669399193983,1.7145245975746988,0.12370319020257864,3.244524597574699
1.0,4-acetamido-TEMPO,10,n-Bu4NClO4,0.05,1.0,1.0,MeCN:EtOAc=4:6,10.0,PENDING,PENDING,PENDING,0.0,57.50364434670978,5.38927102609886,0.08857153840151177,64.63080562514656,2.385548984828299,0.0054029309802529416,1.7187570031730905,0.1367248423070337,3.2487570031730906
1.0,4-acetamido-TEMPO,10,n-Bu4NClO4,0.05,1.0,1.0,MeCN:EtOAc=3:7,10.0,PENDING,PENDING,PENDING,0.0,54.91686363748816,5.64778622671093,0.0343959794092247,64.23224339737881,2.6150569348453474,0.007183113298461746,1.8681248530172132,0.1635536639776193,3.3981248530172135
1.0,4-acetamido-TEMPO,10,n-Bu4NClO4,0.05,1.0,1.0,MeCN:EtOAc=2:8,10.0,PENDING,PENDING,PENDING,0.0,57.728048003806904,4.825666674900575,0.05325321152799406,65.54074448736647,2.3165537808542505,0.013378523351031832,1.7351944217866238,0.125919377416105,3.2651944217866236
1.0,4-acetamido-TEMPO,10,n-Bu4NBF4,0.2,1.0,2.0,MeCN:EtOAc=7:3,10.0,PENDING,PENDING,PENDING,0.0,62.99809713737396,7.10880310848041,1.3018450477838428,66.20276715594312,3.0904772044724886,0.11572023292417971,1.6758833921364575,0.18324828659690318,3.2058833921364576
1.0,4-acetamido-TEMPO,10,n-Bu4NBF4,0.2,1.0,2.0,MeCN:EtOAc=6:4,10.0,PENDING,PENDING,PENDING,0.0,63.477815299749466,6.464166491663646,1.2209156954630078,66.81201538061495,2.6720580016259046,0.10233027574929426,1.6738577824820748,0.16271438012849654,3.203857782482075
1.0,4-acetamido-TEMPO,10,n-Bu4NBF4,0.2,1.0,2.0,MeCN:EtOAc=5:5,10.0,PENDING,PENDING,PENDING,0.0,63.98928532589579,6.427145518860079,1.3672419167184668,68.24613083723104,2.5879504619917197,0.2740619279972753,1.6561511253207428,0.15881462687793854,3.186151125320743
1.0,4-acetamido-TEMPO,10,n-Bu4NBF4,0.2,1.0,2.0,MeCN:EtOAc=4:6,10.0,PENDING,PENDING,PENDING,0.0,63.59343779434767,5.471750491871194,0.9165037091694371,65.33174988277175,2.478837149421927,0.016712857408528375,1.645724289159017,0.14280321864175288,3.175724289159017
1.0,4-acetamido-TEMPO,10,n-Bu4NBF4,0.2,1.0,2.0,MeCN:EtOAc=3:7,10.0,PENDING,PENDING,PENDING,0.0,60.81210864101367,6.919952191522704,0.7211386311615795,64.91976027853548,2.895368303741798,0.029806239483959135,1.7964266769420187,0.18997497720087417,3.3264266769420185
1.0,4-acetamido-TEMPO,10,n-Bu4NBF4,0.2,1.0,2.0,MeCN:EtOAc=2:8,10.0,PENDING,PENDING,PENDING,0.0,63.363636985713285,6.0733810470972704,1.0542605300949024,66.2298297430178,2.6217190821154404,0.056919458251364935,1.668018193811609,0.15492281356192678,3.198018193811609
1.0,4-acetamido-TEMPO,10,n-Bu4NBF4,0.2,1.0,1.5,MeCN:EtOAc=7:3,10.0,PENDING,PENDING,PENDING,0.0,63.086630642156976,6.872475293237373,1.2466017316931772,66.20931289980862,2.9835819247656263,0.10054110042596648,1.6739898430247153,0.17680481318867186,3.2039898430247153
1.0,4-acetamido-TEMPO,10,n-Bu4NBF4,0.2,1.0,1.5,MeCN:EtOAc=6:4,10.0,PENDING,PENDING,PENDING,0.0,63.57328149310061,6.188853544084985,1.1539882664196273,66.82678656849907,2.5367332220955894,0.0836101875411332,1.6718923874112772,0.15492959154185876,3.2018923874112772
1.0,4-acetamido-TEMPO,10,n-Bu4NBF4,0.2,1.0,1.5,MeCN:EtOAc=5:5,10.0,PENDING,PENDING,PENDING,0.0,64.08936281755688,6.149915304487021,1.2999987493986538,68.27887322875956,2.44555422081312,0.24192701971782143,1.6539824169580502,0.15073689727333944,3.18398241695805
1.0,4-acetamido-TEMPO,10,n-Bu4NBF4,0.2,1.0,1.5,MeCN:EtOAc=4:6,10.0,PENDING,PENDING,PENDING,0.0,63.69547730355629,5.112645249193119,0.8254166200551576,65.3269556020834,2.3260835606839994,0.010616929934549948,1.643300966664677,0.1332272352498047,3.173300966664677
1.0,4-acetamido-TEMPO,10,n-Bu4NBF4,0.2,1.0,1.5,MeCN:EtOAc=3:7,10.0,PENDING,PENDING,PENDING,0.0,60.87757478820437,6.674321673656822,0.6674550188188455,64.91026114410694,2.7768545137425025,0.022770273989618936,1.7959685479689387,0.1839943292805146,3.3259685479689387
1.0,4-acetamido-TEMPO,10,n-Bu4NBF4,0.2,1.0,1.5,MeCN:EtOAc=2:8,10.0,PENDING,PENDING,PENDING,0.0,63.46009373162719,5.769261820728887,0.9790685078853049,66.23698649541294,2.483746130262541,0.04364185128523834,1.665921568954404,0.1465462623811476,3.195921568954404
1.0,4-acetamido-TEMPO,10,n-Bu4NBF4,0.2,1.0,1.0,MeCN:EtOAc=7:3,10.0,PENDING,PENDING,PENDING,0.0,62.99809713737396,7.108803108480408,1.3018450477838424,66.20276715594312,3.090477204472486,0.11572023292417938,1.6758833921364575,0.183248286596903,3.2058833921364576
1.0,4-acetamido-TEMPO,10,n-Bu4NBF4,0.2,1.0,1.0,MeCN:EtOAc=6:4,10.0,PENDING,PENDING,PENDING,0.0,63.477815299749466,6.464166491663646,1.2209156954630078,66.81201538061495,2.6720580016259063,0.10233027574929443,1.6738577824820748,0.16271438012849654,3.203857782482075
1.0,4-acetamido-TEMPO,10,n-Bu4NBF4,0.2,1.0,1.0,MeCN:EtOAc=5:5,10.0,PENDING,PENDING,PENDING,0.0,63.98928532589579,6.427145518860085,1.3672419167184695,68.24613083723104,2.587950461991723,0.27406192799727624,1.6561511253207428,0.15881462687793854,3.186151125320743
1.0,4-acetamido-TEMPO,10,n-Bu4NBF4,0.2,1.0,1.0,MeCN:EtOAc=4:6,10.0,PENDING,PENDING,PENDING,0.0,63.59343779434767,5.471750491871197,0.9165037091694384,65.33174988277175,2.478837149421928,0.01671285740852843,1.645724289159017,0.142803218641753,3.175724289159017
1.0,4-acetamido-TEMPO,10,n-Bu4NBF4,0.2,1.0,1.0,MeCN:EtOAc=3:7,10.0,PENDING,PENDING,PENDING,0.0,60.81210864101367,6.919952191522704,0.7211386311615795,64.91976027853548,2.895368303741798,0.029806239483959135,1.7964266769420187,0.18997497720087417,3.3264266769420185
1.0,4-acetamido-TEMPO,10,n-Bu4NBF4,0.2,1.0,1.0,MeCN:EtOAc=2:8,10.0,PENDING,PENDING,PENDING,0.0,63.363636985713285,6.0733810470972704,1.0542605300949024,66.2298297430178,2.6217190821154404,0.056919458251364935,1.668018193811609,0.15492281356192678,3.198018193811609
1.0,4-acetamido-TEMPO,10,n-Bu4NBF4,0.1,1.0,2.0,MeCN:EtOAc=7:3,10.0,PENDING,PENDING,PENDING,0.0,63.3146616946112,6.549840705787559,1.2023292789998885,65.74907175903274,2.8408516903921317,0.05555583012265111,1.6529407966906564,0.16825576654068072,3.1829407966906564
1.0,4-acetamido-TEMPO,10,n-Bu4NBF4,0.1,1.0,2.0,MeCN:EtOAc=6:4,10.0,PENDING,PENDING,PENDING,0.0,63.815154336519086,5.7689664776499665,1.0804801743506451,66.3773813571159,2.3221122041209616,0.03526053800091267,1.6502739707839147,0.1423846629804251,3.1802739707839147
1.0,4-acetamido-TEMPO,10,n-Bu4NBF4,0.1,1.0,2.0,MeCN:EtOAc=5:5,10.0,PENDING,PENDING,PENDING,0.0,64.34293469409408,5.8978358091249365,1.2921052691462036,67.80380588216978,2.4450367146551586,0.16687650605025983,1.6309159968215383,0.14478089376601053,3.1609159968215383
1.0,4-acetamido-TEMPO,10,n-Bu4NBF4,0.1,1.0,2.0,MeCN:EtOAc=4:6,10.0,PENDING,PENDING,PENDING,0.0,63.94937866435432,4.535878708787847,0.704157402229946,64.83818878535597,2.058809869400175,0.001851059340676791,1.6208036940919912,0.1169956103360755,3.1508036940919912
1.0,4-acetamido-TEMPO,10,n-Bu4NBF4,0.1,1.0,2.0,MeCN:EtOAc=3:7,10.0,PENDING,PENDING,PENDING,0.0,61.06535294367205,6.270671047453336,0.5953744700446897,64.42132564563815,2.5826049108850033,0.008070416643980158,1.7787845411191847,0.17383816126534923,3.3087845411191847
1.0,4-acetamido-TEMPO,10,n-Bu4NBF4,0.1,1.0,2.0,MeCN:EtOAc=2:8,10.0,PENDING,PENDING,PENDING,0.0,63.70568081268716,5.33917683686855,0.9030957196664979,65.75380810153979,2.2920391756264573,0.016068239997351852,1.6435587448764337,0.134990227192364,3.1735587448764337
1.0,4-acetamido-TEMPO,10,n-Bu4NBF4,0.1,1.0,1.5,MeCN:EtOAc=7:3,10.0,PENDING,PENDING,PENDING,0.0,63.40913430077619,6.278630628475108,1.1368570349153735,65.75022378096399,2.7181203336799844,0.044240868300431196,1.6506891882959138,0.16084238163165052,3.180689188295914
1.0,4-acetamido-TEMPO,10,n-Bu4NBF4,0.1,1.0,1.5,MeCN:EtOAc=6:4,10.0,PENDING,PENDING,PENDING,0.0,63.91728169071035,5.440256880150054,0.9972581376090057,66.38739601687227,2.155238670597246,0.02332262098963543,1.6479253985129034,0.13286053039142479,3.1779253985129037
1.0,4-acetamido-TEMPO,10,n-Bu4NBF4,0.1,1.0,1.5,MeCN:EtOAc=5:5,10.0,PENDING,PENDING,PENDING,0.0,64.44986136081182,5.5805661892432905,1.2124498928463345,67.83140801814389,2.29079844529014,0.13804471279600572,1.6283234724849562,0.1355128717132867,3.1583234724849563
1.0,4-acetamido-TEMPO,10,n-Bu4NBF4,0.1,1.0,1.5,MeCN:EtOAc=4:6,10.0,PENDING,PENDING,PENDING,0.0,64.05963866903397,4.065316656747008,0.582148019001256,64.82688263692177,1.8588552332838544,0.0005905898941622146,1.617929394352109,0.10424153954362428,3.1479293943521087
1.0,4-acetamido-TEMPO,10,n-Bu4NBF4,0.1,1.0,1.5,MeCN:EtOAc=3:7,10.0,PENDING,PENDING,PENDING,0.0,61.135553616495564,5.98236718538462,0.5339700886039714,64.40524487940425,2.4409841065110576,0.00494012709955665,1.778096491043603,0.16690239912272786,3.308096491043603
1.0,4-acetamido-TEMPO,10,n-Bu4NBF4,0.1,1.0,1.5,MeCN:EtOAc=2:8,10.0,PENDING,PENDING,PENDING,0.0,63.80933559688882,4.969753830065372,0.8088150913811591,65.75505229015289,2.1238605577015313,0.009414718665466185,1.6410429839969898,0.124723735741366,3.1710429839969896
1.0,4-acetamido-TEMPO,10,n-Bu4NBF4,0.1,1.0,1.0,MeCN:EtOAc=7:3,10.0,PENDING,PENDING,PENDING,0.0,63.3146616946112,6.549840705787559,1.2023292789998885,65.74907175903274,2.8408516903921317,0.05555583012265111,1.6529407966906564,0.16825576654068072,3.1829407966906564
1.0,4-acetamido-TEMPO,10,n-Bu4NBF4,0.1,1.0,1.0,MeCN:EtOAc=6:4,10.0,PENDING,PENDING,PENDING,0.0,63.815154336519086,5.7689664776499665,1.0804801743506451,66.3773813571159,2.3221122041209616,0.03526053800091267,1.6502739707839147,0.1423846629804251,3.1802739707839147
1.0,4-acetamido-TEMPO,10,n-Bu4NBF4,0.1,1.0,1.0,MeCN:EtOAc=5:5,10.0,PENDING,PENDING,PENDING,0.0,64.34293469409408,5.8978358091249365,1.2921052691462036,67.80380588216978,2.4450367146551586,0.16687650605025983,1.6309159968215383,0.14478089376601053,3.1609159968215383
1.0,4-acetamido-TEMPO,10,n-Bu4NBF4,0.1,1.0,1.0,MeCN:EtOAc=4:6,10.0,PENDING,PENDING,PENDING,0.0,63.94937866435432,4.535878708787847,0.704157402229946,64.83818878535597,2.058809869400175,0.001851059340676791,1.6208036940919912,0.1169956103360755,3.1508036940919912
1.0,4-acetamido-TEMPO,10,n-Bu4NBF4,0.1,1.0,1.0,MeCN:EtOAc=3:7,10.0,PENDING,PENDING,PENDING,0.0,61.06535294367205,6.270671047453336,0.5953744700446897,64.42132564563815,2.5826049108850015,0.00807041664398011,1.778784541119185,0.17383816126534923,3.308784541119185
1.0,4-acetamido-TEMPO,10,n-Bu4NBF4,0.1,1.0,1.0,MeCN:EtOAc=2:8,10.0,PENDING,PENDING,PENDING,0.0,63.70568081268716,5.33917683686855,0.9030957196664979,65.75380810153979,2.2920391756264573,0.016068239997351852,1.6435587448764337,0.134990227192364,3.1735587448764337
1.0,4-acetamido-TEMPO,10,n-Bu4NBF4,0.05,1.0,2.0,MeCN:EtOAc=7:3,10.0,PENDING,PENDING,PENDING,0.0,63.28763905845585,6.70713272108342,1.2485462428262681,65.52579749743141,2.930958692864028,0.053977465804028624,1.646518837875659,0.17304410820175609,3.1765188378756593
1.0,4-acetamido-TEMPO,10,n-Bu4NBF4,0.05,1.0,2.0,MeCN:EtOAc=6:4,10.0,PENDING,PENDING,PENDING,0.0,63.783866809544655,5.940257262362956,1.130543652270004,66.14417035491802,2.4315139347339,0.0354691859711935,1.643737088653702,0.14757145157613524,3.173737088653702
1.0,4-acetamido-TEMPO,10,n-Bu4NBF4,0.05,1.0,2.0,MeCN:EtOAc=5:5,10.0,PENDING,PENDING,PENDING,0.0,64.31018848567585,6.132466212278103,1.3665718839312935,67.5290323115401,2.6263427898981537,0.16937063477968245,1.6241036281071504,0.152532444652735,3.1541036281071504
1.0,4-acetamido-TEMPO,10,n-Bu4NBF4,0.05,1.0,2.0,MeCN:EtOAc=4:6,10.0,PENDING,PENDING,PENDING,0.0,63.9128706847965,4.778430986826477,0.7735613823213853,64.62278015615814,2.1819378958675366,0.0023621369513383665,1.6146820166558993,0.12393621621547694,3.1446820166558993
1.0,4-acetamido-TEMPO,10,n-Bu4NBF4,0.05,1.0,2.0,MeCN:EtOAc=3:7,10.0,PENDING,PENDING,PENDING,0.0,61.05425422606294,6.407336440231764,0.629058594033685,64.21401974001094,2.673094199966285,0.00840611514879757,1.7716324241353472,0.1774780763467267,3.301632424135347
1.0,4-acetamido-TEMPO,10,n-Bu4NBF4,0.05,1.0,2.0,MeCN:EtOAc=2:8,10.0,PENDING,PENDING,PENDING,0.0,63.67424559179497,5.546841066128461,0.963986521626614,65.51977719093168,2.4101283983551203,0.017098685884470513,1.6369362577657074,0.14134097137269727,3.166936257765707
1.0,4-acetamido-TEMPO,10,n-Bu4NBF4,0.05,1.0,1.5,MeCN:EtOAc=7:3,10.0,PENDING,PENDING,PENDING,0.0,63.38111244044798,6.445758324394749,1.1859933942127894,65.52434973642448,2.8136681042152274,0.04347597759701807,1.6442162793928987,0.16593154396419899,3.1742162793928985
1.0,4-acetamido-TEMPO,10,n-Bu4NBF4,0.05,1.0,1.5,MeCN:EtOAc=6:4,10.0,PENDING,PENDING,PENDING,0.0,63.88481852404616,5.625226268972748,1.051426736361695,66.15129917909528,2.2746715455549937,0.02438500088231725,1.6413380786470542,0.1385001760890743,3.171338078647054
1.0,4-acetamido-TEMPO,10,n-Bu4NBF4,0.05,1.0,1.5,MeCN:EtOAc=5:5,10.0,PENDING,PENDING,PENDING,0.0,64.4159433097779,5.832938810086056,1.2928614067511799,67.55272568937238,2.487110311376944,0.14387477366058932,1.6214543167223556,0.143921845776171,3.1514543167223557
1.0,4-acetamido-TEMPO,10,n-Bu4NBF4,0.05,1.0,1.5,MeCN:EtOAc=4:6,10.0,PENDING,PENDING,PENDING,0.0,64.0215002473333,4.34046178262815,0.6597605957805275,64.60911848418291,1.9968334953594336,0.0009091548769151556,1.6117783143528914,0.11213101090176057,3.1417783143528917
1.0,4-acetamido-TEMPO,10,n-Bu4NBF4,0.05,1.0,1.5,MeCN:EtOAc=3:7,10.0,PENDING,PENDING,PENDING,0.0,61.12376417572124,6.128230323997597,0.5689150606464151,64.1957533823361,2.5380387633093386,0.005346084805682355,1.7708729920280142,0.17074925728467313,3.3008729920280144
1.0,4-acetamido-TEMPO,10,n-Bu4NBF4,0.05,1.0,1.5,MeCN:EtOAc=2:8,10.0,PENDING,PENDING,PENDING,0.0,63.77659189883722,5.196885470361523,0.8751265799100064,65.51817385810624,2.252876066027113,0.01066037966223081,1.6343726282739677,0.13169561763847534,3.1643726282739677
1.0,4-acetamido-TEMPO,10,n-Bu4NBF4,0.05,1.0,1.0,MeCN:EtOAc=7:3,10.0,PENDING,PENDING,PENDING,0.0,63.28763905845585,6.70713272108342,1.2485462428262681,65.52579749743141,2.930958692864028,0.053977465804028624,1.646518837875659,0.17304410820175609,3.1765188378756593
1.0,4-acetamido-TEMPO,10,n-Bu4NBF4,0.05,1.0,1.0,MeCN:EtOAc=6:4,10.0,PENDING,PENDING,PENDING,0.0,63.783866809544655,5.940257262362953,1.1305436522700025,66.14417035491802,2.4315139347339,0.0354691859711935,1.643737088653702,0.14757145157613505,3.173737088653702
1.0,4-acetamido-TEMPO,10,n-Bu4NBF4,0.05,1.0,1.0,MeCN:EtOAc=5:5,10.0,PENDING,PENDING,PENDING,0.0,64.31018848567585,6.132466212278103,1.3665718839312935,67.5290323115401,2.6263427898981537,0.16937063477968245,1.6241036281071504,0.15253244465273508,3.1541036281071504
1.0,4-acetamido-TEMPO,10,n-Bu4NBF4,0.05,1.0,1.0,MeCN:EtOAc=4:6,10.0,PENDING,PENDING,PENDING,0.0,63.9128706847965,4.778430986826472,0.7735613823213838,64.62278015615814,2.1819378958675366,0.0023621369513383665,1.6146820166558995,0.12393621621547717,3.1446820166558993
1.0,4-acetamido-TEMPO,10,n-Bu4NBF4,0.05,1.0,1.0,MeCN:EtOAc=3:7,10.0,PENDING,PENDING,PENDING,0.0,61.05425422606294,6.407336440231764,0.629058594033685,64.21401974001094,2.673094199966285,0.00840611514879757,1.7716324241353472,0.1774780763467267,3.301632424135347
1.0,4-acetamido-TEMPO,10,n-Bu4NBF4,0.05,1.0,1.0,MeCN:EtOAc=2:8,10.0,PENDING,PENDING,PENDING,0.0,63.67424559179497,5.546841066128461,0.963986521626614,65.51977719093168,2.4101283983551203,0.017098685884470513,1.6369362577657074,0.14134097137269727,3.166936257765707
1.0,4-acetamido-TEMPO,10,Et4NOAc,0.2,1.0,2.0,MeCN:EtOAc=7:3,10.0,PENDING,PENDING,PENDING,0.0,52.08948618284272,6.2391792230692085,0.01836277342500242,66.11057180274156,2.977621760831106,0.09253963644364338,1.8320734377753731,0.16674673658998873,3.362073437775373
1.0,4-acetamido-TEMPO,10,Et4NOAc,0.2,1.0,2.0,MeCN:EtOAc=6:4,10.0,PENDING,PENDING,PENDING,0.0,52.41316735478888,4.92277114522927,0.002299012728383929,66.7737909142774,2.4205584895660732,0.06480590419005433,1.8340823358136633,0.13266178597232287,3.3640823358136633
1.0,4-acetamido-TEMPO,10,Et4NOAc,0.2,1.0,2.0,MeCN:EtOAc=5:5,10.0,PENDING,PENDING,PENDING,0.0,53.132313140175064,4.993423863687301,0.004384722373894395,68.16939701705121,2.457090278428051,0.22558280216947096,1.8140909953713509,0.13373506716962655,3.344090995371351
1.0,4-acetamido-TEMPO,10,Et4NOAc,0.2,1.0,2.0,MeCN:EtOAc=4:6,10.0,PENDING,PENDING,PENDING,0.0,51.78436922025715,4.919770110224995,0.0014523531697360273,65.16133195243596,2.426656815554182,0.011858771521903025,1.814265220853011,0.13278204234792487,3.344265220853011
1.0,4-acetamido-TEMPO,10,Et4NOAc,0.2,1.0,2.0,MeCN:EtOAc=3:7,10.0,PENDING,PENDING,PENDING,0.0,49.31693175991744,5.780312477951309,0.001903679014774666,64.82130461719797,2.7926530596233077,0.0216694203260292,1.9528309351811912,0.17186864139408708,3.482830935181191
1.0,4-acetamido-TEMPO,10,Et4NOAc,0.2,1.0,2.0,MeCN:EtOAc=2:8,10.0,PENDING,PENDING,PENDING,0.0,51.9142514219995,4.935526290870349,0.0016581739613230652,66.13310785375596,2.474163489943441,0.038553972087237987,1.8323214544738051,0.13310848224751057,3.362321454473805
1.0,4-acetamido-TEMPO,10,Et4NOAc,0.2,1.0,1.5,MeCN:EtOAc=7:3,10.0,PENDING,PENDING,PENDING,0.0,52.047628781263064,5.950066189800504,0.012067061329609954,66.11602312918929,2.8637524960637903,0.07819891305853377,1.8321294029157635,0.15926026040745603,3.3621294029157633
1.0,4-acetamido-TEMPO,10,Et4NOAc,0.2,1.0,1.5,MeCN:EtOAc=6:4,10.0,PENDING,PENDING,PENDING,0.0,52.374555574805164,4.511105493091816,0.0007759806593656306,66.78918848176187,2.2627101200249746,0.04782825405792601,1.8341732963451651,0.12209380093302205,3.3641732963451654
1.0,4-acetamido-TEMPO,10,Et4NOAc,0.2,1.0,1.5,MeCN:EtOAc=5:5,10.0,PENDING,PENDING,PENDING,0.0,53.1024666939698,4.592059891666373,0.0017262693017465122,68.20144818721856,2.3033032152605486,0.19265581290580297,1.8139204787183212,0.12333799003344996,3.343920478718321
1.0,4-acetamido-TEMPO,10,Et4NOAc,0.2,1.0,1.5,MeCN:EtOAc=4:6,10.0,PENDING,PENDING,PENDING,0.0,51.73282153751685,4.507755066069827,0.0004478819535758318,65.15303076156194,2.2693661940824965,0.0070400274063090115,1.8141569094445122,0.12224694990638235,3.3441569094445125
1.0,4-acetamido-TEMPO,10,Et4NOAc,0.2,1.0,1.5,MeCN:EtOAc=3:7,10.0,PENDING,PENDING,PENDING,0.0,49.23919957644428,5.457171832909893,0.0008832014743011488,64.81054981862012,2.6671118255969115,0.015733561023940232,1.9543027778801272,0.16482620191775815,3.484302777880127
1.0,4-acetamido-TEMPO,10,Et4NOAc,0.2,1.0,1.5,MeCN:EtOAc=2:8,10.0,PENDING,PENDING,PENDING,0.0,51.86693888157837,4.52887359013894,0.0005353868183239742,66.13906785114902,2.32349626889293,0.02726846720926923,1.8323952339749319,0.12269595897522337,3.362395233974932
1.0,4-acetamido-TEMPO,10,Et4NOAc,0.2,1.0,1.0,MeCN:EtOAc=7:3,10.0,PENDING,PENDING,PENDING,0.0,52.08948618284271,6.239179223069206,0.018362773425002282,66.11057180274156,2.977621760831106,0.09253963644364338,1.8320734377753731,0.16674673658998881,3.362073437775373
1.0,4-acetamido-TEMPO,10,Et4NOAc,0.2,1.0,1.0,MeCN:EtOAc=6:4,10.0,PENDING,PENDING,PENDING,0.0,52.41316735478888,4.922771145229278,0.0022990127283839604,66.7737909142774,2.4205584895660732,0.06480590419005433,1.8340823358136633,0.13266178597232287,3.3640823358136633
1.0,4-acetamido-TEMPO,10,Et4NOAc,0.2,1.0,1.0,MeCN:EtOAc=5:5,10.0,PENDING,PENDING,PENDING,0.0,53.132313140175064,4.993423863687301,0.004384722373894395,68.16939701705121,2.457090278428051,0.22558280216947096,1.8140909953713509,0.13373506716962655,3.344090995371351
1.0,4-acetamido-TEMPO,10,Et4NOAc,0.2,1.0,1.0,MeCN:EtOAc=4:6,10.0,PENDING,PENDING,PENDING,0.0,51.78436922025715,4.919770110224995,0.0014523531697360273,65.16133195243596,2.4266568155541837,0.011858771521903025,1.8142652208530115,0.13278204234792476,3.3442652208530115
1.0,4-acetamido-TEMPO,10,Et4NOAc,0.2,1.0,1.0,MeCN:EtOAc=3:7,10.0,PENDING,PENDING,PENDING,0.0,49.31693175991744,5.780312477951309,0.001903679014774666,64.82130461719797,2.7926530596233077,0.0216694203260292,1.9528309351811912,0.17186864139408708,3.482830935181191
1.0,4-acetamido-TEMPO,10,Et4NOAc,0.2,1.0,1.0,MeCN:EtOAc=2:8,10.0,PENDING,PENDING,PENDING,0.0,51.9142514219995,4.935526290870349,0.0016581739613230652,66.13310785375596,2.4741634899434426,0.038553972087238236,1.8323214544738051,0.13310848224751057,3.362321454473805
1.0,4-acetamido-TEMPO,10,Et4NOAc,0.1,1.0,2.0,MeCN:EtOAc=7:3,10.0,PENDING,PENDING,PENDING,0.0,52.070726484898614,5.724548347561949,0.008637891880504775,65.65063448699422,2.715345031185,0.040159126154307584,1.8136054351258994,0.15212300792938985,3.3436054351258995
1.0,4-acetamido-TEMPO,10,Et4NOAc,0.1,1.0,2.0,MeCN:EtOAc=6:4,10.0,PENDING,PENDING,PENDING,0.0,52.40590576027965,4.046696452563099,0.0001704698582387738,66.33864031838284,2.005163698406454,0.013881355161995443,1.8152325111307763,0.10754343083742603,3.345232511130776
1.0,4-acetamido-TEMPO,10,Et4NOAc,0.1,1.0,2.0,MeCN:EtOAc=5:5,10.0,PENDING,PENDING,PENDING,0.0,53.155660024086195,4.574703937306471,0.0017211342268271083,67.72118029821263,2.307413469538468,0.12831378881966715,1.7931866110140946,0.1203098536331442,3.3231866110140946
1.0,4-acetamido-TEMPO,10,Et4NOAc,0.1,1.0,2.0,MeCN:EtOAc=4:6,10.0,PENDING,PENDING,PENDING,0.0,51.74023925437486,4.087779998518302,0.00010225301592724592,64.65337294983976,2.007312363685276,0.0010408239566850833,1.7949288173528732,0.10892916078923365,3.3249288173528733
1.0,4-acetamido-TEMPO,10,Et4NOAc,0.1,1.0,2.0,MeCN:EtOAc=3:7,10.0,PENDING,PENDING,PENDING,0.0,49.198939983592545,5.052540266410796,0.00029150852351182786,64.31617019149648,2.4655542243313264,0.004818866232645554,1.939755900777293,0.1549218602018508,3.469755900777293
1.0,4-acetamido-TEMPO,10,Et4NOAc,0.1,1.0,2.0,MeCN:EtOAc=2:8,10.0,PENDING,PENDING,PENDING,0.0,51.885516190264156,4.195901476087821,0.00017916339780724762,65.65022107034748,2.1176574442004976,0.007980324385042807,1.8128650739872487,0.11226140522196607,3.342865073987249
1.0,4-acetamido-TEMPO,10,Et4NOAc,0.1,1.0,1.5,MeCN:EtOAc=7:3,10.0,PENDING,PENDING,PENDING,0.0,52.02663684146798,5.395039689089386,0.004742176667286935,65.6505460560011,2.5834078191334857,0.030297658009341366,1.8134233670415714,0.14350840894663017,3.3434233670415714
1.0,4-acetamido-TEMPO,10,Et4NOAc,0.1,1.0,1.5,MeCN:EtOAc=6:4,10.0,PENDING,PENDING,PENDING,0.0,52.3653258836519,3.5046567493761787,1.2908937255789858e-05,66.34961939757218,1.7982521942588772,0.006431642922076042,1.8150770487297265,0.09334125395020121,3.3450770487297268
1.0,4-acetamido-TEMPO,10,Et4NOAc,0.1,1.0,1.5,MeCN:EtOAc=5:5,10.0,PENDING,PENDING,PENDING,0.0,53.124578638944634,4.1232926117950655,0.000448960237651304,67.74796023882799,2.1396774578189897,0.10030988666993573,1.7927034887317397,0.10829407306255101,3.3227034887317397
1.0,4-acetamido-TEMPO,10,Et4NOAc,0.1,1.0,1.5,MeCN:EtOAc=4:6,10.0,PENDING,PENDING,PENDING,0.0,51.68463295176094,3.553780305875375,7.032001525937928e-06,64.63776371878856,1.8008131038359407,0.00027133074512596285,1.7945764289474522,0.0950195279784185,3.324576428947452
1.0,4-acetamido-TEMPO,10,Et4NOAc,0.1,1.0,1.5,MeCN:EtOAc=3:7,10.0,PENDING,PENDING,PENDING,0.0,49.11617131895979,4.659323433157191,7.383845595969178e-05,64.29866063186282,2.313788482978662,0.002616785659951909,1.9411161989975763,0.14665347039047327,3.471116198997576
1.0,4-acetamido-TEMPO,10,Et4NOAc,0.1,1.0,1.5,MeCN:EtOAc=2:8,10.0,PENDING,PENDING,PENDING,0.0,51.835197817700205,3.6864710082336165,1.7889754691298703e-05,65.65009535996433,1.9292329833580548,0.0037031214231735277,1.81267597754285,0.09906024033480404,3.34267597754285
1.0,4-acetamido-TEMPO,10,Et4NOAc,0.1,1.0,1.0,MeCN:EtOAc=7:3,10.0,PENDING,PENDING,PENDING,0.0,52.07072648489861,5.724548347561953,0.008637891880504761,65.65063448699424,2.715345031185,0.04015912615430814,1.8136054351258992,0.15212300792938976,3.343605435125899
1.0,4-acetamido-TEMPO,10,Et4NOAc,0.1,1.0,1.0,MeCN:EtOAc=6:4,10.0,PENDING,PENDING,PENDING,0.0,52.40590576027965,4.046696452563099,0.0001704698582387738,66.33864031838284,2.005163698406454,0.013881355161995443,1.8152325111307763,0.10754343083742642,3.345232511130776
1.0,4-acetamido-TEMPO,10,Et4NOAc,0.1,1.0,1.0,MeCN:EtOAc=5:5,10.0,PENDING,PENDING,PENDING,0.0,53.15566002408618,4.5747039373064755,0.001721134226827091,67.72118029821263,2.307413469538468,0.12831378881966715,1.7931866110140946,0.1203098536331442,3.3231866110140946
1.0,4-acetamido-TEMPO,10,Et4NOAc,0.1,1.0,1.0,MeCN:EtOAc=4:6,10.0,PENDING,PENDING,PENDING,0.0,51.74023925437486,4.087779998518307,0.00010225301592724895,64.65337294983976,2.007312363685278,0.0010408239566851146,1.7949288173528732,0.10892916078923351,3.3249288173528733
1.0,4-acetamido-TEMPO,10,Et4NOAc,0.1,1.0,1.0,MeCN:EtOAc=3:7,10.0,PENDING,PENDING,PENDING,0.0,49.198939983592545,5.052540266410796,0.00029150852351182786,64.31617019149648,2.4655542243313264,0.004818866232645554,1.939755900777293,0.1549218602018508,3.469755900777293
1.0,4-acetamido-TEMPO,10,Et4NOAc,0.1,1.0,1.0,MeCN:EtOAc=2:8,10.0,PENDING,PENDING,PENDING,0.0,51.885516190264156,4.195901476087821,0.00017916339780724762,65.65022107034748,2.1176574442004976,0.007980324385042807,1.8128650739872487,0.11226140522196607,3.342865073987249
1.0,4-acetamido-TEMPO,10,Et4NOAc,0.05,1.0,2.0,MeCN:EtOAc=7:3,10.0,PENDING,PENDING,PENDING,0.0,52.14511584563442,5.945919690650131,0.012617059124916591,65.42708617883083,2.8143742732955634,0.03992457611332281,1.8050205450635506,0.1585299304737928,3.335020545063551
1.0,4-acetamido-TEMPO,10,Et4NOAc,0.05,1.0,2.0,MeCN:EtOAc=6:4,10.0,PENDING,PENDING,PENDING,0.0,52.47913348206654,4.339748829865907,0.0005060450783151349,66.10353650211819,2.139441242416462,0.01565856257487762,1.8064153855907519,0.115946258193291,3.336415385590752
1.0,4-acetamido-TEMPO,10,Et4NOAc,0.05,1.0,2.0,MeCN:EtOAc=5:5,10.0,PENDING,PENDING,PENDING,0.0,53.22547713404163,4.98053480409889,0.004544405576688851,67.44546008576224,2.505167342273731,0.13507352744326595,1.7840715986572686,0.131503849967517,3.314071598657269
1.0,4-acetamido-TEMPO,10,Et4NOAc,0.05,1.0,2.0,MeCN:EtOAc=4:6,10.0,PENDING,PENDING,PENDING,0.0,51.82287423509278,4.398065467951305,0.0003415324672832523,64.4398851081008,2.139858680275068,0.0014619911356123783,1.7863065730290681,0.11773173751397772,3.316306573029068
1.0,4-acetamido-TEMPO,10,Et4NOAc,0.05,1.0,2.0,MeCN:EtOAc=3:7,10.0,PENDING,PENDING,PENDING,0.0,49.298503137624415,5.249728078987134,0.0005459487125313214,64.10875830417186,2.564900249586026,0.005272388861257117,1.9305175665674295,0.15991948927967112,3.4605175665674297
1.0,4-acetamido-TEMPO,10,Et4NOAc,0.05,1.0,2.0,MeCN:EtOAc=2:8,10.0,PENDING,PENDING,PENDING,0.0,51.96626056552255,4.515793000843003,0.0005596238425266018,65.41589998899227,2.2518464209517517,0.009324512291228035,1.8038335222096074,0.12143397432542266,3.3338335222096074
1.0,4-acetamido-TEMPO,10,Et4NOAc,0.05,1.0,1.5,MeCN:EtOAc=7:3,10.0,PENDING,PENDING,PENDING,0.0,52.10250556131511,5.633681638855841,0.0075747006519208265,65.42439423098621,2.6890303047740307,0.030702821292915905,1.8047313167299384,0.15040449528540412,3.3347313167299384
1.0,4-acetamido-TEMPO,10,Et4NOAc,0.05,1.0,1.5,MeCN:EtOAc=6:4,10.0,PENDING,PENDING,PENDING,0.0,52.44000827505322,3.845579965214581,7.749076731333e-05,66.11147894509229,1.9495575100107851,0.008230954049389408,1.8061461262280958,0.10308792708082445,3.336146126228096
1.0,4-acetamido-TEMPO,10,Et4NOAc,0.05,1.0,1.5,MeCN:EtOAc=5:5,10.0,PENDING,PENDING,PENDING,0.0,53.195794739003546,4.578610449643447,0.001792915176823829,67.4682922790394,2.3557128079906664,0.110258928408554,1.783468203386842,0.12085296737639399,3.313468203386842
1.0,4-acetamido-TEMPO,10,Et4NOAc,0.05,1.0,1.5,MeCN:EtOAc=4:6,10.0,PENDING,PENDING,PENDING,0.0,51.76930907209414,3.913790171283186,5.023495846175356e-05,64.42210827157363,1.9501988808060489,0.0004908170278012641,1.7858410418418043,0.10518978890285893,3.3158410418418045
1.0,4-acetamido-TEMPO,10,Et4NOAc,0.05,1.0,1.5,MeCN:EtOAc=3:7,10.0,PENDING,PENDING,PENDING,0.0,49.21794978354384,4.876028814592306,0.00017128701922871368,64.0890689955793,2.4210955211026928,0.0030393811048489323,1.9317553155909566,0.15200931044655777,3.4617553155909566
1.0,4-acetamido-TEMPO,10,Et4NOAc,0.05,1.0,1.5,MeCN:EtOAc=2:8,10.0,PENDING,PENDING,PENDING,0.0,51.91774096412908,4.053660783316941,0.00010684555899463481,65.41292191742409,2.0781464033531996,0.004888982489356215,1.8035244953120817,0.10953615558534925,3.3335244953120817
1.0,4-acetamido-TEMPO,10,Et4NOAc,0.05,1.0,1.0,MeCN:EtOAc=7:3,10.0,PENDING,PENDING,PENDING,0.0,52.14511584563442,5.945919690650131,0.012617059124916591,65.42708617883083,2.8143742732955634,0.03992457611332281,1.8050205450635506,0.1585299304737928,3.335020545063551
1.0,4-acetamido-TEMPO,10,Et4NOAc,0.05,1.0,1.0,MeCN:EtOAc=6:4,10.0,PENDING,PENDING,PENDING,0.0,52.47913348206654,4.339748829865907,0.0005060450783151349,66.10353650211819,2.139441242416462,0.01565856257487762,1.8064153855907519,0.115946258193291,3.336415385590752
1.0,4-acetamido-TEMPO,10,Et4NOAc,0.05,1.0,1.0,MeCN:EtOAc=5:5,10.0,PENDING,PENDING,PENDING,0.0,53.22547713404163,4.98053480409889,0.004544405576688851,67.44546008576224,2.505167342273731,0.13507352744326595,1.7840715986572686,0.131503849967517,3.314071598657269
1.0,4-acetamido-TEMPO,10,Et4NOAc,0.05,1.0,1.0,MeCN:EtOAc=4:6,10.0,PENDING,PENDING,PENDING,0.0,51.82287423509278,4.398065467951305,0.0003415324672832523,64.4398851081008,2.139858680275068,0.0014619911356123783,1.7863065730290681,0.11773173751397772,3.316306573029068
1.0,4-acetamido-TEMPO,10,Et4NOAc,0.05,1.0,1.0,MeCN:EtOAc=3:7,10.0,PENDING,PENDING,PENDING,0.0,49.298503137624415,5.249728078987134,0.0005459487125313214,64.10875830417186,2.564900249586026,0.005272388861257117,1.9305175665674295,0.15991948927967103,3.4605175665674297
1.0,4-acetamido-TEMPO,10,Et4NOAc,0.05,1.0,1.0,MeCN:EtOAc=2:8,10.0,PENDING,PENDING,PENDING,0.0,51.96626056552255,4.515793000843003,0.0005596238425266018,65.41589998899227,2.2518464209517535,0.009324512291228139,1.8038335222096074,0.12143397432542266,3.3338335222096074
1.0,4-acetamido-TEMPO,10,Et4NClO4,0.2,1.0,2.0,MeCN:EtOAc=7:3,10.0,PENDING,PENDING,PENDING,0.0,50.212955902522324,6.607528085990445,0.01223452871907399,64.83037966648094,3.137619381467659,0.04401029086911046,1.9325385619683948,0.19016128884751124,3.462538561968395
1.0,4-acetamido-TEMPO,10,Et4NClO4,0.2,1.0,2.0,MeCN:EtOAc=6:4,10.0,PENDING,PENDING,PENDING,0.0,50.46610448534787,5.725603878232645,0.0034347897656534926,65.39899483373907,2.790000053970415,0.037077029050426646,1.936573985076299,0.1705130762400158,3.466573985076299
1.0,4-acetamido-TEMPO,10,Et4NClO4,0.2,1.0,2.0,MeCN:EtOAc=5:5,10.0,PENDING,PENDING,PENDING,0.0,51.19555090643554,5.534248773229195,0.0037091989516484097,66.85532634648142,2.73998441645569,0.11695215606630255,1.9177271743214035,0.16643405425250765,3.4477271743214035
1.0,4-acetamido-TEMPO,10,Et4NClO4,0.2,1.0,2.0,MeCN:EtOAc=4:6,10.0,PENDING,PENDING,PENDING,0.0,49.95431350615596,5.81424993971673,0.002995616469457861,63.96714113622148,2.8161858432793783,0.009730436928089864,1.916362159666051,0.1725514208338325,3.4463621596660508
1.0,4-acetamido-TEMPO,10,Et4NClO4,0.2,1.0,2.0,MeCN:EtOAc=3:7,10.0,PENDING,PENDING,PENDING,0.0,47.18125940560677,4.782217216125249,1.9641322085078535e-05,63.43127001564893,2.3749065081947656,0.0009861559730807226,2.0661725658038814,0.1315090644022428,3.5961725658038812
1.0,4-acetamido-TEMPO,10,Et4NClO4,0.2,1.0,2.0,MeCN:EtOAc=2:8,10.0,PENDING,PENDING,PENDING,0.0,49.94496606006946,5.4454108879602385,0.0013850578025880293,64.786932484497,2.6829538862475064,0.015995263501695153,1.9374940620424255,0.16426608384438185,3.4674940620424257
1.0,4-acetamido-TEMPO,10,Et4NClO4,0.2,1.0,1.5,MeCN:EtOAc=7:3,10.0,PENDING,PENDING,PENDING,0.0,50.1487177169069,6.345584329395404,0.008177069775825246,64.81995340816526,3.033598404924912,0.03601790338216293,1.9337355606727642,0.18421258416259417,3.463735560672764
1.0,4-acetamido-TEMPO,10,Et4NClO4,0.2,1.0,1.5,MeCN:EtOAc=6:4,10.0,PENDING,PENDING,PENDING,0.0,50.4032233727049,5.399497282330585,0.0016953568299815924,65.39572512048618,2.6639618535528355,0.028243089689559076,1.937845815575114,0.16339687799333205,3.4678458155751137
1.0,4-acetamido-TEMPO,10,Et4NClO4,0.2,1.0,1.5,MeCN:EtOAc=5:5,10.0,PENDING,PENDING,PENDING,0.0,51.1418814225106,5.1907522258986845,0.00174700518112339,66.87051552878705,2.610122129285531,0.09771948759782279,1.9187676771180897,0.15903488181396463,3.4487676771180897
1.0,4-acetamido-TEMPO,10,Et4NClO4,0.2,1.0,1.5,MeCN:EtOAc=4:6,10.0,PENDING,PENDING,PENDING,0.0,49.882575053537764,5.496173263287039,0.0014890164844127418,63.94557889221876,2.6920974421628774,0.006593439789843315,1.9174067104442372,0.16559232580890554,3.447406710444237
1.0,4-acetamido-TEMPO,10,Et4NClO4,0.2,1.0,1.5,MeCN:EtOAc=3:7,10.0,PENDING,PENDING,PENDING,0.0,47.073015900993475,4.350681136212569,2.2791701201671697e-06,63.401454405714794,2.2115727570436476,0.0003951514149022886,2.0691588684659292,0.12072506767454765,3.5991588684659295
1.0,4-acetamido-TEMPO,10,Et4NClO4,0.2,1.0,1.5,MeCN:EtOAc=2:8,10.0,PENDING,PENDING,PENDING,0.0,49.873030332388254,5.095193001715958,0.000552889012068898,64.77528991970502,2.5499920785290273,0.01095531795814568,1.938807185918111,0.15675379145961169,3.468807185918111
1.0,4-acetamido-TEMPO,10,Et4NClO4,0.2,1.0,1.0,MeCN:EtOAc=7:3,10.0,PENDING,PENDING,PENDING,0.0,50.212955902522324,6.607528085990445,0.01223452871907399,64.83037966648095,3.137619381467659,0.04401029086911096,1.9325385619683946,0.19016128884751138,3.462538561968395
1.0,4-acetamido-TEMPO,10,Et4NClO4,0.2,1.0,1.0,MeCN:EtOAc=6:4,10.0,PENDING,PENDING,PENDING,0.0,50.46610448534787,5.72560387823265,0.003434789765653562,65.39899483373907,2.790000053970415,0.037077029050426646,1.936573985076299,0.17051307624001588,3.466573985076299
1.0,4-acetamido-TEMPO,10,Et4NClO4,0.2,1.0,1.0,MeCN:EtOAc=5:5,10.0,PENDING,PENDING,PENDING,0.0,51.19555090643554,5.534248773229195,0.0037091989516484097,66.85532634648142,2.73998441645569,0.11695215606630255,1.9177271743214035,0.16643405425250765,3.4477271743214035
1.0,4-acetamido-TEMPO,10,Et4NClO4,0.2,1.0,1.0,MeCN:EtOAc=4:6,10.0,PENDING,PENDING,PENDING,0.0,49.95431350615596,5.81424993971673,0.002995616469457861,63.96714113622148,2.8161858432793783,0.009730436928089864,1.916362159666051,0.1725514208338325,3.4463621596660508
1.0,4-acetamido-TEMPO,10,Et4NClO4,0.2,1.0,1.0,MeCN:EtOAc=3:7,10.0,PENDING,PENDING,PENDING,0.0,47.18125940560677,4.782217216125249,1.9641322085078535e-05,63.43127001564893,2.3749065081947656,0.0009861559730807226,2.0661725658038814,0.1315090644022428,3.5961725658038812
1.0,4-acetamido-TEMPO,10,Et4NClO4,0.2,1.0,1.0,MeCN:EtOAc=2:8,10.0,PENDING,PENDING,PENDING,0.0,49.94496606006946,5.4454108879602385,0.0013850578025880293,64.786932484497,2.6829538862475064,0.015995263501695153,1.9374940620424255,0.16426608384438185,3.4674940620424257
1.0,4-acetamido-TEMPO,10,Et4NClO4,0.1,1.0,2.0,MeCN:EtOAc=7:3,10.0,PENDING,PENDING,PENDING,0.0,50.13031919974071,6.180676622757906,0.006273965692532607,64.33669943688606,2.895574682437009,0.017304781847682485,1.9189632888001036,0.17873199942152018,3.448963288800104
1.0,4-acetamido-TEMPO,10,Et4NClO4,0.1,1.0,2.0,MeCN:EtOAc=6:4,10.0,PENDING,PENDING,PENDING,0.0,50.38946725487046,5.113692350578362,0.0008513476197567604,64.9212704344423,2.4690430965079404,0.010173030592989893,1.922814271267957,0.1548341815865955,3.452814271267957
1.0,4-acetamido-TEMPO,10,Et4NClO4,0.1,1.0,2.0,MeCN:EtOAc=5:5,10.0,PENDING,PENDING,PENDING,0.0,51.15042889236635,5.223678990649677,0.0018928158058166764,66.37585746039721,2.606367710566492,0.06314593448964251,1.9022190474005571,0.15680543535848968,3.432219047400557
1.0,4-acetamido-TEMPO,10,Et4NClO4,0.1,1.0,2.0,MeCN:EtOAc=4:6,10.0,PENDING,PENDING,PENDING,0.0,49.85263540213778,5.244096980986781,0.0008037716814841209,63.43446762448687,2.492597082135903,0.0016881163685762562,1.9020039294435993,0.15774245532348555,3.4320039294435993
1.0,4-acetamido-TEMPO,10,Et4NClO4,0.1,1.0,2.0,MeCN:EtOAc=3:7,10.0,PENDING,PENDING,PENDING,0.0,46.97608531306832,3.786939777573776,4.8317720275817155e-08,62.881322545735664,1.913170275492176,1.4788449302555076e-05,2.0590281572504816,0.10204258301324919,3.589028157250482
1.0,4-acetamido-TEMPO,10,Et4NClO4,0.1,1.0,2.0,MeCN:EtOAc=2:8,10.0,PENDING,PENDING,PENDING,0.0,49.845759344983975,4.869389181321509,0.00028213094693535414,64.26635239230981,2.367113676092386,0.00311369233028538,1.9233987986275383,0.14970533863072555,3.4533987986275383
1.0,4-acetamido-TEMPO,10,Et4NClO4,0.1,1.0,1.5,MeCN:EtOAc=7:3,10.0,PENDING,PENDING,PENDING,0.0,50.06231813857671,5.8901194935083945,0.003676389253185093,64.31983033179952,2.7767743743932716,0.012611114291648767,1.920032116485195,0.1721434574992334,3.450032116485195
1.0,4-acetamido-TEMPO,10,Et4NClO4,0.1,1.0,1.5,MeCN:EtOAc=6:4,10.0,PENDING,PENDING,PENDING,0.0,50.32272207269549,4.729697502953267,0.00027121822084351637,64.91200528035438,2.317209687335839,0.0060884461783696706,1.923957244769888,0.14658373946314981,3.453957244769888
1.0,4-acetamido-TEMPO,10,Et4NClO4,0.1,1.0,1.5,MeCN:EtOAc=5:5,10.0,PENDING,PENDING,PENDING,0.0,51.093753401155695,4.852624135399707,0.0007258647428905786,66.38500029814107,2.466812392900005,0.04873442120215174,1.9030846998087771,0.14873501005517356,3.433084699808777
1.0,4-acetamido-TEMPO,10,Et4NClO4,0.1,1.0,1.5,MeCN:EtOAc=4:6,10.0,PENDING,PENDING,PENDING,0.0,49.776050827463095,4.874676340392615,0.00027086253726578456,63.4053872429316,2.3430192512929007,0.0008108550773967826,1.9029077509573096,0.1497534814626105,3.43290775095731
1.0,4-acetamido-TEMPO,10,Et4NClO4,0.1,1.0,1.5,MeCN:EtOAc=3:7,10.0,PENDING,PENDING,PENDING,0.0,46.85935216083323,3.188590747591401,7.934857303712615e-11,62.843064535120874,1.6908463123443032,1.0207800586228427e-06,2.0620905540741075,0.08663750668476573,3.5920905540741073
1.0,4-acetamido-TEMPO,10,Et4NClO4,0.1,1.0,1.5,MeCN:EtOAc=2:8,10.0,PENDING,PENDING,PENDING,0.0,49.76894906544029,4.459467224553623,6.359410094034369e-05,64.24747222365328,2.2069479475234,0.0015022520147311546,1.9245792314548424,0.14108071699291128,3.4545792314548427
1.0,4-acetamido-TEMPO,10,Et4NClO4,0.1,1.0,1.0,MeCN:EtOAc=7:3,10.0,PENDING,PENDING,PENDING,0.0,50.13031919974071,6.180676622757906,0.006273965692532607,64.33669943688606,2.895574682437009,0.017304781847682485,1.9189632888001036,0.17873199942152018,3.448963288800104
1.0,4-acetamido-TEMPO,10,Et4NClO4,0.1,1.0,1.0,MeCN:EtOAc=6:4,10.0,PENDING,PENDING,PENDING,0.0,50.38946725487044,5.113692350578362,0.0008513476197567395,64.9212704344423,2.469043096507939,0.01017303059298981,1.922814271267957,0.1548341815865955,3.452814271267957
1.0,4-acetamido-TEMPO,10,Et4NClO4,0.1,1.0,1.0,MeCN:EtOAc=5:5,10.0,PENDING,PENDING,PENDING,0.0,51.15042889236635,5.223678990649677,0.0018928158058166764,66.37585746039721,2.606367710566492,0.06314593448964251,1.9022190474005571,0.1568054353584896,3.432219047400557
1.0,4-acetamido-TEMPO,10,Et4NClO4,0.1,1.0,1.0,MeCN:EtOAc=4:6,10.0,PENDING,PENDING,PENDING,0.0,49.85263540213778,5.244096980986781,0.0008037716814841209,63.43446762448687,2.4925970821359056,0.001688116368576277,1.9020039294435993,0.15774245532348563,3.4320039294435993
1.0,4-acetamido-TEMPO,10,Et4NClO4,0.1,1.0,1.0,MeCN:EtOAc=3:7,10.0,PENDING,PENDING,PENDING,0.0,46.976085313068324,3.7869397775737967,4.8317720275823084e-08,62.88132254573566,1.913170275492176,1.4788449302554805e-05,2.0590281572504816,0.10204258301324905,3.589028157250482
1.0,4-acetamido-TEMPO,10,Et4NClO4,0.1,1.0,1.0,MeCN:EtOAc=2:8,10.0,PENDING,PENDING,PENDING,0.0,49.84575934498398,4.869389181321513,0.0002821309469353576,64.26635239230981,2.3671136760923828,0.003113692330285321,1.9233987986275383,0.14970533863072563,3.4533987986275383
1.0,4-acetamido-TEMPO,10,Et4NClO4,0.05,1.0,2.0,MeCN:EtOAc=7:3,10.0,PENDING,PENDING,PENDING,0.0,50.21936192798703,6.396241369478465,0.009131039222979628,64.13341181426958,2.9853491050762178,0.017639227601293495,1.9100886831526687,0.18394258354464646,3.440088683152669
1.0,4-acetamido-TEMPO,10,Et4NClO4,0.05,1.0,2.0,MeCN:EtOAc=6:4,10.0,PENDING,PENDING,PENDING,0.0,50.478723130590474,5.359197556036602,0.0016299397216238895,64.70914097927111,2.5726792210679923,0.010865778501613674,1.9137018180929657,0.16044912909224301,3.4437018180929657
1.0,4-acetamido-TEMPO,10,Et4NClO4,0.05,1.0,2.0,MeCN:EtOAc=5:5,10.0,PENDING,PENDING,PENDING,0.0,51.23577717276858,5.589350300155008,0.004218240123903504,66.12319660996326,2.773113335804815,0.06782358812378242,1.8928512744790063,0.16488095664854346,3.4228512744790063
1.0,4-acetamido-TEMPO,10,Et4NClO4,0.05,1.0,2.0,MeCN:EtOAc=4:6,10.0,PENDING,PENDING,PENDING,0.0,49.948093949814826,5.492799214440517,0.0015429942664566612,63.238942990207875,2.591744021572471,0.001961903883117219,1.8931076641003206,0.1634202009950461,3.4231076641003204
1.0,4-acetamido-TEMPO,10,Et4NClO4,0.05,1.0,2.0,MeCN:EtOAc=3:7,10.0,PENDING,PENDING,PENDING,0.0,47.09660429515989,4.096136318337555,5.246525392442565e-07,62.69688214287075,2.051986664235568,3.453308321928498e-05,2.0491247618588626,0.11092880426341503,3.5791247618588624
1.0,4-acetamido-TEMPO,10,Et4NClO4,0.05,1.0,2.0,MeCN:EtOAc=2:8,10.0,PENDING,PENDING,PENDING,0.0,49.94270162331304,5.160823533748924,0.0006932207199669294,64.05442879897086,2.483482251078289,0.0036894057378093585,1.9140546038335275,0.15632811331641797,3.4440546038335276
1.0,4-acetamido-TEMPO,10,Et4NClO4,0.05,1.0,1.5,MeCN:EtOAc=7:3,10.0,PENDING,PENDING,PENDING,0.0,50.15319803054394,6.120074163284677,0.00575700492096972,64.11443278569104,2.8717950969192807,0.0131221201778325,1.9110447628826588,0.1776402236512203,3.441044762882659
1.0,4-acetamido-TEMPO,10,Et4NClO4,0.05,1.0,1.5,MeCN:EtOAc=6:4,10.0,PENDING,PENDING,PENDING,0.0,50.4138901649629,4.998901296539579,0.0006411867883997831,64.69754464443479,2.429191955817357,0.006838321394565215,1.914725657150144,0.15260349184286115,3.444725657150144
1.0,4-acetamido-TEMPO,10,Et4NClO4,0.05,1.0,1.5,MeCN:EtOAc=5:5,10.0,PENDING,PENDING,PENDING,0.0,51.18090404273153,5.252255420904102,0.0020586261664547884,66.12902650844597,2.645713950927745,0.054325855895862724,1.8935926675611299,0.15738602854316291,3.42359266756113
1.0,4-acetamido-TEMPO,10,Et4NClO4,0.05,1.0,1.5,MeCN:EtOAc=4:6,10.0,PENDING,PENDING,PENDING,0.0,49.87367877512975,5.146234145470833,0.0006341256998000557,63.20799086753054,2.449980577418101,0.0010175822359575187,1.8938968939950114,0.15582527135291405,3.4238968939950114
1.0,4-acetamido-TEMPO,10,Et4NClO4,0.05,1.0,1.5,MeCN:EtOAc=3:7,10.0,PENDING,PENDING,PENDING,0.0,46.98300816976019,3.5577470998815475,6.500200122677578e-09,62.65715517047638,1.8495427015098367,4.433309063909288e-06,2.0520320534802203,0.09717014354439589,3.58203205348022
1.0,4-acetamido-TEMPO,10,Et4NClO4,0.05,1.0,1.5,MeCN:EtOAc=2:8,10.0,PENDING,PENDING,PENDING,0.0,49.86812904557588,4.7819697604525375,0.00021842930634777703,64.03330822827034,2.333416053575965,0.0019545930225819373,1.9151092550468685,0.14821329623157453,3.4451092550468685
1.0,4-acetamido-TEMPO,10,Et4NClO4,0.05,1.0,1.0,MeCN:EtOAc=7:3,10.0,PENDING,PENDING,PENDING,0.0,50.21936192798703,6.396241369478469,0.009131039222979698,64.13341181426958,2.9853491050762178,0.017639227601293495,1.9100886831526687,0.18394258354464646,3.440088683152669
1.0,4-acetamido-TEMPO,10,Et4NClO4,0.05,1.0,1.0,MeCN:EtOAc=6:4,10.0,PENDING,PENDING,PENDING,0.0,50.478723130590474,5.359197556036602,0.0016299397216238895,64.70914097927111,2.5726792210679936,0.01086577850161366,1.913701818092966,0.16044912909224293,3.4437018180929657
1.0,4-acetamido-TEMPO,10,Et4NClO4,0.05,1.0,1.0,MeCN:EtOAc=5:5,10.0,PENDING,PENDING,PENDING,0.0,51.23577717276858,5.589350300155008,0.004218240123903504,66.12319660996326,2.773113335804811,0.06782358812378186,1.8928512744790063,0.16488095664854338,3.4228512744790063
1.0,4-acetamido-TEMPO,10,Et4NClO4,0.05,1.0,1.0,MeCN:EtOAc=4:6,10.0,PENDING,PENDING,PENDING,0.0,49.948093949814826,5.492799214440517,0.0015429942664566612,63.238942990207875,2.591744021572471,0.001961903883117219,1.8931076641003206,0.163420200995046,3.4231076641003204
1.0,4-acetamido-TEMPO,10,Et4NClO4,0.05,1.0,1.0,MeCN:EtOAc=3:7,10.0,PENDING,PENDING,PENDING,0.0,47.09660429515989,4.096136318337555,5.246525392442565e-07,62.696882142870756,2.051986664235568,3.453308321928509e-05,2.049124761858862,0.11092880426341528,3.5791247618588624
1.0,4-acetamido-TEMPO,10,Et4NClO4,0.05,1.0,1.0,MeCN:EtOAc=2:8,10.0,PENDING,PENDING,PENDING,0.0,49.94270162331304,5.16082353374892,0.0006932207199669138,64.05442879897086,2.48348225107829,0.0036894057378093793,1.9140546038335278,0.15632811331641788,3.4440546038335276
1.0,4-acetamido-TEMPO,10,Et4NBF4,0.2,1.0,2.0,MeCN:EtOAc=7:3,10.0,PENDING,PENDING,PENDING,0.0,52.80886633851924,6.206397902113263,0.024772679458693353,66.11115010479263,2.9493945249133096,0.0888191425262021,1.8120878743137072,0.16507153803198818,3.342087874313707
1.0,4-acetamido-TEMPO,10,Et4NBF4,0.2,1.0,2.0,MeCN:EtOAc=6:4,10.0,PENDING,PENDING,PENDING,0.0,53.14681876086574,5.018273907916872,0.004654788559973873,66.74060194614187,2.4291635274174332,0.06381273124737677,1.8135636914789979,0.13293618393401305,3.343563691478998
1.0,4-acetamido-TEMPO,10,Et4NBF4,0.2,1.0,2.0,MeCN:EtOAc=5:5,10.0,PENDING,PENDING,PENDING,0.0,53.89791087301102,4.7395458667033585,0.004357177031407158,68.22843796563467,2.29623682455726,0.19525903079344176,1.793099427835624,0.12570902601896813,3.323099427835624
1.0,4-acetamido-TEMPO,10,Et4NBF4,0.2,1.0,2.0,MeCN:EtOAc=4:6,10.0,PENDING,PENDING,PENDING,0.0,52.57944767837765,5.115586340040076,0.0039013057961099426,65.1978766960579,2.443443722340477,0.013002418342182256,1.7919656941236601,0.13585303015111175,3.3219656941236604
1.0,4-acetamido-TEMPO,10,Et4NBF4,0.2,1.0,2.0,MeCN:EtOAc=3:7,10.0,PENDING,PENDING,PENDING,0.0,49.94496606006947,5.4454108879602385,0.0013850578025880363,64.78693248449699,2.6829538862475064,0.015995263501694834,1.9374940620424255,0.16426608384438185,3.4674940620424257
1.0,4-acetamido-TEMPO,10,Et4NBF4,0.2,1.0,2.0,MeCN:EtOAc=2:8,10.0,PENDING,PENDING,PENDING,0.0,52.66838333865304,4.90978793171661,0.0026721599919424244,66.13377070257322,2.4417567769337056,0.03591070199174329,1.8112024360763992,0.13125540210830416,3.341202436076399
1.0,4-acetamido-TEMPO,10,Et4NBF4,0.2,1.0,1.5,MeCN:EtOAc=7:3,10.0,PENDING,PENDING,PENDING,0.0,52.775387540618006,5.918575142891405,0.016768922280282622,66.1166222802241,2.8346704203858417,0.0746837302435534,1.8118728327346338,0.1575502843166425,3.3418728327346336
1.0,4-acetamido-TEMPO,10,Et4NBF4,0.2,1.0,1.5,MeCN:EtOAc=6:4,10.0,PENDING,PENDING,PENDING,0.0,53.11684194238176,4.62429264891406,0.0018922392489850934,66.75492246947685,2.273698035319767,0.04724603348315776,1.813367699892386,0.12254334698702322,3.343367699892386
1.0,4-acetamido-TEMPO,10,Et4NBF4,0.2,1.0,1.5,MeCN:EtOAc=5:5,10.0,PENDING,PENDING,PENDING,0.0,53.877614092230694,4.311008502741568,0.0015308637229383623,68.26216845014152,2.126848392338967,0.16027979460474368,1.7926300805030408,0.11443763226628254,3.322630080503041
1.0,4-acetamido-TEMPO,10,Et4NBF4,0.2,1.0,1.5,MeCN:EtOAc=4:6,10.0,PENDING,PENDING,PENDING,0.0,52.5384622784744,4.732920557033059,0.001600963222698877,65.19074974850749,2.2893998757346283,0.007926539197921544,1.7915177778428713,0.1258242952341785,3.321517777842871
1.0,4-acetamido-TEMPO,10,Et4NBF4,0.2,1.0,1.5,MeCN:EtOAc=3:7,10.0,PENDING,PENDING,PENDING,0.0,49.873030332388254,5.095193001715958,0.000552889012068898,64.77528991970502,2.5499920785290273,0.01095531795814568,1.938807185918111,0.15675379145961169,3.468807185918111
1.0,4-acetamido-TEMPO,10,Et4NBF4,0.2,1.0,1.5,MeCN:EtOAc=2:8,10.0,PENDING,PENDING,PENDING,0.0,52.630316069988325,4.506024869079916,0.0009436544964778297,66.13975169219225,2.289568377655081,0.025022011795392596,1.8109703998431428,0.12077002805117934,3.340970399843143
1.0,4-acetamido-TEMPO,10,Et4NBF4,0.2,1.0,1.0,MeCN:EtOAc=7:3,10.0,PENDING,PENDING,PENDING,0.0,52.80886633851924,6.206397902113263,0.024772679458693353,66.11115010479263,2.9493945249133096,0.0888191425262021,1.8120878743137072,0.16507153803198818,3.342087874313707
1.0,4-acetamido-TEMPO,10,Et4NBF4,0.2,1.0,1.0,MeCN:EtOAc=6:4,10.0,PENDING,PENDING,PENDING,0.0,53.14681876086574,5.018273907916872,0.004654788559973873,66.74060194614187,2.4291635274174332,0.06381273124737677,1.8135636914789979,0.13293618393401305,3.343563691478998
1.0,4-acetamido-TEMPO,10,Et4NBF4,0.2,1.0,1.0,MeCN:EtOAc=5:5,10.0,PENDING,PENDING,PENDING,0.0,53.89791087301103,4.739545866703362,0.004357177031407235,68.22843796563468,2.29623682455726,0.19525903079344398,1.793099427835624,0.12570902601896813,3.323099427835624
1.0,4-acetamido-TEMPO,10,Et4NBF4,0.2,1.0,1.0,MeCN:EtOAc=4:6,10.0,PENDING,PENDING,PENDING,0.0,52.57944767837763,5.115586340040071,0.00390130579610988,65.1978766960579,2.443443722340477,0.013002418342182256,1.7919656941236601,0.13585303015111175,3.3219656941236604
1.0,4-acetamido-TEMPO,10,Et4NBF4,0.2,1.0,1.0,MeCN:EtOAc=3:7,10.0,PENDING,PENDING,PENDING,0.0,49.94496606006948,5.445410887960242,0.0013850578025880814,64.786932484497,2.6829538862475064,0.015995263501695153,1.9374940620424255,0.16426608384438185,3.4674940620424257
1.0,4-acetamido-TEMPO,10,Et4NBF4,0.2,1.0,1.0,MeCN:EtOAc=2:8,10.0,PENDING,PENDING,PENDING,0.0,52.66838333865304,4.90978793171661,0.0026721599919424244,66.13377070257322,2.4417567769337043,0.035910701991743205,1.8112024360763994,0.1312554021083044,3.3412024360763994
1.0,4-acetamido-TEMPO,10,Et4NBF4,0.1,1.0,2.0,MeCN:EtOAc=7:3,10.0,PENDING,PENDING,PENDING,0.0,52.816254892957986,5.889519568834406,0.01644601739258135,65.63840949027757,2.7171735250232647,0.03985535340057525,1.7921747882053036,0.15469407274645583,3.3221747882053037
1.0,4-acetamido-TEMPO,10,Et4NBF4,0.1,1.0,2.0,MeCN:EtOAc=6:4,10.0,PENDING,PENDING,PENDING,0.0,53.16659703865842,4.470648446077879,0.001322249762805438,66.28851792621779,2.0683648333298357,0.01593244143852321,1.7931806311219536,0.1147422678263761,3.3231806311219536
1.0,4-acetamido-TEMPO,10,Et4NBF4,0.1,1.0,2.0,MeCN:EtOAc=5:5,10.0,PENDING,PENDING,PENDING,0.0,53.951481730624394,4.592665928408791,0.0032745849495842277,67.76811243213716,2.1807497138679484,0.10969011857050642,1.77051413056673,0.11782954456095285,3.30051413056673
1.0,4-acetamido-TEMPO,10,Et4NBF4,0.1,1.0,2.0,MeCN:EtOAc=4:6,10.0,PENDING,PENDING,PENDING,0.0,52.56790458598419,4.617850781323434,0.0012180003190809217,64.68081665632464,2.074477261588424,0.0015518676997088882,1.7709357430169326,0.11922770672569835,3.3009357430169324
1.0,4-acetamido-TEMPO,10,Et4NBF4,0.1,1.0,2.0,MeCN:EtOAc=3:7,10.0,PENDING,PENDING,PENDING,0.0,49.84575934498398,4.869389181321513,0.0002821309469353576,64.26635239230981,2.3671136760923828,0.003113692330285321,1.9233987986275385,0.14970533863072555,3.4533987986275383
1.0,4-acetamido-TEMPO,10,Et4NBF4,0.1,1.0,2.0,MeCN:EtOAc=2:8,10.0,PENDING,PENDING,PENDING,0.0,52.66868332407776,4.471565646701034,0.0008833686725541363,65.6366595902794,2.127453846929359,0.008115445205688208,1.7901064217151497,0.11681357290454765,3.32010642171515
1.0,4-acetamido-TEMPO,10,Et4NBF4,0.1,1.0,1.5,MeCN:EtOAc=7:3,10.0,PENDING,PENDING,PENDING,0.0,52.78119993765433,5.5794136777491445,0.010169014904688314,65.63801548270841,2.5866888927918597,0.030143946365999652,1.7916779779056613,0.14642640861183154,3.3216779779056615
1.0,4-acetamido-TEMPO,10,Et4NBF4,0.1,1.0,1.5,MeCN:EtOAc=6:4,10.0,PENDING,PENDING,PENDING,0.0,53.13532254974839,4.009080323692791,0.00030499293217271795,66.2977452728263,1.8726736405529916,0.008068740846445065,1.7926881610969898,0.10200366091194346,3.32268816109699
1.0,4-acetamido-TEMPO,10,Et4NBF4,0.1,1.0,1.5,MeCN:EtOAc=5:5,10.0,PENDING,PENDING,PENDING,0.0,53.930858923057755,4.150302437146385,0.0010133904758423563,67.79628434248876,1.999631298773372,0.08140779015881677,1.7696703068490454,0.10561053394824317,3.2996703068490456
1.0,4-acetamido-TEMPO,10,Et4NBF4,0.1,1.0,1.5,MeCN:EtOAc=4:6,10.0,PENDING,PENDING,PENDING,0.0,52.524069191598294,4.177760119465931,0.0003083885015495568,64.66637899401299,1.8797058148918846,0.0004960653006962365,1.7701808249770705,0.10722228949308758,3.3001808249770708
1.0,4-acetamido-TEMPO,10,Et4NBF4,0.1,1.0,1.5,MeCN:EtOAc=3:7,10.0,PENDING,PENDING,PENDING,0.0,49.76894906544029,4.459467224553623,6.359410094034369e-05,64.24747222365328,2.2069479475234,0.0015022520147311546,1.9245792314548424,0.14108071699291128,3.4545792314548427
1.0,4-acetamido-TEMPO,10,Et4NBF4,0.1,1.0,1.5,MeCN:EtOAc=2:8,10.0,PENDING,PENDING,PENDING,0.0,52.62846537971658,4.014792465819238,0.00018859390140209785,65.63614372181672,1.9424545447946464,0.003845275283221601,1.789553033111527,0.10455295108433128,3.319553033111527
1.0,4-acetamido-TEMPO,10,Et4NBF4,0.1,1.0,1.0,MeCN:EtOAc=7:3,10.0,PENDING,PENDING,PENDING,0.0,52.81625489295799,5.88951956883441,0.01644601739258157,65.63840949027758,2.7171735250232665,0.039855353400576,1.7921747882053034,0.15469407274645583,3.322174788205303
1.0,4-acetamido-TEMPO,10,Et4NBF4,0.1,1.0,1.0,MeCN:EtOAc=6:4,10.0,PENDING,PENDING,PENDING,0.0,53.16659703865843,4.470648446077879,0.0013222497628054292,66.28851792621779,2.0683648333298374,0.015932441438523293,1.7931806311219536,0.11474226782637598,3.3231806311219536
1.0,4-acetamido-TEMPO,10,Et4NBF4,0.1,1.0,1.0,MeCN:EtOAc=5:5,10.0,PENDING,PENDING,PENDING,0.0,53.951481730624394,4.592665928408791,0.0032745849495842277,67.76811243213716,2.1807497138679484,0.10969011857050642,1.77051413056673,0.11782954456095285,3.30051413056673
1.0,4-acetamido-TEMPO,10,Et4NBF4,0.1,1.0,1.0,MeCN:EtOAc=4:6,10.0,PENDING,PENDING,PENDING,0.0,52.56790458598419,4.617850781323434,0.0012180003190809217,64.68081665632464,2.074477261588424,0.0015518676997088882,1.7709357430169326,0.11922770672569835,3.3009357430169324
1.0,4-acetamido-TEMPO,10,Et4NBF4,0.1,1.0,1.0,MeCN:EtOAc=3:7,10.0,PENDING,PENDING,PENDING,0.0,49.84575934498398,4.869389181321513,0.0002821309469353576,64.26635239230981,2.3671136760923828,0.003113692330285321,1.9233987986275385,0.14970533863072555,3.4533987986275383
1.0,4-acetamido-TEMPO,10,Et4NBF4,0.1,1.0,1.0,MeCN:EtOAc=2:8,10.0,PENDING,PENDING,PENDING,0.0,52.66868332407776,4.471565646701034,0.0008833686725541363,65.6366595902794,2.127453846929359,0.008115445205688208,1.7901064217151497,0.11681357290454765,3.32010642171515
1.0,4-acetamido-TEMPO,10,Et4NBF4,0.05,1.0,2.0,MeCN:EtOAc=7:3,10.0,PENDING,PENDING,PENDING,0.0,52.886083745190504,6.175769859371134,0.024739579271067652,65.40942541844689,2.8266744796123278,0.04026051995679514,1.7835521526481322,0.16249050501729237,3.313552152648132
1.0,4-acetamido-TEMPO,10,Et4NBF4,0.05,1.0,2.0,MeCN:EtOAc=6:4,10.0,PENDING,PENDING,PENDING,0.0,53.23515542535457,4.832059558573833,0.0033470358191357505,66.0488551226065,2.212407036683864,0.018194253814913477,1.7843276519933495,0.12467902126320593,3.3143276519933496
1.0,4-acetamido-TEMPO,10,Et4NBF4,0.05,1.0,2.0,MeCN:EtOAc=5:5,10.0,PENDING,PENDING,PENDING,0.0,54.016107030100954,5.104389812596446,0.009492042779006366,67.4839580710488,2.409742935089768,0.12149376119550787,1.7613419636247643,0.13159410655601847,3.291341963624764
1.0,4-acetamido-TEMPO,10,Et4NBF4,0.05,1.0,2.0,MeCN:EtOAc=4:6,10.0,PENDING,PENDING,PENDING,0.0,52.64433516981748,4.97979807122776,0.003065383247437551,64.46075594000688,2.2136900626360734,0.002139721438174723,1.7623261245729696,0.12906125337726723,3.29232612457297
1.0,4-acetamido-TEMPO,10,Et4NBF4,0.05,1.0,2.0,MeCN:EtOAc=3:7,10.0,PENDING,PENDING,PENDING,0.0,49.94270162331304,5.16082353374892,0.0006932207199669138,64.05442879897086,2.48348225107829,0.0036894057378093793,1.9140546038335273,0.15632811331641805,3.4440546038335276
1.0,4-acetamido-TEMPO,10,Et4NBF4,0.05,1.0,2.0,MeCN:EtOAc=2:8,10.0,PENDING,PENDING,PENDING,0.0,52.744350551542,4.872254520856925,0.002590868311703822,65.39641997515452,2.275146992363835,0.009825483514454933,1.781041713746527,0.12773836761328597,3.311041713746527
1.0,4-acetamido-TEMPO,10,Et4NBF4,0.05,1.0,1.5,MeCN:EtOAc=7:3,10.0,PENDING,PENDING,PENDING,0.0,52.85239225795794,5.886654115450457,0.01668550405990002,65.40631353158798,2.7034044813454186,0.031135371541581136,1.7829489399203071,0.1547936024313507,3.3129489399203074
1.0,4-acetamido-TEMPO,10,Et4NBF4,0.05,1.0,1.5,MeCN:EtOAc=6:4,10.0,PENDING,PENDING,PENDING,0.0,53.205225124787376,4.416290306873324,0.0011761199110743251,66.05502445532669,2.033476674169776,0.010343518819483144,1.7837226789365872,0.11327505811608587,3.3137226789365872
1.0,4-acetamido-TEMPO,10,Et4NBF4,0.05,1.0,1.5,MeCN:EtOAc=5:5,10.0,PENDING,PENDING,PENDING,0.0,53.996727706037454,4.722488931041998,0.004502386568201788,67.50789584160026,2.2521070925538265,0.09645896442211688,1.7603782655095537,0.12108913208800469,3.2903782655095535
1.0,4-acetamido-TEMPO,10,Et4NBF4,0.05,1.0,1.5,MeCN:EtOAc=4:6,10.0,PENDING,PENDING,PENDING,0.0,52.60226487965401,4.582617150495852,0.0011389777545168563,64.4439333258171,2.035019590546544,0.0008465033951262062,1.7614635261505411,0.11826660332401545,3.291463526150541
1.0,4-acetamido-TEMPO,10,Et4NBF4,0.05,1.0,1.5,MeCN:EtOAc=3:7,10.0,PENDING,PENDING,PENDING,0.0,49.86812904557588,4.781969760452546,0.00021842930634778917,64.03330822827034,2.3334160535759683,0.0019545930225819755,1.9151092550468682,0.14821329623157445,3.4451092550468685
1.0,4-acetamido-TEMPO,10,Et4NBF4,0.05,1.0,1.5,MeCN:EtOAc=2:8,10.0,PENDING,PENDING,PENDING,0.0,52.70577400703918,4.465564815833204,0.0008954044846037207,65.39292011205606,2.1059198383605318,0.005310183590906063,1.7803704389387838,0.11686198382123011,3.310370438938784
1.0,4-acetamido-TEMPO,10,Et4NBF4,0.05,1.0,1.0,MeCN:EtOAc=7:3,10.0,PENDING,PENDING,PENDING,0.0,52.88608374519049,6.175769859371138,0.024739579271067624,65.40942541844689,2.826674479612329,0.04026051995679522,1.7835521526481322,0.16249050501729237,3.313552152648132
1.0,4-acetamido-TEMPO,10,Et4NBF4,0.05,1.0,1.0,MeCN:EtOAc=6:4,10.0,PENDING,PENDING,PENDING,0.0,53.23515542535458,4.832059558573833,0.003347035819135792,66.0488551226065,2.212407036683864,0.018194253814913477,1.7843276519933495,0.12467902126320593,3.3143276519933496
1.0,4-acetamido-TEMPO,10,Et4NBF4,0.05,1.0,1.0,MeCN:EtOAc=5:5,10.0,PENDING,PENDING,PENDING,0.0,54.016107030100954,5.104389812596451,0.009492042779006463,67.4839580710488,2.409742935089768,0.12149376119550787,1.7613419636247647,0.13159410655601847,3.291341963624765
1.0,4-acetamido-TEMPO,10,Et4NBF4,0.05,1.0,1.0,MeCN:EtOAc=4:6,10.0,PENDING,PENDING,PENDING,0.0,52.644335169817474,4.979798071227752,0.003065383247437478,64.46075594000686,2.21369006263607,0.0021397214381746327,1.7623261245729696,0.12906125337726723,3.29232612457297
1.0,4-acetamido-TEMPO,10,Et4NBF4,0.05,1.0,1.0,MeCN:EtOAc=3:7,10.0,PENDING,PENDING,PENDING,0.0,49.94270162331304,5.16082353374892,0.0006932207199669138,64.05442879897086,2.48348225107829,0.0036894057378093793,1.9140546038335273,0.15632811331641805,3.4440546038335276
1.0,4-acetamido-TEMPO,10,Et4NBF4,0.05,1.0,1.0,MeCN:EtOAc=2:8,10.0,PENDING,PENDING,PENDING,0.0,52.744350551542,4.872254520856925,0.002590868311703822,65.3964199751545,2.2751469923638368,0.009825483514454822,1.7810417137465273,0.12773836761328586,3.311041713746527
1.0,4-acetamido-TEMPO,5,n-Bu4NOAc,0.2,1.0,2.0,MeCN:EtOAc=7:3,10.0,PENDING,PENDING,PENDING,0.0,54.06223318120481,14.32235547230855,1.4480720532304416,66.01900922710864,6.393535773840137,0.9121705432880685,1.8303191176939002,0.37840220466535357,3.3603191176939005
1.0,4-acetamido-TEMPO,5,n-Bu4NOAc,0.2,1.0,2.0,MeCN:EtOAc=6:4,10.0,PENDING,PENDING,PENDING,0.0,54.208480771799614,14.235956684023131,1.4521122895911729,66.2598653456184,6.355315417074225,0.9595907427153547,1.8310470602478315,0.3761517162737046,3.3610470602478317
1.0,4-acetamido-TEMPO,5,n-Bu4NOAc,0.2,1.0,2.0,MeCN:EtOAc=5:5,10.0,PENDING,PENDING,PENDING,0.0,54.50154422591673,14.201325525871034,1.4980853515304484,66.85773989286997,6.333773795257,1.1123280442560177,1.8233900248964734,0.3752144330415903,3.3533900248964734
1.0,4-acetamido-TEMPO,5,n-Bu4NOAc,0.2,1.0,2.0,MeCN:EtOAc=4:6,10.0,PENDING,PENDING,PENDING,0.0,54.0316657644759,14.237117216937477,1.4197678422071403,65.67023752314438,6.356736241163249,0.8197863907596667,1.8222365035750645,0.37617569857267086,3.3522365035750648
1.0,4-acetamido-TEMPO,5,n-Bu4NOAc,0.2,1.0,2.0,MeCN:EtOAc=3:7,10.0,PENDING,PENDING,PENDING,0.0,52.950280687546005,14.271222544794554,1.2409046579725986,65.4973337015962,6.372185504627953,0.786332768501657,1.8805737648303258,0.37836562572845084,3.4105737648303256
1.0,4-acetamido-TEMPO,5,n-Bu4NOAc,0.2,1.0,2.0,MeCN:EtOAc=2:8,10.0,PENDING,PENDING,PENDING,0.0,54.04393818807911,14.215347889237394,1.4162422648163888,66.03107078517739,6.347343479214694,0.9006808766013832,1.830343756467066,0.3755885089464862,3.360343756467066
1.0,4-acetamido-TEMPO,5,n-Bu4NOAc,0.2,1.0,1.5,MeCN:EtOAc=7:3,10.0,PENDING,PENDING,PENDING,0.0,54.05777003495844,14.296185358307303,1.4402671112597538,66.02198151124706,6.382235968696271,0.9093632487023138,1.830325206301281,0.3777140841175045,3.360325206301281
1.0,4-acetamido-TEMPO,5,n-Bu4NOAc,0.2,1.0,1.5,MeCN:EtOAc=6:4,10.0,PENDING,PENDING,PENDING,0.0,54.20501408860123,14.208486989724292,1.4441086519134445,66.2646187675383,6.343429971471875,0.9569949378275537,1.8310585368968015,0.37542946393795384,3.3610585368968016
1.0,4-acetamido-TEMPO,5,n-Bu4NOAc,0.2,1.0,1.5,MeCN:EtOAc=5:5,10.0,PENDING,PENDING,PENDING,0.0,54.50020920345542,14.173269861080051,1.4901906387968862,66.86687649198733,6.321521051922649,1.110767217260758,1.8233463881472858,0.3744765413898854,3.353346388147286
1.0,4-acetamido-TEMPO,5,n-Bu4NOAc,0.2,1.0,1.5,MeCN:EtOAc=4:6,10.0,PENDING,PENDING,PENDING,0.0,54.026727942598455,14.209696232297956,1.411601309659967,65.67065191147051,6.344875310398414,0.8163353462597176,1.8221850929746664,0.37545461038438965,3.3521850929746666
1.0,4-acetamido-TEMPO,5,n-Bu4NOAc,0.2,1.0,1.5,MeCN:EtOAc=3:7,10.0,PENDING,PENDING,PENDING,0.0,52.93769165394285,14.244297129969825,1.2321891686547581,65.49652048058066,6.360577892878261,0.782756587596884,1.8809384839387309,0.37767913248309576,3.4109384839387307
1.0,4-acetamido-TEMPO,5,n-Bu4NOAc,0.2,1.0,1.5,MeCN:EtOAc=2:8,10.0,PENDING,PENDING,PENDING,0.0,54.03917566286852,14.187601226021528,1.4080256650389806,66.03415935071763,6.335371089623736,0.8976972073921898,1.8303500381349502,0.37485891874190014,3.3603500381349503
1.0,4-acetamido-TEMPO,5,n-Bu4NOAc,0.2,1.0,1.0,MeCN:EtOAc=7:3,10.0,PENDING,PENDING,PENDING,0.0,54.06223318120482,14.32235547230855,1.448072053230442,66.01900922710864,6.393535773840137,0.9121705432880685,1.8303191176939002,0.37840220466535357,3.3603191176939005
1.0,4-acetamido-TEMPO,5,n-Bu4NOAc,0.2,1.0,1.0,MeCN:EtOAc=6:4,10.0,PENDING,PENDING,PENDING,0.0,54.208480771799614,14.235956684023131,1.4521122895911729,66.2598653456184,6.355315417074225,0.9595907427153547,1.8310470602478315,0.3761517162737046,3.3610470602478317
1.0,4-acetamido-TEMPO,5,n-Bu4NOAc,0.2,1.0,1.0,MeCN:EtOAc=5:5,10.0,PENDING,PENDING,PENDING,0.0,54.50154422591674,14.201325525871034,1.4980853515304502,66.85773989286999,6.333773795257,1.1123280442560217,1.8233900248964734,0.3752144330415903,3.3533900248964734
1.0,4-acetamido-TEMPO,5,n-Bu4NOAc,0.2,1.0,1.0,MeCN:EtOAc=4:6,10.0,PENDING,PENDING,PENDING,0.0,54.0316657644759,14.237117216937477,1.4197678422071403,65.67023752314438,6.356736241163249,0.8197863907596667,1.8222365035750645,0.37617569857267086,3.3522365035750648
1.0,4-acetamido-TEMPO,5,n-Bu4NOAc,0.2,1.0,1.0,MeCN:EtOAc=3:7,10.0,PENDING,PENDING,PENDING,0.0,52.950280687546005,14.271222544794554,1.2409046579725986,65.4973337015962,6.372185504627953,0.786332768501657,1.8805737648303258,0.37836562572845084,3.4105737648303256
1.0,4-acetamido-TEMPO,5,n-Bu4NOAc,0.2,1.0,1.0,MeCN:EtOAc=2:8,10.0,PENDING,PENDING,PENDING,0.0,54.04393818807911,14.215347889237394,1.4162422648163888,66.03107078517739,6.347343479214694,0.9006808766013832,1.830343756467066,0.3755885089464862,3.360343756467066
1.0,4-acetamido-TEMPO,5,n-Bu4NOAc,0.1,1.0,2.0,MeCN:EtOAc=7:3,10.0,PENDING,PENDING,PENDING,0.0,54.08975894543717,14.313271980059,1.450743839075674,65.82597323808048,6.383763003406967,0.8634344733388088,1.8226636512211933,0.3781215353536247,3.352663651221193
1.0,4-acetamido-TEMPO,5,n-Bu4NOAc,0.1,1.0,2.0,MeCN:EtOAc=6:4,10.0,PENDING,PENDING,PENDING,0.0,54.23930269244857,14.221659984242434,1.454025163057672,66.07056554272243,6.343005845000002,0.9088691890921254,1.8232957466250983,0.37570027740722606,3.3532957466250983
1.0,4-acetamido-TEMPO,5,n-Bu4NOAc,0.1,1.0,2.0,MeCN:EtOAc=5:5,10.0,PENDING,PENDING,PENDING,0.0,54.53955026144373,14.20632576965384,1.5067364929702398,66.66709492512126,6.335566236693573,1.0600065528258813,1.8152055663228785,0.37527477927717035,3.3452055663228784
1.0,4-acetamido-TEMPO,5,n-Bu4NOAc,0.1,1.0,2.0,MeCN:EtOAc=4:6,10.0,PENDING,PENDING,PENDING,0.0,54.05838657838793,14.223899007716403,1.4211557769286118,65.46825183687369,6.3437466786886,0.7717695992312927,1.8143205534804858,0.37575166752913125,3.344320553480486
1.0,4-acetamido-TEMPO,5,n-Bu4NOAc,0.1,1.0,2.0,MeCN:EtOAc=3:7,10.0,PENDING,PENDING,PENDING,0.0,52.955649574453304,14.252006782924425,1.2370332359168454,65.29408145960367,6.3591355461453976,0.7396047493476128,1.874257716742606,0.3777838184591613,3.404257716742606
1.0,4-acetamido-TEMPO,5,n-Bu4NOAc,0.1,1.0,2.0,MeCN:EtOAc=2:8,10.0,PENDING,PENDING,PENDING,0.0,54.07185599785274,14.206074940460962,1.4188942489533618,65.83234562148074,6.33705960759779,0.8506805148690424,1.822454856458579,0.3753001226710263,3.352454856458579
1.0,4-acetamido-TEMPO,5,n-Bu4NOAc,0.1,1.0,1.5,MeCN:EtOAc=7:3,10.0,PENDING,PENDING,PENDING,0.0,54.085394407176274,14.287053565553991,1.4429341409322474,65.82754496159494,6.372338543944176,0.8603141843921094,1.8226123139573571,0.3774314809489855,3.352612313957357
1.0,4-acetamido-TEMPO,5,n-Bu4NOAc,0.1,1.0,1.5,MeCN:EtOAc=6:4,10.0,PENDING,PENDING,PENDING,0.0,54.235966390662036,14.194053200217898,1.4459995323568893,66.07395809425685,6.330950309493357,0.9059236516623415,1.8232487655125695,0.37497316595661756,3.3532487655125696
1.0,4-acetamido-TEMPO,5,n-Bu4NOAc,0.1,1.0,1.5,MeCN:EtOAc=5:5,10.0,PENDING,PENDING,PENDING,0.0,54.53842050169366,14.178469686024476,1.4989145480481074,66.67485243439538,6.323384882277389,1.0580742573624509,1.8150988679431217,0.37454091349325536,3.345098867943122
1.0,4-acetamido-TEMPO,5,n-Bu4NOAc,0.1,1.0,1.5,MeCN:EtOAc=4:6,10.0,PENDING,PENDING,PENDING,0.0,54.053529613132845,14.196361424944744,1.4129649475540802,65.46717213093808,6.331704326636426,0.7680337529845085,1.8142090507401267,0.375026230811206,3.344209050740127
1.0,4-acetamido-TEMPO,5,n-Bu4NOAc,0.1,1.0,1.5,MeCN:EtOAc=3:7,10.0,PENDING,PENDING,PENDING,0.0,52.942928914224694,14.224860096840706,1.228250790162427,65.29176272776782,6.347347483166329,0.7357654272805596,1.8745786107746658,0.3770902900324288,3.404578610774666
1.0,4-acetamido-TEMPO,5,n-Bu4NOAc,0.1,1.0,1.5,MeCN:EtOAc=2:8,10.0,PENDING,PENDING,PENDING,0.0,54.06719038610141,14.17828263344285,1.4106723818638716,65.83397496420844,6.3249540866349445,0.8473756582850858,1.8224011934679625,0.37456861398864066,3.3524011934679625
1.0,4-acetamido-TEMPO,5,n-Bu4NOAc,0.1,1.0,1.0,MeCN:EtOAc=7:3,10.0,PENDING,PENDING,PENDING,0.0,54.08975894543716,14.313271980059,1.4507438390756717,65.82597323808048,6.383763003406967,0.8634344733388088,1.8226636512211933,0.3781215353536247,3.352663651221193
1.0,4-acetamido-TEMPO,5,n-Bu4NOAc,0.1,1.0,1.0,MeCN:EtOAc=6:4,10.0,PENDING,PENDING,PENDING,0.0,54.23930269244857,14.221659984242434,1.454025163057672,66.07056554272243,6.343005845000002,0.9088691890921254,1.8232957466250983,0.37570027740722606,3.3532957466250983
1.0,4-acetamido-TEMPO,5,n-Bu4NOAc,0.1,1.0,1.0,MeCN:EtOAc=5:5,10.0,PENDING,PENDING,PENDING,0.0,54.53955026144373,14.20632576965384,1.5067364929702398,66.66709492512126,6.335566236693573,1.0600065528258813,1.8152055663228785,0.37527477927717035,3.3452055663228784
1.0,4-acetamido-TEMPO,5,n-Bu4NOAc,0.1,1.0,1.0,MeCN:EtOAc=4:6,10.0,PENDING,PENDING,PENDING,0.0,54.058386578387925,14.223899007716403,1.4211557769286092,65.46825183687369,6.3437466786886,0.7717695992312927,1.8143205534804856,0.37575166752913125,3.3443205534804856
1.0,4-acetamido-TEMPO,5,n-Bu4NOAc,0.1,1.0,1.0,MeCN:EtOAc=3:7,10.0,PENDING,PENDING,PENDING,0.0,52.955649574453304,14.252006782924424,1.2370332359168468,65.29408145960369,6.3591355461453976,0.7396047493476154,1.8742577167426062,0.3777838184591613,3.404257716742606
1.0,4-acetamido-TEMPO,5,n-Bu4NOAc,0.1,1.0,1.0,MeCN:EtOAc=2:8,10.0,PENDING,PENDING,PENDING,0.0,54.07185599785274,14.206074940460962,1.4188942489533618,65.83234562148075,6.33705960759779,0.8506805148690457,1.822454856458579,0.3753001226710263,3.352454856458579
1.0,4-acetamido-TEMPO,5,n-Bu4NOAc,0.05,1.0,2.0,MeCN:EtOAc=7:3,10.0,PENDING,PENDING,PENDING,0.0,54.111819472410275,14.351477661966499,1.465075056280806,65.72750684446352,6.400855619509503,0.8459783956730289,1.8190103384032439,0.37921750196474246,3.349010338403244
1.0,4-acetamido-TEMPO,5,n-Bu4NOAc,0.05,1.0,2.0,MeCN:EtOAc=6:4,10.0,PENDING,PENDING,PENDING,0.0,54.26096041006663,14.259656305474172,1.4682959517798113,65.96981569005166,6.360156859990739,0.8899932593597017,1.8195861854005855,0.376781693146714,3.3495861854005855
1.0,4-acetamido-TEMPO,5,n-Bu4NOAc,0.05,1.0,2.0,MeCN:EtOAc=5:5,10.0,PENDING,PENDING,PENDING,0.0,54.56040341531374,14.253764430689605,1.5237416914220971,66.55584241388358,6.35939560248936,1.037840548035501,1.8114138197597316,0.3766061462977687,3.3414138197597314
1.0,4-acetamido-TEMPO,5,n-Bu4NOAc,0.05,1.0,2.0,MeCN:EtOAc=4:6,10.0,PENDING,PENDING,PENDING,0.0,54.08100678016812,14.262350091011385,1.4355382248832838,65.37139811001673,6.360567191822386,0.7561172331508215,1.8106703688346553,0.37684500749768857,3.3406703688346555
1.0,4-acetamido-TEMPO,5,n-Bu4NOAc,0.05,1.0,2.0,MeCN:EtOAc=3:7,10.0,PENDING,PENDING,PENDING,0.0,52.98322625833626,14.286987481934226,1.250234103905354,65.19940753436977,6.375465161299636,0.7248623925680815,1.8704522282263747,0.3787548196062117,3.4004522282263747
1.0,4-acetamido-TEMPO,5,n-Bu4NOAc,0.05,1.0,2.0,MeCN:EtOAc=2:8,10.0,PENDING,PENDING,PENDING,0.0,54.094691106298924,14.246649749099952,1.4338791964448219,65.73097299362514,6.355163460787776,0.8329858085535269,1.8186925653060102,0.3764634261044785,3.3486925653060102
1.0,4-acetamido-TEMPO,5,n-Bu4NOAc,0.05,1.0,1.5,MeCN:EtOAc=7:3,10.0,PENDING,PENDING,PENDING,0.0,54.10764498729357,14.325834325289433,1.4574254794787413,65.7283631317878,6.389676952344139,0.8427975078862406,1.818932180226059,0.3785437968546921,3.348932180226059
1.0,4-acetamido-TEMPO,5,n-Bu4NOAc,0.05,1.0,1.5,MeCN:EtOAc=6:4,10.0,PENDING,PENDING,PENDING,0.0,54.2578106507018,14.232626487889755,1.4604311830953471,65.97246895470735,6.348350583038587,0.886971195638709,1.8195117949389141,0.3760708488391445,3.3495117949389144
1.0,4-acetamido-TEMPO,5,n-Bu4NOAc,0.05,1.0,1.5,MeCN:EtOAc=5:5,10.0,PENDING,PENDING,PENDING,0.0,54.55945204458552,14.226649166776555,1.5161267707551667,66.56275112353646,6.347576850427155,1.0357990083178463,1.8112788260266477,0.37589285609657985,3.341278826026648
1.0,4-acetamido-TEMPO,5,n-Bu4NOAc,0.05,1.0,1.5,MeCN:EtOAc=4:6,10.0,PENDING,PENDING,PENDING,0.0,54.07634815465717,14.235397025517392,1.427507508678115,65.36962006212511,6.3487685508742056,0.7523459969307706,1.810532060013978,0.376136025382946,3.3405320600139783
1.0,4-acetamido-TEMPO,5,n-Bu4NOAc,0.05,1.0,1.5,MeCN:EtOAc=3:7,10.0,PENDING,PENDING,PENDING,0.0,52.97075321144013,14.260365110246054,1.241580073841802,65.19641240207784,6.363911549224523,0.7209959501832099,1.8707447897955929,0.3780755345879125,3.400744789795593
1.0,4-acetamido-TEMPO,5,n-Bu4NOAc,0.05,1.0,1.5,MeCN:EtOAc=2:8,10.0,PENDING,PENDING,PENDING,0.0,54.09022526996639,14.21947939741008,1.4258263885516391,65.73185687770864,6.3433228353742015,0.8296229900484251,1.818610937482153,0.3757495878147697,3.348610937482153
1.0,4-acetamido-TEMPO,5,n-Bu4NOAc,0.05,1.0,1.0,MeCN:EtOAc=7:3,10.0,PENDING,PENDING,PENDING,0.0,54.111819472410275,14.351477661966499,1.465075056280806,65.72750684446352,6.400855619509502,0.8459783956730287,1.8190103384032439,0.37921750196474246,3.349010338403244
1.0,4-acetamido-TEMPO,5,n-Bu4NOAc,0.05,1.0,1.0,MeCN:EtOAc=6:4,10.0,PENDING,PENDING,PENDING,0.0,54.26096041006663,14.259656305474172,1.4682959517798113,65.96981569005166,6.360156859990739,0.8899932593597017,1.8195861854005855,0.376781693146714,3.3495861854005855
1.0,4-acetamido-TEMPO,5,n-Bu4NOAc,0.05,1.0,1.0,MeCN:EtOAc=5:5,10.0,PENDING,PENDING,PENDING,0.0,54.56040341531374,14.253764430689605,1.5237416914220971,66.55584241388358,6.35939560248936,1.037840548035501,1.8114138197597316,0.3766061462977687,3.3414138197597314
1.0,4-acetamido-TEMPO,5,n-Bu4NOAc,0.05,1.0,1.0,MeCN:EtOAc=4:6,10.0,PENDING,PENDING,PENDING,0.0,54.08100678016812,14.262350091011385,1.4355382248832838,65.37139811001673,6.360567191822386,0.7561172331508215,1.8106703688346553,0.37684500749768857,3.3406703688346555
1.0,4-acetamido-TEMPO,5,n-Bu4NOAc,0.05,1.0,1.0,MeCN:EtOAc=3:7,10.0,PENDING,PENDING,PENDING,0.0,52.98322625833626,14.286987481934226,1.250234103905354,65.19940753436977,6.375465161299636,0.7248623925680815,1.8704522282263747,0.3787548196062117,3.4004522282263747
1.0,4-acetamido-TEMPO,5,n-Bu4NOAc,0.05,1.0,1.0,MeCN:EtOAc=2:8,10.0,PENDING,PENDING,PENDING,0.0,54.094691106298924,14.246649749099952,1.4338791964448219,65.73097299362513,6.355163460787774,0.8329858085535231,1.8186925653060102,0.3764634261044784,3.3486925653060102
1.0,4-acetamido-TEMPO,5,n-Bu4NClO4,0.2,1.0,2.0,MeCN:EtOAc=7:3,10.0,PENDING,PENDING,PENDING,0.0,55.89680180517114,14.359353347402317,1.8310833893240015,65.87582507326653,6.395220855740898,0.8785790250151606,1.8053423555581103,0.3788691178911399,3.3353423555581103
1.0,4-acetamido-TEMPO,5,n-Bu4NClO4,0.2,1.0,2.0,MeCN:EtOAc=6:4,10.0,PENDING,PENDING,PENDING,0.0,56.072607771398026,14.252939366064377,1.8385101152727112,66.11292252712973,6.349974539842734,0.9213738532159825,1.8057284933400732,0.3762271044972085,3.3357284933400733
1.0,4-acetamido-TEMPO,5,n-Bu4NClO4,0.2,1.0,2.0,MeCN:EtOAc=5:5,10.0,PENDING,PENDING,PENDING,0.0,56.39831301959171,14.240041814478543,1.9085774729731604,66.71525630073465,6.341586856474208,1.0752057387311014,1.7971938118465238,0.37582989427692487,3.3271938118465236
1.0,4-acetamido-TEMPO,5,n-Bu4NClO4,0.2,1.0,2.0,MeCN:EtOAc=4:6,10.0,PENDING,PENDING,PENDING,0.0,55.89028117394565,14.293180109946494,1.8099885481010478,65.52472614050241,6.361654529169455,0.7891765237912349,1.7969974343625656,0.3769471950089662,3.326997434362566
1.0,4-acetamido-TEMPO,5,n-Bu4NClO4,0.2,1.0,2.0,MeCN:EtOAc=3:7,10.0,PENDING,PENDING,PENDING,0.0,54.82069084102548,14.32338633736547,1.5941467501163733,65.35288251025733,6.375864970647325,0.7566384654148972,1.8563205896315587,0.37898530280563264,3.3863205896315587
1.0,4-acetamido-TEMPO,5,n-Bu4NClO4,0.2,1.0,2.0,MeCN:EtOAc=2:8,10.0,PENDING,PENDING,PENDING,0.0,55.93345980463321,14.254545712363013,1.808057918620642,65.88360604450892,6.349151825582072,0.866270842312143,1.8046182793230732,0.37608623884026443,3.334618279323073
1.0,4-acetamido-TEMPO,5,n-Bu4NClO4,0.2,1.0,1.5,MeCN:EtOAc=7:3,10.0,PENDING,PENDING,PENDING,0.0,55.90586260728048,14.333717726308148,1.8254686606273562,65.87774388459437,6.383950866549516,0.8755687220779536,1.8051641935142468,0.37818846492359925,3.335164193514247
1.0,4-acetamido-TEMPO,5,n-Bu4NClO4,0.2,1.0,1.5,MeCN:EtOAc=6:4,10.0,PENDING,PENDING,PENDING,0.0,56.08297540685909,14.225665084062301,1.8326771453913264,66.11658280724332,6.337998211993253,0.9185070447185015,1.8055521286715794,0.37550564717083723,3.3355521286715795
1.0,4-acetamido-TEMPO,5,n-Bu4NClO4,0.2,1.0,1.5,MeCN:EtOAc=5:5,10.0,PENDING,PENDING,PENDING,0.0,56.4111558312917,14.212567020894651,1.903186141740425,66.72334409206437,6.329471761092511,1.0733877030003907,1.7969529674224958,0.3751022482486744,3.326952967422496
1.0,4-acetamido-TEMPO,5,n-Bu4NClO4,0.2,1.0,1.5,MeCN:EtOAc=4:6,10.0,PENDING,PENDING,PENDING,0.0,55.8991312428416,14.26661498134125,1.8040645949136533,65.52406279871185,6.349876870624468,0.7855741580744413,1.796759008549976,0.3762387570186434,3.326759008549976
1.0,4-acetamido-TEMPO,5,n-Bu4NClO4,0.2,1.0,1.5,MeCN:EtOAc=3:7,10.0,PENDING,PENDING,PENDING,0.0,54.82199194898864,14.297248849534917,1.5871035662918178,65.35100310497629,6.364319726405682,0.7529220471561668,1.8565085976006879,0.37830866638922894,3.386508597600688
1.0,4-acetamido-TEMPO,5,n-Bu4NClO4,0.2,1.0,1.5,MeCN:EtOAc=2:8,10.0,PENDING,PENDING,PENDING,0.0,55.94279984336711,14.227375745180188,1.8020594436018258,65.8855961168562,6.337211981212917,0.8630798839925733,1.8044324037568795,0.37536476154347065,3.3344324037568795
1.0,4-acetamido-TEMPO,5,n-Bu4NClO4,0.2,1.0,1.0,MeCN:EtOAc=7:3,10.0,PENDING,PENDING,PENDING,0.0,55.89680180517114,14.359353347402319,1.8310833893240033,65.87582507326653,6.395220855740899,0.8785790250151613,1.8053423555581103,0.37886911789114003,3.3353423555581103
1.0,4-acetamido-TEMPO,5,n-Bu4NClO4,0.2,1.0,1.0,MeCN:EtOAc=6:4,10.0,PENDING,PENDING,PENDING,0.0,56.072607771398026,14.252939366064378,1.8385101152727121,66.11292252712973,6.349974539842733,0.9213738532159819,1.8057284933400732,0.3762271044972085,3.3357284933400733
1.0,4-acetamido-TEMPO,5,n-Bu4NClO4,0.2,1.0,1.0,MeCN:EtOAc=5:5,10.0,PENDING,PENDING,PENDING,0.0,56.398313019591704,14.240041814478543,1.9085774729731595,66.71525630073465,6.3415868564742075,1.0752057387311011,1.7971938118465238,0.37582989427692487,3.3271938118465236
1.0,4-acetamido-TEMPO,5,n-Bu4NClO4,0.2,1.0,1.0,MeCN:EtOAc=4:6,10.0,PENDING,PENDING,PENDING,0.0,55.89028117394566,14.293180109946494,1.8099885481010487,65.52472614050241,6.361654529169455,0.7891765237912349,1.7969974343625654,0.3769471950089662,3.3269974343625655
1.0,4-acetamido-TEMPO,5,n-Bu4NClO4,0.2,1.0,1.0,MeCN:EtOAc=3:7,10.0,PENDING,PENDING,PENDING,0.0,54.82069084102548,14.32338633736547,1.5941467501163733,65.35288251025733,6.375864970647325,0.7566384654148972,1.8563205896315589,0.37898530280563264,3.386320589631559
1.0,4-acetamido-TEMPO,5,n-Bu4NClO4,0.2,1.0,1.0,MeCN:EtOAc=2:8,10.0,PENDING,PENDING,PENDING,0.0,55.9334598046332,14.254545712363013,1.8080579186206402,65.88360604450892,6.349151825582072,0.866270842312143,1.8046182793230727,0.37608623884026443,3.334618279323073
1.0,4-acetamido-TEMPO,5,n-Bu4NClO4,0.1,1.0,2.0,MeCN:EtOAc=7:3,10.0,PENDING,PENDING,PENDING,0.0,55.958061280891975,14.309805099529678,1.8299358550861418,65.68749419749547,6.370804085207974,0.8278700690622396,1.7974789245670957,0.37756738860916617,3.327478924567096
1.0,4-acetamido-TEMPO,5,n-Bu4NClO4,0.1,1.0,2.0,MeCN:EtOAc=6:4,10.0,PENDING,PENDING,PENDING,0.0,56.137946612492456,14.196666893580138,1.8363110426068467,65.92830603242095,6.3224022235576305,0.8685348167253446,1.797765508516133,0.3747077259894671,3.327765508516133
1.0,4-acetamido-TEMPO,5,n-Bu4NClO4,0.1,1.0,2.0,MeCN:EtOAc=5:5,10.0,PENDING,PENDING,PENDING,0.0,56.47162341552839,14.197956528808032,1.912696485993584,66.53029426704597,6.325776793649254,1.0199954758391259,1.788786635676957,0.3747427784015328,3.318786635676957
1.0,4-acetamido-TEMPO,5,n-Bu4NClO4,0.1,1.0,2.0,MeCN:EtOAc=4:6,10.0,PENDING,PENDING,PENDING,0.0,55.95140382564044,14.239324006299142,1.8075042188988864,65.32741932587078,6.334023551778914,0.7393267085145458,1.7888707273986195,0.3754912270326099,3.3188707273986195
1.0,4-acetamido-TEMPO,5,n-Bu4NClO4,0.1,1.0,2.0,MeCN:EtOAc=3:7,10.0,PENDING,PENDING,PENDING,0.0,54.86080195319971,14.265329934590646,1.5859203589817934,65.1542022758066,6.3485289119976915,0.7081869667659817,1.8498030432207477,0.377467260299475,3.3798030432207478
1.0,4-acetamido-TEMPO,5,n-Bu4NClO4,0.1,1.0,2.0,MeCN:EtOAc=2:8,10.0,PENDING,PENDING,PENDING,0.0,55.99656054178754,14.20199452628604,1.8064045188703526,65.68978204475589,6.323225273994165,0.8141420253143068,1.796512501570932,0.37470579061663706,3.326512501570932
1.0,4-acetamido-TEMPO,5,n-Bu4NClO4,0.1,1.0,1.5,MeCN:EtOAc=7:3,10.0,PENDING,PENDING,PENDING,0.0,55.967574952125695,14.28344023143984,1.8241994939375648,65.68806041146227,6.359167574442642,0.8245090894789677,1.7972411578065657,0.37686761762668625,3.327241157806566
1.0,4-acetamido-TEMPO,5,n-Bu4NClO4,0.1,1.0,1.5,MeCN:EtOAc=6:4,10.0,PENDING,PENDING,PENDING,0.0,56.148810646814056,14.16853893223968,1.830328964807046,65.93065302122366,6.309999571175902,0.8652773256683817,1.7975284519558885,0.3739631535192171,3.3275284519558888
1.0,4-acetamido-TEMPO,5,n-Bu4NClO4,0.1,1.0,1.5,MeCN:EtOAc=5:5,10.0,PENDING,PENDING,PENDING,0.0,56.485049374037146,14.169861604411766,1.9072444294629074,66.53706549003687,6.31343034364228,1.017745726705366,1.788480326543975,0.37399928750117245,3.318480326543975
1.0,4-acetamido-TEMPO,5,n-Bu4NClO4,0.1,1.0,1.5,MeCN:EtOAc=4:6,10.0,PENDING,PENDING,PENDING,0.0,55.96069957666579,14.211955152501147,1.8014354641380534,65.32530944683029,6.321821522513512,0.7354054981270373,1.7885699883396735,0.3747609641424736,3.3185699883396733
1.0,4-acetamido-TEMPO,5,n-Bu4NClO4,0.1,1.0,1.5,MeCN:EtOAc=3:7,10.0,PENDING,PENDING,PENDING,0.0,54.86234033797729,14.23832120750101,1.57868486460828,65.15086340187166,6.336567705079122,0.7041760992114814,1.8499451442065282,0.3767680894715111,3.3799451442065283
1.0,4-acetamido-TEMPO,5,n-Bu4NClO4,0.1,1.0,1.5,MeCN:EtOAc=2:8,10.0,PENDING,PENDING,PENDING,0.0,56.006373577652006,14.174036769176922,1.800271225254534,65.69036370291613,6.3108891456888125,0.8105889033828548,1.796264368291261,0.37396366497960326,3.3262643682912607
1.0,4-acetamido-TEMPO,5,n-Bu4NClO4,0.1,1.0,1.0,MeCN:EtOAc=7:3,10.0,PENDING,PENDING,PENDING,0.0,55.958061280891975,14.309805099529678,1.8299358550861418,65.68749419749547,6.370804085207974,0.8278700690622396,1.797478924567096,0.37756738860916617,3.327478924567096
1.0,4-acetamido-TEMPO,5,n-Bu4NClO4,0.1,1.0,1.0,MeCN:EtOAc=6:4,10.0,PENDING,PENDING,PENDING,0.0,56.137946612492456,14.196666893580138,1.8363110426068467,65.92830603242095,6.3224022235576305,0.8685348167253446,1.797765508516133,0.3747077259894671,3.327765508516133
1.0,4-acetamido-TEMPO,5,n-Bu4NClO4,0.1,1.0,1.0,MeCN:EtOAc=5:5,10.0,PENDING,PENDING,PENDING,0.0,56.47162341552839,14.197956528808032,1.912696485993584,66.53029426704597,6.325776793649254,1.0199954758391259,1.788786635676957,0.3747427784015328,3.318786635676957
1.0,4-acetamido-TEMPO,5,n-Bu4NClO4,0.1,1.0,1.0,MeCN:EtOAc=4:6,10.0,PENDING,PENDING,PENDING,0.0,55.95140382564044,14.239324006299142,1.8075042188988864,65.32741932587078,6.334023551778914,0.7393267085145458,1.7888707273986195,0.3754912270326099,3.3188707273986195
1.0,4-acetamido-TEMPO,5,n-Bu4NClO4,0.1,1.0,1.0,MeCN:EtOAc=3:7,10.0,PENDING,PENDING,PENDING,0.0,54.86080195319971,14.265329934590646,1.5859203589817934,65.1542022758066,6.3485289119976915,0.7081869667659817,1.8498030432207477,0.377467260299475,3.3798030432207478
1.0,4-acetamido-TEMPO,5,n-Bu4NClO4,0.1,1.0,1.0,MeCN:EtOAc=2:8,10.0,PENDING,PENDING,PENDING,0.0,55.996560541787524,14.20199452628604,1.806404518870349,65.68978204475589,6.323225273994165,0.8141420253143068,1.796512501570932,0.37470579061663706,3.326512501570932
1.0,4-acetamido-TEMPO,5,n-Bu4NClO4,0.05,1.0,2.0,MeCN:EtOAc=7:3,10.0,PENDING,PENDING,PENDING,0.0,55.96946316650394,14.329345020083675,1.8382963325768245,65.59359537142898,6.381354681946249,0.8100796283742573,1.794127710904122,0.3781974648431397,3.324127710904122
1.0,4-acetamido-TEMPO,5,n-Bu4NClO4,0.05,1.0,2.0,MeCN:EtOAc=6:4,10.0,PENDING,PENDING,PENDING,0.0,56.14870284860215,14.216008886013013,1.8445187144041095,65.83220234529384,6.333006724838183,0.8494149732806142,1.7943640422393914,0.3753169366496832,3.3243640422393916
1.0,4-acetamido-TEMPO,5,n-Bu4NClO4,0.05,1.0,2.0,MeCN:EtOAc=5:5,10.0,PENDING,PENDING,PENDING,0.0,56.481270086020736,14.223793972668298,1.9228074187365811,66.42403909679732,6.341569692139122,0.9972351682072014,1.7853179955090095,0.375548668630978,3.3153179955090097
1.0,4-acetamido-TEMPO,5,n-Bu4NClO4,0.05,1.0,2.0,MeCN:EtOAc=4:6,10.0,PENDING,PENDING,PENDING,0.0,55.96315936841894,14.258455795337841,1.8157884146065566,65.23517538837271,6.3441877998314204,0.7232892033890037,1.7855272868635044,0.37610340868722153,3.3155272868635044
1.0,4-acetamido-TEMPO,5,n-Bu4NClO4,0.05,1.0,2.0,MeCN:EtOAc=3:7,10.0,PENDING,PENDING,PENDING,0.0,54.87747246465024,14.281888912328219,1.593879605447186,65.06406412145772,6.358399745229831,0.6930794996234328,1.8462864591708505,0.3780038091353041,3.3762864591708506
1.0,4-acetamido-TEMPO,5,n-Bu4NClO4,0.05,1.0,2.0,MeCN:EtOAc=2:8,10.0,PENDING,PENDING,PENDING,0.0,56.008279272165886,14.222637587213226,1.8151393313718622,65.59316569394939,6.334352659549206,0.7960632370107386,1.7930651710809207,0.3753715516128957,3.3230651710809207
1.0,4-acetamido-TEMPO,5,n-Bu4NClO4,0.05,1.0,1.5,MeCN:EtOAc=7:3,10.0,PENDING,PENDING,PENDING,0.0,55.9790549975276,14.303248559971715,1.8326515410151,65.59349232670748,6.369858642860789,0.8066460772742741,1.793866267841946,0.37750637602801757,3.3238662678419457
1.0,4-acetamido-TEMPO,5,n-Bu4NClO4,0.05,1.0,1.5,MeCN:EtOAc=6:4,10.0,PENDING,PENDING,PENDING,0.0,56.15963788626126,14.188150424612017,1.838627708996726,65.83385736836158,6.320747664296073,0.8460704820851328,1.7941028098264944,0.37458081208830696,3.3241028098264946
1.0,4-acetamido-TEMPO,5,n-Bu4NClO4,0.05,1.0,1.5,MeCN:EtOAc=5:5,10.0,PENDING,PENDING,PENDING,0.0,56.494754297425146,14.196073295573003,1.9174785811373694,66.43001394408371,6.329450622766545,0.9948573494016999,1.7849868515943534,0.37481685771509465,3.3149868515943535
1.0,4-acetamido-TEMPO,5,n-Bu4NClO4,0.05,1.0,1.5,MeCN:EtOAc=4:6,10.0,PENDING,PENDING,PENDING,0.0,55.972538335459056,14.231349914618248,1.8098097236117265,65.23241395661567,6.332121281130973,0.7193199073338552,1.785202955279201,0.3753815834818878,3.315202955279201
1.0,4-acetamido-TEMPO,5,n-Bu4NClO4,0.05,1.0,1.5,MeCN:EtOAc=3:7,10.0,PENDING,PENDING,PENDING,0.0,54.879142955442774,14.255101027730129,1.5867194530269284,65.06009458292003,6.346568820711443,0.6890295658985262,1.8464031797193325,0.3773118110424308,3.3764031797193326
1.0,4-acetamido-TEMPO,5,n-Bu4NClO4,0.05,1.0,1.5,MeCN:EtOAc=2:8,10.0,PENDING,PENDING,PENDING,0.0,56.01817329599034,14.194968313576858,1.809103063041757,65.59305078149802,6.322167134435218,0.7924389339114914,1.7927924095626913,0.3746387585996465,3.322792409562691
1.0,4-acetamido-TEMPO,5,n-Bu4NClO4,0.05,1.0,1.0,MeCN:EtOAc=7:3,10.0,PENDING,PENDING,PENDING,0.0,55.96946316650394,14.329345020083675,1.8382963325768245,65.59359537142898,6.381354681946249,0.8100796283742573,1.794127710904122,0.3781974648431397,3.324127710904122
1.0,4-acetamido-TEMPO,5,n-Bu4NClO4,0.05,1.0,1.0,MeCN:EtOAc=6:4,10.0,PENDING,PENDING,PENDING,0.0,56.148702848602156,14.216008886013013,1.8445187144041113,65.83220234529384,6.333006724838183,0.8494149732806142,1.7943640422393912,0.3753169366496832,3.324364042239391
1.0,4-acetamido-TEMPO,5,n-Bu4NClO4,0.05,1.0,1.0,MeCN:EtOAc=5:5,10.0,PENDING,PENDING,PENDING,0.0,56.481270086020736,14.223793972668298,1.9228074187365811,66.42403909679732,6.341569692139122,0.9972351682072014,1.7853179955090095,0.375548668630978,3.3153179955090097
1.0,4-acetamido-TEMPO,5,n-Bu4NClO4,0.05,1.0,1.0,MeCN:EtOAc=4:6,10.0,PENDING,PENDING,PENDING,0.0,55.96315936841894,14.258455795337841,1.8157884146065566,65.23517538837271,6.3441877998314204,0.7232892033890037,1.7855272868635044,0.37610340868722153,3.3155272868635044
1.0,4-acetamido-TEMPO,5,n-Bu4NClO4,0.05,1.0,1.0,MeCN:EtOAc=3:7,10.0,PENDING,PENDING,PENDING,0.0,54.87747246465024,14.281888912328219,1.593879605447186,65.06406412145772,6.358399745229831,0.6930794996234328,1.8462864591708505,0.3780038091353041,3.3762864591708506
1.0,4-acetamido-TEMPO,5,n-Bu4NClO4,0.05,1.0,1.0,MeCN:EtOAc=2:8,10.0,PENDING,PENDING,PENDING,0.0,56.008279272165886,14.222637587213226,1.8151393313718622,65.59316569394939,6.334352659549206,0.7960632370107386,1.7930651710809207,0.3753715516128957,3.3230651710809207
1.0,4-acetamido-TEMPO,5,n-Bu4NBF4,0.2,1.0,2.0,MeCN:EtOAc=7:3,10.0,PENDING,PENDING,PENDING,0.0,58.322791287069336,14.426235160591201,2.4549215570752096,65.86429119536722,6.400700224569015,0.8775551250286635,1.7666881971892376,0.38026502229696896,3.296688197189238
1.0,4-acetamido-TEMPO,5,n-Bu4NBF4,0.2,1.0,2.0,MeCN:EtOAc=6:4,10.0,PENDING,PENDING,PENDING,0.0,58.50710569452227,14.359300379698764,2.4836718998244303,66.10459908493297,6.364307111835923,0.9238400421296034,1.7664883562542943,0.37831918469513154,3.2964883562542946
1.0,4-acetamido-TEMPO,5,n-Bu4NBF4,0.2,1.0,2.0,MeCN:EtOAc=5:5,10.0,PENDING,PENDING,PENDING,0.0,58.74399787292878,14.354239214948011,2.5488111932032016,66.68868029944693,6.358795212022687,1.0736411091819915,1.759046160763285,0.3779899151191997,3.2890461607632853
1.0,4-acetamido-TEMPO,5,n-Bu4NBF4,0.2,1.0,2.0,MeCN:EtOAc=4:6,10.0,PENDING,PENDING,PENDING,0.0,58.489635826576915,14.29005976629282,2.455543942842803,65.51574067449445,6.352666308217252,0.7845908314868559,1.75613514634194,0.3770224806096857,3.28613514634194
1.0,4-acetamido-TEMPO,5,n-Bu4NBF4,0.2,1.0,2.0,MeCN:EtOAc=3:7,10.0,PENDING,PENDING,PENDING,0.0,57.361991293459,14.399749852898484,2.1917377866546435,65.34203631224366,6.380136911690097,0.7555950111970289,1.8169451452301812,0.38055212222937923,3.3469451452301815
1.0,4-acetamido-TEMPO,5,n-Bu4NBF4,0.2,1.0,2.0,MeCN:EtOAc=2:8,10.0,PENDING,PENDING,PENDING,0.0,58.4280587781403,14.325233787621471,2.4502408802890794,65.8717750701615,6.354950389658211,0.8652846535257557,1.7648406342565455,0.3775634304813815,3.2948406342565457
1.0,4-acetamido-TEMPO,5,n-Bu4NBF4,0.2,1.0,1.5,MeCN:EtOAc=7:3,10.0,PENDING,PENDING,PENDING,0.0,58.34875681353143,14.401525668982064,2.453830711354585,65.86613663871326,6.389507849178342,0.8745537136924437,1.7662333764859066,0.37960413389699504,3.2962333764859064
1.0,4-acetamido-TEMPO,5,n-Bu4NBF4,0.2,1.0,1.5,MeCN:EtOAc=6:4,10.0,PENDING,PENDING,PENDING,0.0,58.53445135411829,14.333627910367506,2.4826816546406203,66.10822013547153,6.352559965827638,0.9210352687687153,1.7660294100752219,0.37762954625613365,3.2960294100752217
1.0,4-acetamido-TEMPO,5,n-Bu4NBF4,0.2,1.0,1.5,MeCN:EtOAc=5:5,10.0,PENDING,PENDING,PENDING,0.0,58.772924558254545,14.328498258894488,2.5483179584139295,66.69653816804629,6.34695631277189,1.0718513141575825,1.7585341559316046,0.37729528816419816,3.288534155931605
1.0,4-acetamido-TEMPO,5,n-Bu4NBF4,0.2,1.0,1.5,MeCN:EtOAc=4:6,10.0,PENDING,PENDING,PENDING,0.0,58.5171237467553,14.263274576093215,2.4542030335948026,65.51503084319339,6.34072297385024,0.7809372355144137,1.7555971265312378,0.3763117565120168,3.285597126531238
1.0,4-acetamido-TEMPO,5,n-Bu4NBF4,0.2,1.0,1.5,MeCN:EtOAc=3:7,10.0,PENDING,PENDING,PENDING,0.0,57.38132915577748,14.374693156229315,2.1886199153964014,65.34009039702637,6.368649754827957,0.7518851305635204,1.816849469198243,0.37989787328872143,3.346849469198243
1.0,4-acetamido-TEMPO,5,n-Bu4NBF4,0.2,1.0,1.5,MeCN:EtOAc=2:8,10.0,PENDING,PENDING,PENDING,0.0,58.45497141745237,14.299059151758822,2.448933779526392,65.87368933867378,6.343094106350826,0.8621040515386422,1.764366731364053,0.37686323458971244,3.294366731364053
1.0,4-acetamido-TEMPO,5,n-Bu4NBF4,0.2,1.0,1.0,MeCN:EtOAc=7:3,10.0,PENDING,PENDING,PENDING,0.0,58.32279128706934,14.426235160591204,2.454921557075213,65.86429119536722,6.400700224569016,0.877555125028664,1.7666881971892379,0.38026502229696896,3.296688197189238
1.0,4-acetamido-TEMPO,5,n-Bu4NBF4,0.2,1.0,1.0,MeCN:EtOAc=6:4,10.0,PENDING,PENDING,PENDING,0.0,58.50710569452227,14.359300379698766,2.4836718998244303,66.10459908493297,6.364307111835923,0.9238400421296034,1.7664883562542943,0.37831918469513154,3.2964883562542946
1.0,4-acetamido-TEMPO,5,n-Bu4NBF4,0.2,1.0,1.0,MeCN:EtOAc=5:5,10.0,PENDING,PENDING,PENDING,0.0,58.74399787292878,14.354239214948011,2.5488111932032016,66.68868029944693,6.358795212022687,1.0736411091819915,1.759046160763285,0.3779899151191997,3.2890461607632853
1.0,4-acetamido-TEMPO,5,n-Bu4NBF4,0.2,1.0,1.0,MeCN:EtOAc=4:6,10.0,PENDING,PENDING,PENDING,0.0,58.489635826576915,14.290059766292822,2.4555439428428034,65.51574067449445,6.352666308217252,0.7845908314868559,1.75613514634194,0.3770224806096857,3.28613514634194
1.0,4-acetamido-TEMPO,5,n-Bu4NBF4,0.2,1.0,1.0,MeCN:EtOAc=3:7,10.0,PENDING,PENDING,PENDING,0.0,57.361991293459006,14.399749852898486,2.1917377866546452,65.34203631224366,6.380136911690097,0.7555950111970289,1.8169451452301812,0.38055212222937923,3.3469451452301815
1.0,4-acetamido-TEMPO,5,n-Bu4NBF4,0.2,1.0,1.0,MeCN:EtOAc=2:8,10.0,PENDING,PENDING,PENDING,0.0,58.4280587781403,14.32523378762147,2.4502408802890776,65.8717750701615,6.354950389658211,0.8652846535257557,1.7648406342565455,0.3775634304813815,3.2948406342565457
1.0,4-acetamido-TEMPO,5,n-Bu4NBF4,0.1,1.0,2.0,MeCN:EtOAc=7:3,10.0,PENDING,PENDING,PENDING,0.0,58.42569461865304,14.372694213070725,2.4654896216892457,65.67595547068476,6.377371191218951,0.8272444004584678,1.758288071730243,0.37885503544375126,3.2882880717302427
1.0,4-acetamido-TEMPO,5,n-Bu4NBF4,0.1,1.0,2.0,MeCN:EtOAc=6:4,10.0,PENDING,PENDING,PENDING,0.0,58.61420432797121,14.300867910571517,2.4940118785836267,65.92008848293662,6.338237519311034,0.8714695428004449,1.7579767220677913,0.37672728529153765,3.2879767220677913
1.0,4-acetamido-TEMPO,5,n-Bu4NBF4,0.1,1.0,2.0,MeCN:EtOAc=5:5,10.0,PENDING,PENDING,PENDING,0.0,58.85643682711406,14.308252428337465,2.565328032876793,66.50324566483015,6.345228286217764,1.0192022474629943,1.7501392681071768,0.37680842633035416,3.2801392681071766
1.0,4-acetamido-TEMPO,5,n-Bu4NBF4,0.1,1.0,2.0,MeCN:EtOAc=4:6,10.0,PENDING,PENDING,PENDING,0.0,58.59705042043743,14.228990350930966,2.464985558311918,65.31851532405473,6.325276621512711,0.7349887126985644,1.7474069911468135,0.37538258796095325,3.2774069911468136
1.0,4-acetamido-TEMPO,5,n-Bu4NBF4,0.1,1.0,2.0,MeCN:EtOAc=3:7,10.0,PENDING,PENDING,PENDING,0.0,57.44684167388299,14.33968811029867,2.1940596962906285,65.14337028867908,6.353824192274661,0.7075047107511685,1.809856054606621,0.3789596742455092,3.3398560546066207
1.0,4-acetamido-TEMPO,5,n-Bu4NBF4,0.1,1.0,2.0,MeCN:EtOAc=2:8,10.0,PENDING,PENDING,PENDING,0.0,58.53445084468895,14.268438521824146,2.460764402446651,65.67794795641112,6.330185762686955,0.8135783184109626,1.7561762676494612,0.37606765307335593,3.286176267649461
1.0,4-acetamido-TEMPO,5,n-Bu4NBF4,0.1,1.0,1.5,MeCN:EtOAc=7:3,10.0,PENDING,PENDING,PENDING,0.0,58.45251661710069,14.347194379125456,2.46439056048582,65.6764487275824,6.365830256237327,0.8238982170626128,1.7577682870331406,0.3781733127613014,3.2877682870331406
1.0,4-acetamido-TEMPO,5,n-Bu4NBF4,0.1,1.0,1.5,MeCN:EtOAc=6:4,10.0,PENDING,PENDING,PENDING,0.0,58.64245105332413,14.27432005086986,2.493001192629904,65.9223983450439,6.326091229315444,0.8682810142152404,1.7574515550933951,0.3760135933804906,3.287451555093395
1.0,4-acetamido-TEMPO,5,n-Bu4NBF4,0.1,1.0,1.5,MeCN:EtOAc=5:5,10.0,PENDING,PENDING,PENDING,0.0,58.88631380810031,14.281835601465358,2.5649070760495256,66.5097804106264,6.3331995962692655,1.0169946969541004,1.7495570013456065,0.376096555086656,3.279557001345607
1.0,4-acetamido-TEMPO,5,n-Bu4NBF4,0.1,1.0,1.5,MeCN:EtOAc=4:6,10.0,PENDING,PENDING,PENDING,0.0,58.62545331347961,14.201273012304151,2.4636070282683877,65.31636067239346,6.312909023621283,0.7310199102366626,1.7468003361019184,0.3746467229272368,3.2768003361019185
1.0,4-acetamido-TEMPO,5,n-Bu4NBF4,0.1,1.0,1.5,MeCN:EtOAc=3:7,10.0,PENDING,PENDING,PENDING,0.0,57.46686307811672,14.3137377187629,2.1908319558938154,65.13996558294704,6.341937802845678,0.7035053906512247,1.8097086271752651,0.37828183925767966,3.3397086271752654
1.0,4-acetamido-TEMPO,5,n-Bu4NBF4,0.1,1.0,1.5,MeCN:EtOAc=2:8,10.0,PENDING,PENDING,PENDING,0.0,58.562262467121506,14.241410244716171,2.4594410367137614,65.67845428428606,6.317952753689332,0.8100418860316909,1.7556344379404154,0.3753449520294576,3.2856344379404154
1.0,4-acetamido-TEMPO,5,n-Bu4NBF4,0.1,1.0,1.0,MeCN:EtOAc=7:3,10.0,PENDING,PENDING,PENDING,0.0,58.42569461865304,14.372694213070723,2.465489621689245,65.67595547068476,6.377371191218951,0.8272444004584678,1.758288071730243,0.37885503544375126,3.2882880717302427
1.0,4-acetamido-TEMPO,5,n-Bu4NBF4,0.1,1.0,1.0,MeCN:EtOAc=6:4,10.0,PENDING,PENDING,PENDING,0.0,58.6142043279712,14.300867910571517,2.494011878583626,65.92008848293662,6.338237519311033,0.8714695428004444,1.7579767220677918,0.3767272852915376,3.287976722067792
1.0,4-acetamido-TEMPO,5,n-Bu4NBF4,0.1,1.0,1.0,MeCN:EtOAc=5:5,10.0,PENDING,PENDING,PENDING,0.0,58.85643682711405,14.308252428337466,2.565328032876792,66.50324566483015,6.345228286217764,1.0192022474629943,1.7501392681071768,0.37680842633035416,3.2801392681071766
1.0,4-acetamido-TEMPO,5,n-Bu4NBF4,0.1,1.0,1.0,MeCN:EtOAc=4:6,10.0,PENDING,PENDING,PENDING,0.0,58.59705042043743,14.228990350930966,2.464985558311918,65.31851532405473,6.325276621512712,0.734988712698565,1.7474069911468135,0.37538258796095325,3.2774069911468136
1.0,4-acetamido-TEMPO,5,n-Bu4NBF4,0.1,1.0,1.0,MeCN:EtOAc=3:7,10.0,PENDING,PENDING,PENDING,0.0,57.446841673883,14.33968811029867,2.1940596962906316,65.14337028867907,6.353824192274662,0.707504710751166,1.809856054606621,0.3789596742455091,3.3398560546066207
1.0,4-acetamido-TEMPO,5,n-Bu4NBF4,0.1,1.0,1.0,MeCN:EtOAc=2:8,10.0,PENDING,PENDING,PENDING,0.0,58.53445084468896,14.268438521824146,2.4607644024466535,65.67794795641112,6.330185762686955,0.8135783184109626,1.7561762676494608,0.376067653073356,3.286176267649461
1.0,4-acetamido-TEMPO,5,n-Bu4NBF4,0.05,1.0,2.0,MeCN:EtOAc=7:3,10.0,PENDING,PENDING,PENDING,0.0,58.423552096008294,14.390211064828346,2.4707685946845768,65.58221959997945,6.38826232298777,0.8096171495451769,1.7552858221471856,0.3794118919921679,3.285285822147186
1.0,4-acetamido-TEMPO,5,n-Bu4NBF4,0.05,1.0,2.0,MeCN:EtOAc=6:4,10.0,PENDING,PENDING,PENDING,0.0,58.61132767614576,14.317793117105245,2.4989124921169172,65.82412160422838,6.349033906241374,0.8524253949594396,1.7549314683057031,0.3772546877384672,3.284931468305703
1.0,4-acetamido-TEMPO,5,n-Bu4NBF4,0.05,1.0,2.0,MeCN:EtOAc=5:5,10.0,PENDING,PENDING,PENDING,0.0,58.85297701672372,14.330758876402948,2.57200248417792,66.39729123688042,6.361450449280565,0.9967315690670255,1.7470245597825855,0.3775218947049172,3.2770245597825856
1.0,4-acetamido-TEMPO,5,n-Bu4NBF4,0.05,1.0,2.0,MeCN:EtOAc=4:6,10.0,PENDING,PENDING,PENDING,0.0,58.59403423860721,14.246883158439267,2.470163112511409,65.22641337245625,6.3359372685630575,0.7191806140858987,1.7444322512555304,0.37593455771201395,3.27443225125553
1.0,4-acetamido-TEMPO,5,n-Bu4NBF4,0.05,1.0,2.0,MeCN:EtOAc=3:7,10.0,PENDING,PENDING,PENDING,0.0,57.44919434399858,14.354840173701872,2.1995252512946672,65.0533884233399,6.364049571518147,0.6925486236486684,1.806687639288768,0.379431370104672,3.336687639288768
1.0,4-acetamido-TEMPO,5,n-Bu4NBF4,0.05,1.0,2.0,MeCN:EtOAc=2:8,10.0,PENDING,PENDING,PENDING,0.0,58.53208695836994,14.286938213586522,2.4663209674935316,65.58150073469461,6.341675164857012,0.7956702709043524,1.7530922887977771,0.37665534201509215,3.283092288797777
1.0,4-acetamido-TEMPO,5,n-Bu4NBF4,0.05,1.0,1.5,MeCN:EtOAc=7:3,10.0,PENDING,PENDING,PENDING,0.0,58.45032041774634,14.36495039106589,2.4697371072316705,65.5820451128598,6.37686707805857,0.8062002492481832,1.754745881968878,0.3787376756191842,3.284745881968878
1.0,4-acetamido-TEMPO,5,n-Bu4NBF4,0.05,1.0,1.5,MeCN:EtOAc=6:4,10.0,PENDING,PENDING,PENDING,0.0,58.63951249263571,14.291476609061151,2.4979645717831622,65.82574061042119,6.337033212246513,0.8491498058487892,1.7543857499254436,0.3765480708129171,3.284385749925444
1.0,4-acetamido-TEMPO,5,n-Bu4NBF4,0.05,1.0,1.5,MeCN:EtOAc=5:5,10.0,PENDING,PENDING,PENDING,0.0,58.88278695085765,14.304660661976822,2.571674167549952,66.4030331771278,6.349655512961878,0.9943996502499501,1.7464210434632172,0.3768201149988983,3.276421043463217
1.0,4-acetamido-TEMPO,5,n-Bu4NBF4,0.05,1.0,1.5,MeCN:EtOAc=4:6,10.0,PENDING,PENDING,PENDING,0.0,58.62237110327836,14.219416175750041,2.4688525376586594,65.22360836217142,6.323713934393815,0.7151672569152796,1.743805817611901,0.37520624141443476,3.273805817611901
1.0,4-acetamido-TEMPO,5,n-Bu4NBF4,0.05,1.0,1.5,MeCN:EtOAc=3:7,10.0,PENDING,PENDING,PENDING,0.0,57.46920530118552,14.329092718235184,2.196360847437577,65.04935447384229,6.3522990105588475,0.6885118692261634,1.8065183404126617,0.37875968760470624,3.3365183404126615
1.0,4-acetamido-TEMPO,5,n-Bu4NBF4,0.05,1.0,1.5,MeCN:EtOAc=2:8,10.0,PENDING,PENDING,PENDING,0.0,58.559840377553265,14.26016692010668,2.4650701406062865,65.58131208436781,6.329598391010282,0.7920646007678454,1.752529557878136,0.3759406961691228,3.282529557878136
1.0,4-acetamido-TEMPO,5,n-Bu4NBF4,0.05,1.0,1.0,MeCN:EtOAc=7:3,10.0,PENDING,PENDING,PENDING,0.0,58.423552096008294,14.390211064828346,2.4707685946845768,65.58221959997945,6.38826232298777,0.8096171495451769,1.7552858221471856,0.3794118919921679,3.285285822147186
1.0,4-acetamido-TEMPO,5,n-Bu4NBF4,0.05,1.0,1.0,MeCN:EtOAc=6:4,10.0,PENDING,PENDING,PENDING,0.0,58.61132767614576,14.317793117105245,2.4989124921169172,65.82412160422838,6.349033906241374,0.8524253949594396,1.7549314683057031,0.3772546877384672,3.284931468305703
1.0,4-acetamido-TEMPO,5,n-Bu4NBF4,0.05,1.0,1.0,MeCN:EtOAc=5:5,10.0,PENDING,PENDING,PENDING,0.0,58.85297701672372,14.330758876402948,2.57200248417792,66.39729123688042,6.361450449280565,0.9967315690670255,1.7470245597825855,0.3775218947049172,3.2770245597825856
1.0,4-acetamido-TEMPO,5,n-Bu4NBF4,0.05,1.0,1.0,MeCN:EtOAc=4:6,10.0,PENDING,PENDING,PENDING,0.0,58.59403423860721,14.246883158439267,2.470163112511409,65.22641337245626,6.335937268563059,0.7191806140859021,1.7444322512555301,0.37593455771201395,3.27443225125553
1.0,4-acetamido-TEMPO,5,n-Bu4NBF4,0.05,1.0,1.0,MeCN:EtOAc=3:7,10.0,PENDING,PENDING,PENDING,0.0,57.44919434399858,14.354840173701872,2.1995252512946672,65.05338842333988,6.364049571518146,0.6925486236486658,1.8066876392887679,0.37943137010467193,3.336687639288768
1.0,4-acetamido-TEMPO,5,n-Bu4NBF4,0.05,1.0,1.0,MeCN:EtOAc=2:8,10.0,PENDING,PENDING,PENDING,0.0,58.53208695836993,14.286938213586522,2.4663209674935294,65.58150073469461,6.341675164857012,0.7956702709043524,1.7530922887977773,0.37665534201509215,3.2830922887977776
1.0,4-acetamido-TEMPO,5,Et4NOAc,0.2,1.0,2.0,MeCN:EtOAc=7:3,10.0,PENDING,PENDING,PENDING,0.0,53.78550930208796,14.331896081692987,1.4000816363974002,65.82605241339878,6.390515464668822,0.8655139064331481,1.8304952686607208,0.3786253452929976,3.3604952686607206
1.0,4-acetamido-TEMPO,5,Et4NOAc,0.2,1.0,2.0,MeCN:EtOAc=6:4,10.0,PENDING,PENDING,PENDING,0.0,53.93108140439257,14.23480278620114,1.4008416323180355,66.07765358644868,6.34747677562719,0.9119882398200609,1.8312403742405867,0.3761066439724423,3.3612403742405865
1.0,4-acetamido-TEMPO,5,Et4NOAc,0.2,1.0,2.0,MeCN:EtOAc=5:5,10.0,PENDING,PENDING,PENDING,0.0,54.22426863116209,14.235328535166673,1.4548877681140229,66.65406467475428,6.348876367134619,1.0608771840772335,1.823258990030402,0.37606990676362156,3.353258990030402
1.0,4-acetamido-TEMPO,5,Et4NOAc,0.2,1.0,2.0,MeCN:EtOAc=4:6,10.0,PENDING,PENDING,PENDING,0.0,53.73650289868402,14.232131132196889,1.365251742639218,65.46081742371675,6.347838143394988,0.7713719754740833,1.8226585594588605,0.37602849423902523,3.3526585594588605
1.0,4-acetamido-TEMPO,5,Et4NOAc,0.2,1.0,2.0,MeCN:EtOAc=3:7,10.0,PENDING,PENDING,PENDING,0.0,52.67183159994615,14.288492714126926,1.2000541199985175,65.30232506501298,6.371166730126259,0.7447474433388483,1.8809553350539514,0.3786982126114422,3.410955335053951
1.0,4-acetamido-TEMPO,5,Et4NOAc,0.2,1.0,2.0,MeCN:EtOAc=2:8,10.0,PENDING,PENDING,PENDING,0.0,53.758876847609166,14.225432939089963,1.3674834008100683,65.83242019541133,6.34412302025166,0.8528467919671092,1.8305229844647612,0.3758258068988155,3.3605229844647613
1.0,4-acetamido-TEMPO,5,Et4NOAc,0.2,1.0,1.5,MeCN:EtOAc=7:3,10.0,PENDING,PENDING,PENDING,0.0,53.77899459399632,14.305858367637274,1.3920826720627248,65.82762303766661,6.37916715574308,0.8624149624506412,1.8305021262068182,0.37794065812136207,3.360502126206818
1.0,4-acetamido-TEMPO,5,Et4NOAc,0.2,1.0,1.5,MeCN:EtOAc=6:4,10.0,PENDING,PENDING,PENDING,0.0,53.925556282675814,14.207279123209677,1.3925989633495792,66.08111927584294,6.335458881788605,0.9090697023011722,1.8312527870406246,0.37538319262924574,3.3612527870406246
1.0,4-acetamido-TEMPO,5,Et4NOAc,0.2,1.0,1.5,MeCN:EtOAc=5:5,10.0,PENDING,PENDING,PENDING,0.0,54.22087622371824,14.207832065053346,1.4468827530703319,66.66168492730417,6.336884825703778,1.0589704392294335,1.8232128136300882,0.3753464311263579,3.3532128136300883
1.0,4-acetamido-TEMPO,5,Et4NOAc,0.2,1.0,1.5,MeCN:EtOAc=4:6,10.0,PENDING,PENDING,PENDING,0.0,53.72931647919673,14.204591050550322,1.3568225717129772,65.45965712914865,6.335826678169931,0.767629975730129,1.8226105480512458,0.37530444517184186,3.3526105480512456
1.0,4-acetamido-TEMPO,5,Et4NOAc,0.2,1.0,1.5,MeCN:EtOAc=3:7,10.0,PENDING,PENDING,PENDING,0.0,52.65717325282657,14.261828354345054,1.1912487098929043,65.30008921912625,6.359543344609158,0.7409625750650768,1.8813229103890257,0.3780169005358428,3.4113229103890257
1.0,4-acetamido-TEMPO,5,Et4NOAc,0.2,1.0,1.5,MeCN:EtOAc=2:8,10.0,PENDING,PENDING,PENDING,0.0,53.75197417603846,14.197828777759774,1.3590781966266396,65.8340482996892,6.332097944317353,0.8495642651237332,1.8305300354235685,0.3750999390048879,3.3605300354235688
1.0,4-acetamido-TEMPO,5,Et4NOAc,0.2,1.0,1.0,MeCN:EtOAc=7:3,10.0,PENDING,PENDING,PENDING,0.0,53.78550930208796,14.331896081692987,1.4000816363974002,65.82605241339878,6.390515464668822,0.8655139064331481,1.8304952686607205,0.3786253452929976,3.3604952686607206
1.0,4-acetamido-TEMPO,5,Et4NOAc,0.2,1.0,1.0,MeCN:EtOAc=6:4,10.0,PENDING,PENDING,PENDING,0.0,53.931081404392565,14.234802786201143,1.4008416323180346,66.07765358644868,6.34747677562719,0.9119882398200609,1.8312403742405867,0.3761066439724423,3.3612403742405865
1.0,4-acetamido-TEMPO,5,Et4NOAc,0.2,1.0,1.0,MeCN:EtOAc=5:5,10.0,PENDING,PENDING,PENDING,0.0,54.22426863116209,14.235328535166673,1.4548877681140229,66.65406467475427,6.34887636713462,1.0608771840772298,1.823258990030402,0.3760699067636215,3.353258990030402
1.0,4-acetamido-TEMPO,5,Et4NOAc,0.2,1.0,1.0,MeCN:EtOAc=4:6,10.0,PENDING,PENDING,PENDING,0.0,53.73650289868404,14.23213113219689,1.365251742639221,65.46081742371675,6.347838143394988,0.7713719754740833,1.8226585594588607,0.37602849423902523,3.3526585594588605
1.0,4-acetamido-TEMPO,5,Et4NOAc,0.2,1.0,1.0,MeCN:EtOAc=3:7,10.0,PENDING,PENDING,PENDING,0.0,52.67183159994614,14.288492714126926,1.2000541199985162,65.30232506501298,6.371166730126259,0.7447474433388483,1.8809553350539516,0.3786982126114422,3.4109553350539517
1.0,4-acetamido-TEMPO,5,Et4NOAc,0.2,1.0,1.0,MeCN:EtOAc=2:8,10.0,PENDING,PENDING,PENDING,0.0,53.75887684760917,14.225432939089961,1.3674834008100691,65.83242019541133,6.344123020251658,0.852846791967109,1.8305229844647612,0.3758258068988155,3.3605229844647613
1.0,4-acetamido-TEMPO,5,Et4NOAc,0.1,1.0,2.0,MeCN:EtOAc=7:3,10.0,PENDING,PENDING,PENDING,0.0,53.80600705457292,14.286824835893167,1.3919468054858597,65.63618880421049,6.367221732276714,0.8153202793545171,1.8231415627053384,0.377349385176599,3.3531415627053383
1.0,4-acetamido-TEMPO,5,Et4NOAc,0.1,1.0,2.0,MeCN:EtOAc=6:4,10.0,PENDING,PENDING,PENDING,0.0,53.954825589673305,14.182526582020955,1.3913765143661982,65.89198403857716,6.320984803068046,0.8596044753951682,1.823797514399655,0.374607089724001,3.353797514399655
1.0,4-acetamido-TEMPO,5,Et4NOAc,0.1,1.0,2.0,MeCN:EtOAc=5:5,10.0,PENDING,PENDING,PENDING,0.0,54.2551256998939,14.201353914704512,1.4515283124047298,66.4671408260768,6.335486116290096,1.0065154411544954,1.815387423190311,0.37505366410407864,3.345387423190311
1.0,4-acetamido-TEMPO,5,Et4NOAc,0.1,1.0,2.0,MeCN:EtOAc=4:6,10.0,PENDING,PENDING,PENDING,0.0,53.755633376681736,14.181178116760007,1.3554015751467725,65.26150518520154,6.32090095741796,0.7220595466923978,1.8150571501066397,0.3745646956172693,3.3450571501066397
1.0,4-acetamido-TEMPO,5,Et4NOAc,0.1,1.0,2.0,MeCN:EtOAc=3:7,10.0,PENDING,PENDING,PENDING,0.0,52.67012995596551,14.233962106847624,1.1865586208660774,65.10209105963416,6.344926690986351,0.6968298031944447,1.8749332333948463,0.3771990601728786,3.4049332333948463
1.0,4-acetamido-TEMPO,5,Et4NOAc,0.1,1.0,2.0,MeCN:EtOAc=2:8,10.0,PENDING,PENDING,PENDING,0.0,53.77946204446161,14.177659218873899,1.3587093306287064,65.63700168807154,6.319389771045776,0.8012777459977793,1.8229488234055022,0.3744727126823772,3.3529488234055025
1.0,4-acetamido-TEMPO,5,Et4NOAc,0.1,1.0,1.5,MeCN:EtOAc=7:3,10.0,PENDING,PENDING,PENDING,0.0,53.799516516147506,14.260130704962647,1.38379204596733,65.63639170361301,6.35552397458859,0.8118813962499056,1.8230941666490346,0.3766459654581758,3.3530941666490346
1.0,4-acetamido-TEMPO,5,Et4NOAc,0.1,1.0,1.5,MeCN:EtOAc=6:4,10.0,PENDING,PENDING,PENDING,0.0,53.94935567389649,14.154213080580755,1.382950074978797,65.8941286167589,6.30855701176787,0.8563042833400374,1.8237547424707223,0.373860793517073,3.3537547424707226
1.0,4-acetamido-TEMPO,5,Et4NOAc,0.1,1.0,1.5,MeCN:EtOAc=5:5,10.0,PENDING,PENDING,PENDING,0.0,54.25186226323105,14.173384890314997,1.4434203952079696,66.4734229675129,6.323306930606372,1.0041950101279604,1.8152815269242188,0.37431567119091486,3.345281526924219
1.0,4-acetamido-TEMPO,5,Et4NOAc,0.1,1.0,1.5,MeCN:EtOAc=4:6,10.0,PENDING,PENDING,PENDING,0.0,53.74844473531935,14.15287362329017,1.3467907969457555,65.25887608841326,6.3084728666335375,0.7180109802768309,1.814952414620988,0.37381847869673,3.3449524146209884
1.0,4-acetamido-TEMPO,5,Et4NOAc,0.1,1.0,1.5,MeCN:EtOAc=3:7,10.0,PENDING,PENDING,PENDING,0.0,52.655264923344156,14.20648008251934,1.1775626694748702,65.09838029663538,6.332903932494957,0.6927613196369495,1.875260036652433,0.3764954645690653,3.4052600366524333
1.0,4-acetamido-TEMPO,5,Et4NOAc,0.1,1.0,1.5,MeCN:EtOAc=2:8,10.0,PENDING,PENDING,PENDING,0.0,53.77257720155926,14.149346327722066,1.3501374749830668,65.63720539459179,6.306986825657023,0.797644810838257,1.8228992982816734,0.37372661109684474,3.3528992982816734
1.0,4-acetamido-TEMPO,5,Et4NOAc,0.1,1.0,1.0,MeCN:EtOAc=7:3,10.0,PENDING,PENDING,PENDING,0.0,53.80600705457292,14.286824835893167,1.3919468054858597,65.63618880421049,6.367221732276714,0.8153202793545171,1.8231415627053384,0.377349385176599,3.3531415627053383
1.0,4-acetamido-TEMPO,5,Et4NOAc,0.1,1.0,1.0,MeCN:EtOAc=6:4,10.0,PENDING,PENDING,PENDING,0.0,53.954825589673305,14.182526582020955,1.3913765143661982,65.89198403857716,6.320984803068046,0.8596044753951682,1.823797514399655,0.374607089724001,3.353797514399655
1.0,4-acetamido-TEMPO,5,Et4NOAc,0.1,1.0,1.0,MeCN:EtOAc=5:5,10.0,PENDING,PENDING,PENDING,0.0,54.2551256998939,14.201353914704512,1.4515283124047298,66.4671408260768,6.335486116290096,1.0065154411544954,1.815387423190311,0.37505366410407864,3.345387423190311
1.0,4-acetamido-TEMPO,5,Et4NOAc,0.1,1.0,1.0,MeCN:EtOAc=4:6,10.0,PENDING,PENDING,PENDING,0.0,53.755633376681736,14.181178116760007,1.3554015751467725,65.26150518520154,6.32090095741796,0.7220595466923978,1.8150571501066397,0.3745646956172693,3.3450571501066397
1.0,4-acetamido-TEMPO,5,Et4NOAc,0.1,1.0,1.0,MeCN:EtOAc=3:7,10.0,PENDING,PENDING,PENDING,0.0,52.67012995596551,14.233962106847624,1.1865586208660774,65.10209105963416,6.344926690986352,0.6968298031944447,1.8749332333948456,0.37719906017287863,3.4049332333948454
1.0,4-acetamido-TEMPO,5,Et4NOAc,0.1,1.0,1.0,MeCN:EtOAc=2:8,10.0,PENDING,PENDING,PENDING,0.0,53.77946204446161,14.177659218873899,1.3587093306287064,65.63700168807154,6.319389771045776,0.8012777459977793,1.8229488234055022,0.3744727126823772,3.3529488234055025
1.0,4-acetamido-TEMPO,5,Et4NOAc,0.05,1.0,2.0,MeCN:EtOAc=7:3,10.0,PENDING,PENDING,PENDING,0.0,53.82878862925082,14.30860268631009,1.4017659350149705,65.54236217959112,6.378454001620929,0.7979630761291383,1.819627148590564,0.37799691154595577,3.3496271485905638
1.0,4-acetamido-TEMPO,5,Et4NOAc,0.05,1.0,2.0,MeCN:EtOAc=6:4,10.0,PENDING,PENDING,PENDING,0.0,53.97719495578692,14.203559461603405,1.4009665606831088,65.79582655617573,6.332168397109794,0.8408066939525511,1.820229518065278,0.3752265033070786,3.3502295180652784
1.0,4-acetamido-TEMPO,5,Et4NOAc,0.05,1.0,2.0,MeCN:EtOAc=5:5,10.0,PENDING,PENDING,PENDING,0.0,54.276656042166024,14.230290613720907,1.463333633175771,66.36103026388946,6.352099081988501,0.9843377753473692,1.8117466600212775,0.3758797745468109,3.3417466600212773
1.0,4-acetamido-TEMPO,5,Et4NOAc,0.05,1.0,2.0,MeCN:EtOAc=4:6,10.0,PENDING,PENDING,PENDING,0.0,53.77909922920015,14.202902845759423,1.3652126252936987,65.16945176575433,6.331897836902632,0.7065806803788559,1.8115460154326009,0.37520353231218195,3.341546015432601
1.0,4-acetamido-TEMPO,5,Et4NOAc,0.05,1.0,2.0,MeCN:EtOAc=3:7,10.0,PENDING,PENDING,PENDING,0.0,52.698442600462904,14.252563233274536,1.1955734668011462,65.01203401617715,6.3554669656832905,0.6821188996711616,1.871258648667345,0.37775153578599313,3.401258648667345
1.0,4-acetamido-TEMPO,5,Et4NOAc,0.05,1.0,2.0,MeCN:EtOAc=2:8,10.0,PENDING,PENDING,PENDING,0.0,53.80305058687248,14.200688209929952,1.3688987289996204,65.54046030861734,6.331244908336008,0.7836584640954005,1.8193312892131144,0.37515713980817605,3.349331289213114
1.0,4-acetamido-TEMPO,5,Et4NOAc,0.05,1.0,1.5,MeCN:EtOAc=7:3,10.0,PENDING,PENDING,PENDING,0.0,53.8224960508512,14.282212834422804,1.3937023386029757,65.54189649980202,6.366907876482784,0.7944580123150895,1.8195543643480092,0.3773024681596231,3.349554364348009
1.0,4-acetamido-TEMPO,5,Et4NOAc,0.05,1.0,1.5,MeCN:EtOAc=6:4,10.0,PENDING,PENDING,PENDING,0.0,53.97191935045378,14.175540442170533,1.392628635985389,65.79727792041031,6.319893332535662,0.8374240099566679,1.8201608084867467,0.3744888028834994,3.3501608084867467
1.0,4-acetamido-TEMPO,5,Et4NOAc,0.05,1.0,1.5,MeCN:EtOAc=5:5,10.0,PENDING,PENDING,PENDING,0.0,54.27357825258412,14.20274805104733,1.455349861618993,66.36651781962243,6.340160676437078,0.9818982506704199,1.8116140817874193,0.3751537941341588,3.3416140817874194
1.0,4-acetamido-TEMPO,5,Et4NOAc,0.05,1.0,1.5,MeCN:EtOAc=4:6,10.0,PENDING,PENDING,PENDING,0.0,53.77211877172889,14.174905307487021,1.3566917993609398,65.16617359648224,6.319619755888248,0.7024926496402428,1.8114159068388156,0.3744662539417851,3.3414159068388156
1.0,4-acetamido-TEMPO,5,Et4NOAc,0.05,1.0,1.5,MeCN:EtOAc=3:7,10.0,PENDING,PENDING,PENDING,0.0,52.68383330722007,14.225334362821124,1.1866456406836994,65.00769340015454,6.343585444337599,0.6780168431664773,1.8715584373828045,0.37705537777582976,3.4015584373828043
1.0,4-acetamido-TEMPO,5,Et4NOAc,0.05,1.0,1.5,MeCN:EtOAc=2:8,10.0,PENDING,PENDING,PENDING,0.0,53.79637394151173,14.17270275229361,1.3604217982044422,65.53996815909788,6.319004706216609,0.7799612177657906,1.819255318332746,0.37442069186874377,3.3492553183327463
1.0,4-acetamido-TEMPO,5,Et4NOAc,0.05,1.0,1.0,MeCN:EtOAc=7:3,10.0,PENDING,PENDING,PENDING,0.0,53.82878862925083,14.30860268631009,1.4017659350149723,65.54236217959112,6.378454001620929,0.7979630761291383,1.819627148590564,0.37799691154595577,3.3496271485905638
1.0,4-acetamido-TEMPO,5,Et4NOAc,0.05,1.0,1.0,MeCN:EtOAc=6:4,10.0,PENDING,PENDING,PENDING,0.0,53.97719495578692,14.203559461603405,1.4009665606831088,65.79582655617573,6.332168397109794,0.8408066939525511,1.820229518065278,0.3752265033070786,3.3502295180652784
1.0,4-acetamido-TEMPO,5,Et4NOAc,0.05,1.0,1.0,MeCN:EtOAc=5:5,10.0,PENDING,PENDING,PENDING,0.0,54.27665604216602,14.230290613720907,1.4633336331757687,66.36103026388945,6.3520990819885,0.9843377753473657,1.8117466600212777,0.3758797745468109,3.3417466600212777
1.0,4-acetamido-TEMPO,5,Et4NOAc,0.05,1.0,1.0,MeCN:EtOAc=4:6,10.0,PENDING,PENDING,PENDING,0.0,53.77909922920015,14.202902845759422,1.3652126252936982,65.16945176575433,6.331897836902631,0.7065806803788559,1.8115460154326009,0.37520353231218195,3.341546015432601
1.0,4-acetamido-TEMPO,5,Et4NOAc,0.05,1.0,1.0,MeCN:EtOAc=3:7,10.0,PENDING,PENDING,PENDING,0.0,52.69844260046291,14.252563233274536,1.195573466801147,65.01203401617714,6.3554669656832905,0.6821188996711589,1.871258648667345,0.37775153578599313,3.401258648667345
1.0,4-acetamido-TEMPO,5,Et4NOAc,0.05,1.0,1.0,MeCN:EtOAc=2:8,10.0,PENDING,PENDING,PENDING,0.0,53.803050586872466,14.200688209929954,1.3688987289996177,65.54046030861734,6.331244908336008,0.7836584640954005,1.8193312892131142,0.37515713980817605,3.349331289213114
1.0,4-acetamido-TEMPO,5,Et4NClO4,0.2,1.0,2.0,MeCN:EtOAc=7:3,10.0,PENDING,PENDING,PENDING,0.0,53.00497553202093,14.356735634217634,1.271206805158223,65.303102351502,6.404626116690343,0.754496062294816,1.8730053981240826,0.3804605260604502,3.4030053981240824
1.0,4-acetamido-TEMPO,5,Et4NClO4,0.2,1.0,2.0,MeCN:EtOAc=6:4,10.0,PENDING,PENDING,PENDING,0.0,53.134041932712925,14.277843050665872,1.27302530248621,65.53397550996556,6.372322426332105,0.7943261115949116,1.8742928765306972,0.37850010612470164,3.4042928765306972
1.0,4-acetamido-TEMPO,5,Et4NClO4,0.2,1.0,2.0,MeCN:EtOAc=5:5,10.0,PENDING,PENDING,PENDING,0.0,53.428986682067915,14.264748828080947,1.3198470802583353,66.12368818946211,6.368905427512095,0.9299723928971906,1.8665734363258555,0.37815291390298017,3.3965734363258555
1.0,4-acetamido-TEMPO,5,Et4NClO4,0.2,1.0,2.0,MeCN:EtOAc=4:6,10.0,PENDING,PENDING,PENDING,0.0,52.962392990681366,14.280719980459134,1.2452469399252895,64.95631956699435,6.374110729550462,0.6764710121478561,1.8656970167062599,0.37857067556493607,3.3956970167062597
1.0,4-acetamido-TEMPO,5,Et4NClO4,0.2,1.0,2.0,MeCN:EtOAc=3:7,10.0,PENDING,PENDING,PENDING,0.0,51.83640775593284,14.233189385556251,1.05984463513935,64.75513502588618,6.347266227236289,0.6315352219091366,1.9262977564319324,0.3762663897207859,3.4562977564319324
1.0,4-acetamido-TEMPO,5,Et4NClO4,0.2,1.0,2.0,MeCN:EtOAc=2:8,10.0,PENDING,PENDING,PENDING,0.0,52.955649574453304,14.252006782924424,1.2370332359168468,65.29408145960369,6.359135546145397,0.7396047493476154,1.8742577167426062,0.3777838184591613,3.404257716742606
1.0,4-acetamido-TEMPO,5,Et4NClO4,0.2,1.0,1.5,MeCN:EtOAc=7:3,10.0,PENDING,PENDING,PENDING,0.0,52.992872590411196,14.331117668442381,1.2628046851049053,65.30088446563651,6.393496585623709,0.7508417609137121,1.8733138756874554,0.3798056017852966,3.4033138756874557
1.0,4-acetamido-TEMPO,5,Et4NClO4,0.2,1.0,1.5,MeCN:EtOAc=6:4,10.0,PENDING,PENDING,PENDING,0.0,53.12275959594146,14.251056966797275,1.264434051780475,65.53343602970399,6.360707621501032,0.7907905575323044,1.874612276971671,0.37781629910815245,3.404612276971671
1.0,4-acetamido-TEMPO,5,Et4NClO4,0.2,1.0,1.5,MeCN:EtOAc=5:5,10.0,PENDING,PENDING,PENDING,0.0,53.41985654360277,14.23775482059383,1.3113881060110932,66.12744219288444,6.357233522426418,0.9272190636046411,1.866836964699504,0.37746379632179816,3.396836964699504
1.0,4-acetamido-TEMPO,5,Et4NClO4,0.2,1.0,1.5,MeCN:EtOAc=4:6,10.0,PENDING,PENDING,PENDING,0.0,52.94969701309385,14.254010612606216,1.236552874089794,64.95156480492676,6.3625260490302145,0.6723955128284202,1.8659556393715389,0.3778886886637988,3.3959556393715387
1.0,4-acetamido-TEMPO,5,Et4NClO4,0.2,1.0,1.5,MeCN:EtOAc=3:7,10.0,PENDING,PENDING,PENDING,0.0,51.815582452998754,14.205594006599986,1.0505579272779002,64.7488576260903,6.335227034433661,0.627205689806009,1.9269965772630755,0.375543918607777,3.4569965772630757
1.0,4-acetamido-TEMPO,5,Et4NClO4,0.2,1.0,1.5,MeCN:EtOAc=2:8,10.0,PENDING,PENDING,PENDING,0.0,52.94292891422471,14.224860096840708,1.228250790162431,65.29176272776782,6.347347483166329,0.7357654272805596,1.8745786107746658,0.3770902900324288,3.404578610774666
1.0,4-acetamido-TEMPO,5,Et4NClO4,0.2,1.0,1.0,MeCN:EtOAc=7:3,10.0,PENDING,PENDING,PENDING,0.0,53.00497553202092,14.356735634217634,1.2712068051582226,65.303102351502,6.404626116690343,0.754496062294816,1.8730053981240826,0.3804605260604502,3.4030053981240824
1.0,4-acetamido-TEMPO,5,Et4NClO4,0.2,1.0,1.0,MeCN:EtOAc=6:4,10.0,PENDING,PENDING,PENDING,0.0,53.134041932712925,14.277843050665872,1.27302530248621,65.53397550996556,6.372322426332105,0.7943261115949116,1.8742928765306972,0.37850010612470164,3.4042928765306972
1.0,4-acetamido-TEMPO,5,Et4NClO4,0.2,1.0,1.0,MeCN:EtOAc=5:5,10.0,PENDING,PENDING,PENDING,0.0,53.428986682067915,14.264748828080947,1.3198470802583353,66.12368818946211,6.368905427512095,0.9299723928971906,1.8665734363258555,0.37815291390298017,3.3965734363258555
1.0,4-acetamido-TEMPO,5,Et4NClO4,0.2,1.0,1.0,MeCN:EtOAc=4:6,10.0,PENDING,PENDING,PENDING,0.0,52.96239299068137,14.280719980459134,1.2452469399252895,64.95631956699435,6.374110729550462,0.6764710121478561,1.8656970167062599,0.37857067556493607,3.3956970167062597
1.0,4-acetamido-TEMPO,5,Et4NClO4,0.2,1.0,1.0,MeCN:EtOAc=3:7,10.0,PENDING,PENDING,PENDING,0.0,51.83640775593284,14.233189385556251,1.05984463513935,64.75513502588618,6.347266227236289,0.6315352219091366,1.9262977564319324,0.3762663897207859,3.4562977564319324
1.0,4-acetamido-TEMPO,5,Et4NClO4,0.2,1.0,1.0,MeCN:EtOAc=2:8,10.0,PENDING,PENDING,PENDING,0.0,52.955649574453304,14.252006782924424,1.2370332359168468,65.29408145960369,6.3591355461453976,0.7396047493476154,1.8742577167426062,0.3777838184591613,3.404257716742606
1.0,4-acetamido-TEMPO,5,Et4NClO4,0.1,1.0,2.0,MeCN:EtOAc=7:3,10.0,PENDING,PENDING,PENDING,0.0,53.009761833599356,14.314604840294933,1.2614931554627975,65.10548328131637,6.381373398733111,0.7076506382714765,1.866887210789549,0.37922828379771906,3.396887210789549
1.0,4-acetamido-TEMPO,5,Et4NClO4,0.1,1.0,2.0,MeCN:EtOAc=6:4,10.0,PENDING,PENDING,PENDING,0.0,53.1416030424851,14.229822527283273,1.2622689233698736,65.33991887929625,6.346585443245593,0.7455171203960602,1.8681083537501288,0.37709062519784925,3.398108353750129
1.0,4-acetamido-TEMPO,5,Et4NClO4,0.1,1.0,2.0,MeCN:EtOAc=5:5,10.0,PENDING,PENDING,PENDING,0.0,53.443686128991274,14.233622590785652,1.3144342946246805,65.92925319545878,6.355300597864337,0.8788772389631563,1.8599843421824298,0.37715968494997903,3.38998434218243
1.0,4-acetamido-TEMPO,5,Et4NClO4,0.1,1.0,2.0,MeCN:EtOAc=4:6,10.0,PENDING,PENDING,PENDING,0.0,52.96601720723678,14.233956856070966,1.2342714947183935,64.74989051465937,6.34788564717728,0.630741527416796,1.8593514035428325,0.3771930679917634,3.3893514035428325
1.0,4-acetamido-TEMPO,5,Et4NClO4,0.1,1.0,2.0,MeCN:EtOAc=3:7,10.0,PENDING,PENDING,PENDING,0.0,51.81742059491734,14.177747329509598,1.0445072903476853,64.54629892339315,6.319059586675634,0.5870464630286982,1.9215857409940833,0.3745982928416475,3.4515857409940836
1.0,4-acetamido-TEMPO,5,Et4NClO4,0.1,1.0,2.0,MeCN:EtOAc=2:8,10.0,PENDING,PENDING,PENDING,0.0,52.95987429734968,14.207396489072872,1.2267119580564936,65.09057978592152,6.334456935456759,0.6916573769147065,1.8679698499853679,0.37647880694105834,3.397969849985368
1.0,4-acetamido-TEMPO,5,Et4NClO4,0.1,1.0,1.5,MeCN:EtOAc=7:3,10.0,PENDING,PENDING,PENDING,0.0,52.99752424790244,14.288384248306523,1.2529422294804489,65.1018175301635,6.36989761791474,0.703722540983035,1.867153861509985,0.3785556712297104,3.397153861509985
1.0,4-acetamido-TEMPO,5,Et4NClO4,0.1,1.0,1.5,MeCN:EtOAc=6:4,10.0,PENDING,PENDING,PENDING,0.0,53.13021022169944,14.202328947344121,1.2535082740028574,65.33796865670736,6.334579271693717,0.741672715019047,1.8683853186975488,0.3763860263201434,3.3983853186975486
1.0,4-acetamido-TEMPO,5,Et4NClO4,0.1,1.0,1.5,MeCN:EtOAc=5:5,10.0,PENDING,PENDING,PENDING,0.0,53.43451970915228,14.20620809933601,1.3058712070436966,65.93159247667373,6.343439096771494,0.87577658414037,1.8602012595760902,0.3764566906527616,3.39020125957609
1.0,4-acetamido-TEMPO,5,Et4NClO4,0.1,1.0,1.5,MeCN:EtOAc=4:6,10.0,PENDING,PENDING,PENDING,0.0,52.95316384489798,14.206564171144482,1.2254117830936653,64.74359642476551,6.335902097417496,0.6264270107910745,1.8595660016867803,0.376490883785163,3.3895660016867803
1.0,4-acetamido-TEMPO,5,Et4NClO4,0.1,1.0,1.5,MeCN:EtOAc=3:7,10.0,PENDING,PENDING,PENDING,0.0,51.79620599196915,14.149306418554774,1.0350365779239628,64.53845384741534,6.306581769780808,0.5825030240154316,1.9222573409471584,0.37385011986854655,3.4522573409471584
1.0,4-acetamido-TEMPO,5,Et4NClO4,0.1,1.0,1.5,MeCN:EtOAc=2:8,10.0,PENDING,PENDING,PENDING,0.0,52.94700332078255,14.179600207105045,1.2177723672846774,65.08675167176703,6.3222947741439235,0.6875398529178738,1.8682473188274162,0.3757662181198383,3.3982473188274165
1.0,4-acetamido-TEMPO,5,Et4NClO4,0.1,1.0,1.0,MeCN:EtOAc=7:3,10.0,PENDING,PENDING,PENDING,0.0,53.00976183359936,14.314604840294933,1.2614931554627975,65.10548328131637,6.381373398733111,0.7076506382714765,1.866887210789549,0.37922828379771906,3.396887210789549
1.0,4-acetamido-TEMPO,5,Et4NClO4,0.1,1.0,1.0,MeCN:EtOAc=6:4,10.0,PENDING,PENDING,PENDING,0.0,53.1416030424851,14.229822527283273,1.2622689233698736,65.33991887929625,6.346585443245593,0.7455171203960602,1.8681083537501288,0.37709062519784925,3.398108353750129
1.0,4-acetamido-TEMPO,5,Et4NClO4,0.1,1.0,1.0,MeCN:EtOAc=5:5,10.0,PENDING,PENDING,PENDING,0.0,53.443686128991274,14.233622590785652,1.3144342946246805,65.92925319545878,6.355300597864337,0.8788772389631563,1.8599843421824298,0.37715968494997903,3.38998434218243
1.0,4-acetamido-TEMPO,5,Et4NClO4,0.1,1.0,1.0,MeCN:EtOAc=4:6,10.0,PENDING,PENDING,PENDING,0.0,52.96601720723678,14.233956856070966,1.2342714947183935,64.74989051465937,6.34788564717728,0.630741527416796,1.8593514035428325,0.3771930679917634,3.3893514035428325
1.0,4-acetamido-TEMPO,5,Et4NClO4,0.1,1.0,1.0,MeCN:EtOAc=3:7,10.0,PENDING,PENDING,PENDING,0.0,51.81742059491734,14.177747329509598,1.0445072903476853,64.54629892339315,6.319059586675634,0.5870464630286982,1.9215857409940833,0.3745982928416475,3.4515857409940836
1.0,4-acetamido-TEMPO,5,Et4NClO4,0.1,1.0,1.0,MeCN:EtOAc=2:8,10.0,PENDING,PENDING,PENDING,0.0,52.959874297349685,14.20739648907287,1.226711958056495,65.09057978592152,6.334456935456759,0.6916573769147065,1.867969849985368,0.37647880694105834,3.397969849985368
1.0,4-acetamido-TEMPO,5,Et4NClO4,0.05,1.0,2.0,MeCN:EtOAc=7:3,10.0,PENDING,PENDING,PENDING,0.0,53.03611052899768,14.33718444810645,1.2715111112326594,65.01660313847256,6.392290045607434,0.6931519831004231,1.8632959418534218,0.37985377308577195,3.393295941853422
1.0,4-acetamido-TEMPO,5,Et4NClO4,0.05,1.0,2.0,MeCN:EtOAc=6:4,10.0,PENDING,PENDING,PENDING,0.0,53.16765092371397,14.251663263275363,1.2720931914964755,65.24890578604136,6.357373013194995,0.7298220461699312,1.8644623708952035,0.37768906076012027,3.3944623708952033
1.0,4-acetamido-TEMPO,5,Et4NClO4,0.05,1.0,2.0,MeCN:EtOAc=5:5,10.0,PENDING,PENDING,PENDING,0.0,53.468868874251385,14.263190472369491,1.3263416907892736,65.8283725156387,6.371293436887117,0.8601872766338685,1.8562707013893538,0.3779473408051986,3.386270701389354
1.0,4-acetamido-TEMPO,5,Et4NClO4,0.05,1.0,2.0,MeCN:EtOAc=4:6,10.0,PENDING,PENDING,PENDING,0.0,52.99299118109055,14.256277003516184,1.2442253625137774,64.66263925616545,6.3584116065365,0.6177284064773374,1.8557618996324354,0.37780379627371713,3.3857618996324357
1.0,4-acetamido-TEMPO,5,Et4NClO4,0.05,1.0,2.0,MeCN:EtOAc=3:7,10.0,PENDING,PENDING,PENDING,0.0,51.849701387109505,14.197974604297865,1.0537517853748914,64.46137019656233,6.329780344124384,0.5752062679447034,1.917804675488088,0.3751811035955072,3.447804675488088
1.0,4-acetamido-TEMPO,5,Et4NClO4,0.05,1.0,2.0,MeCN:EtOAc=2:8,10.0,PENDING,PENDING,PENDING,0.0,52.98717775323508,14.231277300206326,1.2370787180001304,64.9991898331954,6.345974741867316,0.6770292535966378,1.864272337091309,0.3771394815945751,3.394272337091309
1.0,4-acetamido-TEMPO,5,Et4NClO4,0.05,1.0,1.5,MeCN:EtOAc=7:3,10.0,PENDING,PENDING,PENDING,0.0,53.024107064689034,14.311280310428147,1.2630463272914492,65.0123189540427,6.380960648300046,0.6891902188702377,1.863536439604256,0.37918972402351425,3.393536439604256
1.0,4-acetamido-TEMPO,5,Et4NClO4,0.05,1.0,1.5,MeCN:EtOAc=6:4,10.0,PENDING,PENDING,PENDING,0.0,53.15649020869453,14.224475981056868,1.263416446032644,65.24631544746775,6.345512333867338,0.7259318781260236,1.864712618011028,0.37699264513793385,3.3947126180110283
1.0,4-acetamido-TEMPO,5,Et4NClO4,0.05,1.0,1.5,MeCN:EtOAc=5:5,10.0,PENDING,PENDING,PENDING,0.0,53.45992549354603,14.23621091154067,1.3178947985361256,65.82997142318219,6.3596612046594245,0.857012172619465,1.856460228966279,0.3772556031181245,3.3864602289662793
1.0,4-acetamido-TEMPO,5,Et4NClO4,0.05,1.0,1.5,MeCN:EtOAc=4:6,10.0,PENDING,PENDING,PENDING,0.0,52.98038113018698,14.22919865105686,1.2354496372929349,64.65574403119867,6.346569318813135,0.6133988595456359,1.8559503423937784,0.37710999093446496,3.3859503423937785
1.0,4-acetamido-TEMPO,5,Et4NClO4,0.05,1.0,1.5,MeCN:EtOAc=3:7,10.0,PENDING,PENDING,PENDING,0.0,51.82878478294579,14.169817426844864,1.0443439408590298,64.45294817760141,6.317449310792472,0.5706614383051016,1.9184480578111496,0.37444108694344247,3.4484480578111496
1.0,4-acetamido-TEMPO,5,Et4NClO4,0.05,1.0,1.5,MeCN:EtOAc=2:8,10.0,PENDING,PENDING,PENDING,0.0,52.974553268820266,14.203821551296246,1.2282280826587662,64.99471896492318,6.333969587950585,0.67288165146337,1.8645225515345942,0.3764360896487726,3.3945225515345943
1.0,4-acetamido-TEMPO,5,Et4NClO4,0.05,1.0,1.0,MeCN:EtOAc=7:3,10.0,PENDING,PENDING,PENDING,0.0,53.03611052899769,14.33718444810645,1.2715111112326594,65.01660313847256,6.392290045607434,0.6931519831004231,1.863295941853422,0.37985377308577195,3.393295941853422
1.0,4-acetamido-TEMPO,5,Et4NClO4,0.05,1.0,1.0,MeCN:EtOAc=6:4,10.0,PENDING,PENDING,PENDING,0.0,53.16765092371398,14.251663263275363,1.2720931914964768,65.24890578604136,6.357373013194995,0.7298220461699312,1.8644623708952035,0.37768906076012027,3.3944623708952033
1.0,4-acetamido-TEMPO,5,Et4NClO4,0.05,1.0,1.0,MeCN:EtOAc=5:5,10.0,PENDING,PENDING,PENDING,0.0,53.468868874251385,14.263190472369491,1.3263416907892736,65.8283725156387,6.371293436887117,0.8601872766338685,1.8562707013893536,0.3779473408051986,3.3862707013893534
1.0,4-acetamido-TEMPO,5,Et4NClO4,0.05,1.0,1.0,MeCN:EtOAc=4:6,10.0,PENDING,PENDING,PENDING,0.0,52.99299118109055,14.256277003516184,1.2442253625137774,64.66263925616545,6.3584116065365,0.6177284064773374,1.8557618996324354,0.37780379627371713,3.3857618996324357
1.0,4-acetamido-TEMPO,5,Et4NClO4,0.05,1.0,1.0,MeCN:EtOAc=3:7,10.0,PENDING,PENDING,PENDING,0.0,51.8497013871095,14.197974604297865,1.0537517853748906,64.46137019656233,6.329780344124384,0.5752062679447034,1.9178046754880878,0.3751811035955072,3.4478046754880878
1.0,4-acetamido-TEMPO,5,Et4NClO4,0.05,1.0,1.0,MeCN:EtOAc=2:8,10.0,PENDING,PENDING,PENDING,0.0,52.98717775323507,14.231277300206326,1.23707871800013,64.9991898331954,6.345974741867316,0.6770292535966378,1.864272337091309,0.3771394815945751,3.394272337091309
1.0,4-acetamido-TEMPO,5,Et4NBF4,0.2,1.0,2.0,MeCN:EtOAc=7:3,10.0,PENDING,PENDING,PENDING,0.0,54.08975894543717,14.313271980059,1.450743839075674,65.82597323808048,6.383763003406967,0.8634344733388088,1.8226636512211933,0.3781215353536247,3.352663651221193
1.0,4-acetamido-TEMPO,5,Et4NBF4,0.2,1.0,2.0,MeCN:EtOAc=6:4,10.0,PENDING,PENDING,PENDING,0.0,54.23930269244857,14.221659984242434,1.454025163057672,66.07056554272245,6.343005845000002,0.908869189092129,1.8232957466250983,0.37570027740722606,3.3532957466250983
1.0,4-acetamido-TEMPO,5,Et4NBF4,0.2,1.0,2.0,MeCN:EtOAc=5:5,10.0,PENDING,PENDING,PENDING,0.0,54.53955026144373,14.20632576965384,1.5067364929702398,66.66709492512125,6.335566236693574,1.0600065528258782,1.8152055663228785,0.37527477927717035,3.3452055663228784
1.0,4-acetamido-TEMPO,5,Et4NBF4,0.2,1.0,2.0,MeCN:EtOAc=4:6,10.0,PENDING,PENDING,PENDING,0.0,54.058386578387925,14.223899007716403,1.4211557769286092,65.46825183687369,6.3437466786886,0.7717695992312927,1.8143205534804856,0.37575166752913125,3.3443205534804856
1.0,4-acetamido-TEMPO,5,Et4NBF4,0.2,1.0,2.0,MeCN:EtOAc=3:7,10.0,PENDING,PENDING,PENDING,0.0,52.955649574453304,14.252006782924425,1.2370332359168454,65.29408145960369,6.3591355461453976,0.7396047493476154,1.874257716742606,0.37778381845916126,3.404257716742606
1.0,4-acetamido-TEMPO,5,Et4NBF4,0.2,1.0,2.0,MeCN:EtOAc=2:8,10.0,PENDING,PENDING,PENDING,0.0,54.071855997852744,14.206074940460963,1.4188942489533636,65.83234562148075,6.33705960759779,0.8506805148690457,1.822454856458579,0.3753001226710263,3.352454856458579
1.0,4-acetamido-TEMPO,5,Et4NBF4,0.2,1.0,1.5,MeCN:EtOAc=7:3,10.0,PENDING,PENDING,PENDING,0.0,54.08539440717627,14.287053565553993,1.442934140932246,65.82754496159494,6.372338543944179,0.86031418439211,1.8226123139573571,0.3774314809489855,3.352612313957357
1.0,4-acetamido-TEMPO,5,Et4NBF4,0.2,1.0,1.5,MeCN:EtOAc=6:4,10.0,PENDING,PENDING,PENDING,0.0,54.235966390662036,14.194053200217898,1.4459995323568893,66.07395809425685,6.330950309493357,0.9059236516623415,1.8232487655125695,0.37497316595661756,3.3532487655125696
1.0,4-acetamido-TEMPO,5,Et4NBF4,0.2,1.0,1.5,MeCN:EtOAc=5:5,10.0,PENDING,PENDING,PENDING,0.0,54.53842050169366,14.178469686024476,1.4989145480481074,66.67485243439538,6.323384882277389,1.0580742573624509,1.8150988679431217,0.37454091349325536,3.345098867943122
1.0,4-acetamido-TEMPO,5,Et4NBF4,0.2,1.0,1.5,MeCN:EtOAc=4:6,10.0,PENDING,PENDING,PENDING,0.0,54.053529613132845,14.196361424944744,1.4129649475540802,65.46717213093807,6.331704326636425,0.7680337529845052,1.8142090507401267,0.37502623081120606,3.344209050740127
1.0,4-acetamido-TEMPO,5,Et4NBF4,0.2,1.0,1.5,MeCN:EtOAc=3:7,10.0,PENDING,PENDING,PENDING,0.0,52.94292891422469,14.224860096840706,1.228250790162428,65.29176272776782,6.347347483166329,0.7357654272805596,1.8745786107746656,0.3770902900324288,3.4045786107746654
1.0,4-acetamido-TEMPO,5,Et4NBF4,0.2,1.0,1.5,MeCN:EtOAc=2:8,10.0,PENDING,PENDING,PENDING,0.0,54.067190386101416,14.17828263344285,1.410672381863872,65.83397496420844,6.324954086634944,0.8473756582850855,1.8224011934679625,0.37456861398864066,3.3524011934679625
1.0,4-acetamido-TEMPO,5,Et4NBF4,0.2,1.0,1.0,MeCN:EtOAc=7:3,10.0,PENDING,PENDING,PENDING,0.0,54.08975894543717,14.313271980059,1.450743839075674,65.82597323808048,6.383763003406967,0.8634344733388088,1.8226636512211933,0.3781215353536247,3.352663651221193
1.0,4-acetamido-TEMPO,5,Et4NBF4,0.2,1.0,1.0,MeCN:EtOAc=6:4,10.0,PENDING,PENDING,PENDING,0.0,54.23930269244857,14.221659984242434,1.454025163057672,66.07056554272245,6.343005845000003,0.9088691890921292,1.8232957466250983,0.37570027740722606,3.3532957466250983
1.0,4-acetamido-TEMPO,5,Et4NBF4,0.2,1.0,1.0,MeCN:EtOAc=5:5,10.0,PENDING,PENDING,PENDING,0.0,54.53955026144372,14.20632576965384,1.5067364929702394,66.66709492512126,6.335566236693573,1.0600065528258813,1.8152055663228785,0.37527477927717035,3.3452055663228784
1.0,4-acetamido-TEMPO,5,Et4NBF4,0.2,1.0,1.0,MeCN:EtOAc=4:6,10.0,PENDING,PENDING,PENDING,0.0,54.05838657838793,14.223899007716403,1.4211557769286118,65.46825183687369,6.3437466786886,0.7717695992312927,1.8143205534804856,0.37575166752913125,3.3443205534804856
1.0,4-acetamido-TEMPO,5,Et4NBF4,0.2,1.0,1.0,MeCN:EtOAc=3:7,10.0,PENDING,PENDING,PENDING,0.0,52.955649574453304,14.252006782924424,1.2370332359168468,65.29408145960369,6.3591355461453976,0.7396047493476154,1.874257716742606,0.37778381845916126,3.404257716742606
1.0,4-acetamido-TEMPO,5,Et4NBF4,0.2,1.0,1.0,MeCN:EtOAc=2:8,10.0,PENDING,PENDING,PENDING,0.0,54.07185599785274,14.206074940460962,1.4188942489533618,65.83234562148074,6.33705960759779,0.8506805148690424,1.8224548564585792,0.3753001226710263,3.3524548564585794
1.0,4-acetamido-TEMPO,5,Et4NBF4,0.1,1.0,2.0,MeCN:EtOAc=7:3,10.0,PENDING,PENDING,PENDING,0.0,54.116764341990965,14.27921658600564,1.446648175759207,65.63307208990635,6.3623930519078655,0.8131890966111053,1.8150032018802782,0.3770833326583328,3.345003201880278
1.0,4-acetamido-TEMPO,5,Et4NBF4,0.1,1.0,2.0,MeCN:EtOAc=6:4,10.0,PENDING,PENDING,PENDING,0.0,54.26967392980747,14.1812431658785,1.4488461307678486,65.88158487356507,6.318677185810699,0.8564792169886581,1.8155398174334758,0.37445566752629394,3.345539817433476
1.0,4-acetamido-TEMPO,5,Et4NBF4,0.1,1.0,2.0,MeCN:EtOAc=5:5,10.0,PENDING,PENDING,PENDING,0.0,54.57726951734113,14.184216356285361,1.5079459365271632,66.47720059396461,6.3242860769888525,1.0055046872232065,1.8070110004084603,0.374512099335402,3.3370110004084603
1.0,4-acetamido-TEMPO,5,Et4NBF4,0.1,1.0,2.0,MeCN:EtOAc=4:6,10.0,PENDING,PENDING,PENDING,0.0,54.084524508710246,14.18475585780331,1.4155589576683134,65.26613420671272,6.3188107898109385,0.7224108116160384,1.8063942743144192,0.3745410805465727,3.3363942743144195
1.0,4-acetamido-TEMPO,5,Et4NBF4,0.1,1.0,2.0,MeCN:EtOAc=3:7,10.0,PENDING,PENDING,PENDING,0.0,52.959874297349685,14.20739648907287,1.226711958056495,65.09057978592152,6.334456935456759,0.6916573769147065,1.8679698499853679,0.3764788069410583,3.397969849985368
1.0,4-acetamido-TEMPO,5,Et4NBF4,0.1,1.0,2.0,MeCN:EtOAc=2:8,10.0,PENDING,PENDING,PENDING,0.0,54.09921441977818,14.170104479308904,1.4143629265205724,65.63376250229999,6.3143854066139165,0.7990789563609475,1.8145606713999096,0.3742017987419284,3.3445606713999094
1.0,4-acetamido-TEMPO,5,Et4NBF4,0.1,1.0,1.5,MeCN:EtOAc=7:3,10.0,PENDING,PENDING,PENDING,0.0,54.11248897793818,14.252532154418276,1.4387324734148894,65.6332450043705,6.350651871897369,0.8097334388389585,1.8148943653770693,0.3763786593901485,3.344894365377069
1.0,4-acetamido-TEMPO,5,Et4NBF4,0.1,1.0,1.5,MeCN:EtOAc=6:4,10.0,PENDING,PENDING,PENDING,0.0,54.266459485155735,14.153055776757974,1.4406906416404341,65.8836210900767,6.306249641507817,0.8531580069652267,1.8154343101519412,0.3737102086959511,3.3454343101519415
1.0,4-acetamido-TEMPO,5,Et4NBF4,0.1,1.0,1.5,MeCN:EtOAc=5:5,10.0,PENDING,PENDING,PENDING,0.0,54.576338906958995,14.156096380931626,1.5000811250227573,66.48358987299125,6.3119534479758235,1.003162138863125,1.8068410903222523,0.37376816849308847,3.3368410903222525
1.0,4-acetamido-TEMPO,5,Et4NBF4,0.1,1.0,1.5,MeCN:EtOAc=4:6,10.0,PENDING,PENDING,PENDING,0.0,54.07973756991182,14.156662457559554,1.4072389068134865,65.26355815806642,6.30638651071202,0.7183724224629606,1.8062225303145156,0.3737979504254097,3.3362225303145157
1.0,4-acetamido-TEMPO,5,Et4NBF4,0.1,1.0,1.5,MeCN:EtOAc=3:7,10.0,PENDING,PENDING,PENDING,0.0,52.94700332078256,14.179600207105045,1.2177723672846779,65.08675167176703,6.322294774143923,0.6875398529178736,1.8682473188274162,0.3757662181198383,3.3982473188274165
1.0,4-acetamido-TEMPO,5,Et4NBF4,0.1,1.0,1.5,MeCN:EtOAc=2:8,10.0,PENDING,PENDING,PENDING,0.0,54.09463541072917,14.141811462670143,1.4060271793144414,65.6339345081719,6.301937716028554,0.7954289163096284,1.814446984453448,0.3734545511207696,3.344446984453448
1.0,4-acetamido-TEMPO,5,Et4NBF4,0.1,1.0,1.0,MeCN:EtOAc=7:3,10.0,PENDING,PENDING,PENDING,0.0,54.116764341990965,14.27921658600564,1.446648175759207,65.63307208990635,6.3623930519078655,0.8131890966111053,1.8150032018802782,0.3770833326583328,3.345003201880278
1.0,4-acetamido-TEMPO,5,Et4NBF4,0.1,1.0,1.0,MeCN:EtOAc=6:4,10.0,PENDING,PENDING,PENDING,0.0,54.26967392980747,14.1812431658785,1.4488461307678486,65.88158487356507,6.318677185810699,0.8564792169886581,1.8155398174334758,0.37445566752629394,3.345539817433476
1.0,4-acetamido-TEMPO,5,Et4NBF4,0.1,1.0,1.0,MeCN:EtOAc=5:5,10.0,PENDING,PENDING,PENDING,0.0,54.57726951734112,14.184216356285363,1.5079459365271628,66.47720059396461,6.3242860769888525,1.0055046872232065,1.8070110004084605,0.374512099335402,3.3370110004084603
1.0,4-acetamido-TEMPO,5,Et4NBF4,0.1,1.0,1.0,MeCN:EtOAc=4:6,10.0,PENDING,PENDING,PENDING,0.0,54.08452450871024,14.18475585780331,1.4155589576683125,65.26613420671272,6.318810789810938,0.7224108116160384,1.8063942743144192,0.3745410805465727,3.3363942743144195
1.0,4-acetamido-TEMPO,5,Et4NBF4,0.1,1.0,1.0,MeCN:EtOAc=3:7,10.0,PENDING,PENDING,PENDING,0.0,52.959874297349685,14.20739648907287,1.226711958056495,65.09057978592152,6.334456935456759,0.6916573769147065,1.867969849985368,0.3764788069410583,3.397969849985368
1.0,4-acetamido-TEMPO,5,Et4NBF4,0.1,1.0,1.0,MeCN:EtOAc=2:8,10.0,PENDING,PENDING,PENDING,0.0,54.099214419778164,14.170104479308902,1.4143629265205684,65.63376250229999,6.3143854066139165,0.7990789563609475,1.8145606713999096,0.3742017987419284,3.3445606713999094
1.0,4-acetamido-TEMPO,5,Et4NBF4,0.05,1.0,2.0,MeCN:EtOAc=7:3,10.0,PENDING,PENDING,PENDING,0.0,54.1383911445908,14.30619455394598,1.4578851026818507,65.53782928372418,6.374568787712685,0.7958280376117732,1.8114719149843288,0.3778436327085975,3.3414719149843286
1.0,4-acetamido-TEMPO,5,Et4NBF4,0.05,1.0,2.0,MeCN:EtOAc=6:4,10.0,PENDING,PENDING,PENDING,0.0,54.29086839469722,14.207666125866549,1.459909078135491,65.78405325644108,6.330824758053595,0.8377104343440473,1.8119546520833085,0.37519174678298717,3.3419546520833086
1.0,4-acetamido-TEMPO,5,Et4NBF4,0.05,1.0,2.0,MeCN:EtOAc=5:5,10.0,PENDING,PENDING,PENDING,0.0,54.59758947465353,14.219038192122799,1.5214070205722297,66.36940103202413,6.342150089616348,0.9832820128187332,1.8033509955219291,0.37546748187250123,3.333350995521929
1.0,4-acetamido-TEMPO,5,Et4NBF4,0.05,1.0,2.0,MeCN:EtOAc=4:6,10.0,PENDING,PENDING,PENDING,0.0,54.1067171744969,14.211683089022294,1.42678607749006,65.17259213351034,6.3306834525213995,0.7068687323332359,1.8028693911035019,0.375290966859254,3.332869391103502
1.0,4-acetamido-TEMPO,5,Et4NBF4,0.05,1.0,2.0,MeCN:EtOAc=3:7,10.0,PENDING,PENDING,PENDING,0.0,52.98717775323508,14.231277300206328,1.2370787180001308,64.9991898331954,6.345974741867318,0.6770292535966385,1.864272337091309,0.3771394815945751,3.394272337091309
1.0,4-acetamido-TEMPO,5,Et4NBF4,0.05,1.0,2.0,MeCN:EtOAc=2:8,10.0,PENDING,PENDING,PENDING,0.0,54.121601532749196,14.198684343150402,1.4260668497005078,65.53574727982479,6.327245331399549,0.7814644951494871,1.8109256484263763,0.3750065621565245,3.340925648426376
1.0,4-acetamido-TEMPO,5,Et4NBF4,0.05,1.0,1.5,MeCN:EtOAc=7:3,10.0,PENDING,PENDING,PENDING,0.0,54.134302317699586,14.279899383072722,1.4500840523488217,65.53731950336584,6.362994114959395,0.7923082750190864,1.8113375389919666,0.3771497683904777,3.341337538991967
1.0,4-acetamido-TEMPO,5,Et4NBF4,0.05,1.0,1.5,MeCN:EtOAc=6:4,10.0,PENDING,PENDING,PENDING,0.0,54.28783656751953,14.17986221680381,1.451866763005679,65.78538281244025,6.31856521588049,0.8343093857717994,1.8118230523689678,0.3744567996714836,3.3418230523689676
1.0,4-acetamido-TEMPO,5,Et4NBF4,0.05,1.0,1.5,MeCN:EtOAc=5:5,10.0,PENDING,PENDING,PENDING,0.0,54.59683228118503,14.19144405290848,1.5136950295419154,66.37497763295734,6.330079511935097,0.9808225384193414,1.8031542183555453,0.3747377433765936,3.3331542183555456
1.0,4-acetamido-TEMPO,5,Et4NBF4,0.05,1.0,1.5,MeCN:EtOAc=4:6,10.0,PENDING,PENDING,PENDING,0.0,54.10212527220894,14.183981720007832,1.4185796677643543,65.16935179892259,6.318422712020447,0.7027918176516106,1.8026721703797841,0.37455857364541467,3.332672170379784
1.0,4-acetamido-TEMPO,5,Et4NBF4,0.05,1.0,1.5,MeCN:EtOAc=3:7,10.0,PENDING,PENDING,PENDING,0.0,52.97455326882025,14.203821551296244,1.228228082658764,64.99471896492318,6.333969587950585,0.67288165146337,1.864522551534594,0.3764360896487726,3.3945225515345943
1.0,4-acetamido-TEMPO,5,Et4NBF4,0.05,1.0,1.5,MeCN:EtOAc=2:8,10.0,PENDING,PENDING,PENDING,0.0,54.117218643993795,14.170811124308214,1.4178513994487987,65.53520850180728,6.314976500084727,0.7777524742798552,1.8107853571414707,0.3742709590439369,3.3407853571414705
1.0,4-acetamido-TEMPO,5,Et4NBF4,0.05,1.0,1.0,MeCN:EtOAc=7:3,10.0,PENDING,PENDING,PENDING,0.0,54.1383911445908,14.30619455394598,1.4578851026818507,65.53782928372418,6.374568787712685,0.7958280376117732,1.8114719149843288,0.3778436327085975,3.3414719149843286
1.0,4-acetamido-TEMPO,5,Et4NBF4,0.05,1.0,1.0,MeCN:EtOAc=6:4,10.0,PENDING,PENDING,PENDING,0.0,54.29086839469722,14.207666125866549,1.459909078135491,65.78405325644108,6.330824758053595,0.8377104343440473,1.8119546520833085,0.37519174678298717,3.3419546520833086
1.0,4-acetamido-TEMPO,5,Et4NBF4,0.05,1.0,1.0,MeCN:EtOAc=5:5,10.0,PENDING,PENDING,PENDING,0.0,54.59758947465353,14.219038192122799,1.5214070205722297,66.36940103202413,6.342150089616348,0.9832820128187332,1.8033509955219291,0.37546748187250123,3.333350995521929
1.0,4-acetamido-TEMPO,5,Et4NBF4,0.05,1.0,1.0,MeCN:EtOAc=4:6,10.0,PENDING,PENDING,PENDING,0.0,54.1067171744969,14.211683089022294,1.42678607749006,65.17259213351034,6.3306834525213995,0.7068687323332359,1.8028693911035019,0.375290966859254,3.332869391103502
1.0,4-acetamido-TEMPO,5,Et4NBF4,0.05,1.0,1.0,MeCN:EtOAc=3:7,10.0,PENDING,PENDING,PENDING,0.0,52.98717775323508,14.231277300206328,1.2370787180001308,64.9991898331954,6.345974741867318,0.6770292535966385,1.864272337091309,0.3771394815945751,3.394272337091309
1.0,4-acetamido-TEMPO,5,Et4NBF4,0.05,1.0,1.0,MeCN:EtOAc=2:8,10.0,PENDING,PENDING,PENDING,0.0,54.121601532749196,14.198684343150402,1.4260668497005078,65.53574727982479,6.327245331399549,0.7814644951494871,1.8109256484263763,0.3750065621565245,3.340925648426376
1.0,TEMPO,10,n-Bu4NClO4,0.1,1.0,1.5,MeCN:EtOAc=6:4,10.0,56.6,64.7,1.79,-1.0,56.45154786272383,2.098643348309974,1.2576447364237317e-07,64.92109057951255,1.116723491835956,6.106631212638633e-08,1.7890118276453923,0.06107122293092997,3.3190118276453924
1.0,TEMPO,10,n-Bu4NClO4,0.1,1.0,1.5,MeCN:EtOAc=5:5,10.0,58.3,67.0,1.73,-1.0,57.47703735282266,2.1033163233384813,1.6096112598417721e-06,66.62966645024002,1.1484504687391266,0.00011177086285426869,1.7605503970506131,0.06128976996053811,3.2905503970506134
1.0,TEMPO,10,Et4NOAc,0.1,1.0,1.5,MeCN:EtOAc=4:6,10.0,48.8,62.3,1.86,-1.0,49.51976627297509,2.1810800645930186,2.1313536444261869e-16,63.05529605833208,1.1427988208206732,6.128130276627604e-12,1.843173745219893,0.06436006359039173,3.3731737452198933
1.0,TEMPO,10,Et4NClO4,0.1,1.0,1.5,MeCN:EtOAc=3:7,10.0,43.3,61.5,2.17,-1.0,44.55838054561636,2.1041224141644608,2.3931762791150924e-27,61.62832023368359,1.1143846731516802,1.158852262719945e-16,2.1213595954804543,0.06297845057285138,3.6513595954804545
1.0,4-hydroxy-TEMPO,10,n-Bu4NOAc,0.2,1.0,1.5,MeCN:EtOAc=5:5,10.0,55.6,70.5,1.79,-1.0,55.65891040319284,2.2455428951355825,1.1627507774332198e-07,70.09226223064515,1.2017837647099814,0.3029058542718949,1.776362235586142,0.06708187961059194,3.3063622355861417
1.0,4-hydroxy-TEMPO,10,n-Bu4NBF4,0.1,1.0,1.5,MeCN:EtOAc=4:6,10.0,66.9,66.4,1.53,-1.0,66.10129437307225,2.3441738341640077,0.5896011216747052,66.29678529160498,1.1618532365257759,4.2281477758297575e-05,1.566347386473887,0.06844042526915152,3.0963473864738873
1.0,4-hydroxy-TEMPO,10,Et4NOAc,0.1,1.0,1.5,MeCN:EtOAc=6:4,10.0,54.6,68.7,1.77,-1.0,54.42695582668844,2.14214548776607,1.010055395344854e-09,67.9381834098591,1.1333657351330777,0.004657693172287505,1.769086358021863,0.0635737242390079,3.299086358021863
1.0,4-hydroxy-TEMPO,10,Et4NClO4,0.1,1.0,1.5,MeCN:EtOAc=3:7,10.0,49.3,63.5,1.99,-1.0,49.11496854657262,2.0979808380932528,2.779726230129351e-18,64.0297365290852,1.1122165821325891,5.415646333979195e-10,2.0038213876207345,0.06297948070821832,3.5338213876207343
